timestamp,PointerPosition,SubState,missionName,lastMissionState,missionEvent
15:46:49:2711,"(0.00, 0.00)",,W-2_S-1,,nextMission
15:46:52:2102,"(0.00, 0.00)",,,,
15:46:52:3436,"(0.00, 0.00)",,,,
15:46:52:3678,"(0.00, 0.00)",,,,
15:46:52:3886,"(0.00, 0.00)",,,,
15:46:52:4009,"(0.00, 0.00)",,,,
15:46:52:4090,"(0.00, 0.00)",,,,
15:46:52:4170,"(0.00, 0.00)",,,,
15:46:52:4249,"(0.00, 0.00)",,,,
15:46:52:4325,"(0.00, 0.00)",,,,
15:46:52:4411,"(0.00, 0.00)",,,,
15:46:52:4496,"(0.00, 0.00)",,,,
15:46:52:4572,"(0.00, 0.00)",,,,
15:46:52:4658,"(0.00, 0.00)",,,,
15:46:52:4735,"(0.00, 0.00)",,,,
15:46:52:4826,"(0.00, 0.00)",,,,
15:46:52:4905,"(0.00, 0.00)",,,,
15:46:52:4996,"(0.00, 0.00)",,,,
15:46:52:5092,"(0.00, 0.00)",,,,
15:46:52:5166,"(0.00, 0.00)",,,,
15:46:52:5273,"(0.00, 0.00)",,,,
15:46:52:5612,"(0.00, 0.00)",,,,
15:46:52:5699,"(0.00, 0.00)",,,,
15:46:52:5825,"(0.00, 0.00)",,,,
15:46:52:5951,"(0.00, 0.00)",,,,
15:46:52:6089,"(0.00, 0.00)",,,,
15:46:52:6221,"(0.00, 0.00)",,,,
15:46:52:6333,"(0.00, 0.00)",,,,
15:46:52:6469,"(0.00, 0.00)",,,,
15:46:52:6591,"(0.00, 0.00)",,,,
15:46:52:6736,"(0.00, 0.00)",,,,
15:46:52:6860,"(0.00, 0.00)",,,,
15:46:52:6990,"(0.00, 0.00)",,,,
15:46:52:7142,"(0.00, 0.00)",,,,
15:46:52:7266,"(0.00, 0.00)",,,,
15:46:52:7377,"(0.00, 0.00)",,,,
15:46:52:7509,"(0.00, 0.00)",,,,
15:46:52:7656,"(0.00, 0.00)",,,,
15:46:52:7787,"(0.00, 0.00)",,,,
15:46:52:7899,"(0.00, 0.00)",,,,
15:46:52:8041,"(0.00, 0.00)",,,,
15:46:52:8138,"(0.00, 0.00)",,,,
15:46:52:8215,"(0.00, 0.00)",,,,
15:46:52:8285,"(0.00, 0.00)",,,,
15:46:52:8391,"(0.00, 0.00)",,,,
15:46:52:8482,"(0.00, 0.00)",,,,
15:46:52:8566,"(0.00, 0.00)",,,,
15:46:52:8646,"(0.00, 0.00)",,,,
15:46:52:8727,"(0.00, 0.00)",,,,
15:46:52:8809,"(0.00, 0.00)",,,,
15:46:52:8885,"(0.00, 0.00)",,,,
15:46:52:8971,"(0.00, 0.00)",,,,
15:46:52:9047,"(0.00, 0.00)",,,,
15:46:52:9126,"(0.00, 0.00)",,,,
15:46:52:9216,"(0.00, 0.00)",,,,
15:46:52:9280,"(0.00, 0.00)",,,,
15:46:52:9376,"(0.00, 0.00)",,,,
15:46:52:9451,"(0.00, 0.00)",,,,
15:46:52:9526,"(0.00, 0.00)",,,,
15:46:52:9609,"(0.00, 0.00)",,,,
15:46:52:9689,"(0.00, 0.00)",,,,
15:46:52:9765,"(0.00, 0.00)",,,,
15:46:52:9845,"(0.00, 0.00)",,,,
15:46:52:9941,"(0.00, 0.00)",,,,
15:46:53:0043,"(0.00, 0.00)",,,,
15:46:53:0113,"(0.00, 0.00)",,,,
15:46:53:0189,"(0.00, 0.00)",,,,
15:46:53:0280,"(0.00, 0.00)",,,,
15:46:53:0357,"(0.00, 0.00)",,,,
15:46:53:0434,"(0.00, 0.00)",,,,
15:46:53:0511,"(0.00, 0.00)",,,,
15:46:53:0609,"(0.00, 0.00)",,,,
15:46:53:0684,"(0.00, 0.00)",,,,
15:46:53:0756,"(0.00, 0.00)",,,,
15:46:53:0843,"(0.00, 0.00)",,,,
15:46:53:0908,"(0.00, 0.00)",,,,
15:46:53:1001,"(0.00, 0.00)",,,,
15:46:53:1072,"(0.00, 0.00)",,,,
15:46:53:1148,"(0.00, 0.00)",,,,
15:46:53:1223,"(0.00, 0.00)",,,,
15:46:53:1301,"(0.00, 0.00)",,,,
15:46:53:1387,"(0.00, 0.00)",,,,
15:46:53:1469,"(0.00, 0.00)",,,,
15:46:53:1558,"(0.00, 0.00)",,,,
15:46:53:1629,"(0.00, 0.00)",,,,
15:46:53:1707,"(0.00, 0.00)",,,,
15:46:53:1793,"(0.00, 0.00)",,,,
15:46:53:1869,"(0.00, 0.00)",,,,
15:46:53:1965,"(0.00, 0.00)",,,,
15:46:53:2051,"(0.00, 0.00)",,,,
15:46:53:2132,"(0.00, 0.00)",,,,
15:46:53:2225,"(0.00, 0.00)",,,,
15:46:53:2302,"(0.00, 0.00)",,,,
15:46:53:2391,"(0.00, 0.00)",,,,
15:46:53:2474,"(0.00, 0.00)",,,,
15:46:53:2565,"(0.00, 0.00)",,,,
15:46:53:2669,"(0.00, 0.00)",,,,
15:46:53:2765,"(0.00, 0.00)",,,,
15:46:53:2863,"(0.00, 0.00)",,,,
15:46:53:2954,"(0.00, 0.00)",,,,
15:46:53:3053,"(0.00, 0.00)",,,,
15:46:53:3227,"(0.00, 0.00)",,,,
15:46:53:3366,"(0.00, 0.00)",,,,
15:46:53:3519,"(0.00, 0.00)",,,,
15:46:53:3658,"(0.00, 0.00)",,,,
15:46:53:3796,"(0.00, 0.00)",,,,
15:46:53:3953,"(0.00, 0.00)",,,,
15:46:53:4078,"(0.00, 0.00)",,,,
15:46:53:4202,"(0.00, 0.00)",,,,
15:46:53:4356,"(0.00, 0.00)",,,,
15:46:53:4512,"(0.00, 0.00)",,,,
15:46:53:4641,"(0.00, 0.00)",,,,
15:46:53:4793,"(0.00, 0.00)",,,,
15:46:53:4929,"(0.00, 0.00)",,,,
15:46:53:5083,"(0.00, 0.00)",,,,
15:46:53:5225,"(0.00, 0.00)",,,,
15:46:53:5378,"(0.00, 0.00)",,,,
15:46:53:5537,"(0.00, 0.00)",,,,
15:46:53:5697,"(0.00, 0.00)",,,,
15:46:53:5894,"(0.00, 0.00)",,,,
15:46:53:6135,"(0.00, 0.00)",,,,
15:46:53:6378,"(0.00, 0.00)",,,,
15:46:53:6617,"(0.00, 0.00)",,,,
15:46:53:6878,"(0.00, 0.00)",,,,
15:46:53:7203,"(0.00, 0.00)",,,,
15:46:53:7708,"(0.00, 0.00)",,,,
15:46:53:8081,"(0.00, 0.00)",,,,
15:46:53:8425,"(0.00, 0.00)",,,,
15:46:53:8756,"(0.00, 0.00)",,,,
15:46:53:9228,"(0.00, 0.00)",,,,
15:46:53:9460,"(0.00, 0.00)",,,,
15:46:53:9681,"(0.00, 0.00)",,,,
15:46:53:9918,"(0.00, 0.00)",,,,
15:46:54:0166,"(0.00, 0.00)",,,,
15:46:54:0366,"(0.00, 0.00)",,,,
15:46:54:0569,"(0.00, 0.00)",,,,
15:46:54:0773,"(0.00, 0.00)",,,,
15:46:54:0978,"(0.00, 0.00)",,,,
15:46:54:1130,"(0.00, 0.00)",,,,
15:46:54:1288,"(0.00, 0.00)",,,,
15:46:54:1436,"(0.00, 0.00)",,,,
15:46:54:1586,"(0.00, 0.00)",,,,
15:46:54:1779,"(0.00, 0.00)",,,,
15:46:54:1937,"(0.00, 0.00)",,,,
15:46:54:2088,"(0.00, 0.00)",,,,
15:46:54:2246,"(0.00, 0.00)",,,,
15:46:54:2401,"(0.00, 0.00)",,,,
15:46:54:2525,"(0.00, 0.00)",,,,
15:46:54:2676,"(0.00, 0.00)",,,,
15:46:54:2831,"(0.00, 0.00)",,,,
15:46:54:2968,"(0.00, 0.00)",,,,
15:46:54:3110,"(0.00, 0.00)",,,,
15:46:54:3283,"(0.00, 0.00)",,,,
15:46:54:3441,"(0.00, 0.00)",,,,
15:46:54:3600,"(0.00, 0.00)",,,,
15:46:54:3809,"(0.00, 0.00)",,,,
15:46:54:3958,"(0.00, 0.00)",,,,
15:46:54:4103,"(0.00, 0.00)",,,,
15:46:54:4263,"(0.00, 0.00)",,,,
15:46:54:4394,"(0.00, 0.00)",,,,
15:46:54:4551,"(0.00, 0.00)",,,,
15:46:54:4693,"(0.00, 0.00)",,,,
15:46:54:4860,"(0.00, 0.00)",,,,
15:46:54:4991,"(0.00, 0.00)",,,,
15:46:54:5141,"(0.00, 0.00)",,,,
15:46:54:5298,"(0.00, 0.00)",,,,
15:46:54:5408,"(0.00, 0.00)",,,,
15:46:54:5542,"(0.00, 0.00)",,,,
15:46:54:5643,"(0.00, 0.00)",,,,
15:46:54:5749,"(0.00, 0.00)",,,,
15:46:54:5845,"(0.00, 0.00)",,,,
15:46:54:5997,"(0.00, 0.00)",,,,
15:46:54:6184,"(0.00, 0.00)",,,,
15:46:54:6337,"(0.00, 0.00)",,,,
15:46:54:6525,"(0.00, 0.00)",,,,
15:46:54:6672,"(0.00, 0.00)",,,,
15:46:54:6831,"(0.00, 0.00)",,,,
15:46:54:6982,"(0.00, 0.00)",,,,
15:46:54:7139,"(0.00, 0.00)",,,,
15:46:54:7291,"(0.00, 0.00)",,,,
15:46:54:7437,"(0.00, 0.00)",,,,
15:46:54:7590,"(0.00, 0.00)",,,,
15:46:54:7727,"(0.00, 0.00)",,,,
15:46:54:7861,"(0.00, 0.00)",,,,
15:46:54:8007,"(0.00, 0.00)",,,,
15:46:54:8165,"(0.00, 0.00)",,,,
15:46:54:8344,"(0.00, 0.00)",,,,
15:46:54:8524,"(0.00, 0.00)",,,,
15:46:54:8702,"(0.00, 0.00)",,,,
15:46:54:8885,"(0.00, 0.00)",,,,
15:46:54:9062,"(0.00, 0.00)",,,,
15:46:54:9252,"(0.00, 0.00)",,,,
15:46:54:9445,"(0.00, 0.00)",,,,
15:46:54:9635,"(0.00, 0.00)",,,,
15:46:54:9809,"(0.00, 0.00)",,,,
15:46:54:9980,"(0.00, 0.00)",,,,
15:46:55:0165,"(0.00, 0.00)",,,,
15:46:55:0356,"(0.00, 0.00)",,,,
15:46:55:0519,"(0.00, 0.00)",,,,
15:46:55:0695,"(0.00, 0.00)",,,,
15:46:55:0864,"(0.00, 0.00)",,,,
15:46:55:1039,"(0.00, 0.00)",,,,
15:46:55:1225,"(0.00, 0.00)",,,,
15:46:55:1314,"(0.00, 0.00)",,,,
15:46:55:1410,"(0.00, 0.00)",,,,
15:46:55:1496,"(0.00, 0.00)",,,,
15:46:55:1597,"(0.00, 0.00)",,,,
15:46:55:1744,"(0.00, 0.00)",,,,
15:46:55:1857,"(0.00, 0.00)",,,,
15:46:55:1989,"(0.00, 0.00)",,,,
15:46:55:2097,"(0.00, 0.00)",,,,
15:46:55:2195,"(0.00, 0.00)",,,,
15:46:55:2312,"(0.00, 0.00)",,,,
15:46:55:2411,"(0.00, 0.00)",,,,
15:46:55:2569,"(0.00, 0.00)",,,,
15:46:55:2666,"(0.00, 0.00)",,,,
15:46:55:2782,"(0.00, 0.00)",,,,
15:46:55:2895,"(0.00, 0.00)",,,,
15:46:55:3006,"(0.00, 0.00)",,,,
15:46:55:3129,"(0.00, 0.00)",,,,
15:46:55:3235,"(0.00, 0.00)",,,,
15:46:55:3337,"(0.00, 0.00)",,,,
15:46:55:3443,"(0.00, 0.00)",,,,
15:46:55:3549,"(0.00, 0.00)",,,,
15:46:55:3645,"(0.00, 0.00)",,,,
15:46:55:3756,"(0.00, 0.00)",,,,
15:46:55:3862,"(0.00, 0.00)",,,,
15:46:55:3968,"(0.00, 0.00)",,,,
15:46:55:4071,"(0.00, 0.00)",,,,
15:46:55:4166,"(0.00, 0.00)",,,,
15:46:55:4262,"(0.00, 0.00)",,,,
15:46:55:4363,"(0.00, 0.00)",,,,
15:46:55:4476,"(0.00, 0.00)",,,,
15:46:55:4588,"(0.00, 0.00)",,,,
15:46:55:4673,"(0.00, 0.00)",,,,
15:46:55:4751,"(0.00, 0.00)",,,,
15:46:55:4836,"(0.00, 0.00)",,,,
15:46:55:4917,"(0.00, 0.00)",,,,
15:46:55:5001,"(0.00, 0.00)",,,,
15:46:55:5091,"(0.00, 0.00)",,,,
15:46:55:5221,"(0.00, 0.00)",,,,
15:46:55:5318,"(0.00, 0.00)",,,,
15:46:55:5416,"(0.00, 0.00)",,,,
15:46:55:5514,"(0.00, 0.00)",,,,
15:46:55:5627,"(0.00, 0.00)",,,,
15:46:55:5749,"(0.00, 0.00)",,,,
15:46:55:5821,"(0.00, 0.00)",,,,
15:46:55:5913,"(0.00, 0.00)",,,,
15:46:55:5993,"(0.00, 0.00)",,,,
15:46:55:6109,"(0.00, 0.00)",,,,
15:46:55:6231,"(0.00, 0.00)",,,,
15:46:55:6342,"(0.00, 0.00)",,,,
15:46:55:6478,"(0.00, 0.00)",,,,
15:46:55:6594,"(0.00, 0.00)",,,,
15:46:55:6731,"(0.00, 0.00)",,,,
15:46:55:6863,"(0.00, 0.00)",,,,
15:46:55:7029,"(0.00, 0.00)",,,,
15:46:55:7155,"(0.00, 0.00)",,,,
15:46:55:7317,"(0.00, 0.00)",,,,
15:46:55:7453,"(0.00, 0.00)",,,,
15:46:55:7565,"(0.00, 0.00)",,,,
15:46:55:7680,"(0.00, 0.00)",,,,
15:46:55:7823,"(0.00, 0.00)",,,,
15:46:55:7946,"(0.00, 0.00)",,,,
15:46:55:8054,"(0.00, 0.00)",,,,
15:46:55:8169,"(0.00, 0.00)",,,,
15:46:55:8323,"(0.00, 0.00)",,,,
15:46:55:8473,"(0.00, 0.00)",,,,
15:46:55:8670,"(0.00, 0.00)",,,,
15:46:55:8827,"(0.00, 0.00)",,,,
15:46:55:9016,"(0.00, 0.00)",,,,
15:46:55:9228,"(0.00, 0.00)",,,,
15:46:55:9340,"(0.00, 0.00)",,,,
15:46:55:9436,"(0.00, 0.00)",,,,
15:46:55:9558,"(0.00, 0.00)",,,,
15:46:55:9672,"(0.00, 0.00)",,,,
15:46:55:9762,"(0.00, 0.00)",,,,
15:46:55:9882,"(0.00, 0.00)",,,,
15:46:55:9998,"(0.00, 0.00)",,,,
15:46:56:0086,"(0.00, 0.00)",,,,
15:46:56:0198,"(0.00, 0.00)",,,,
15:46:56:0316,"(0.00, 0.00)",,,,
15:46:56:0429,"(0.00, 0.00)",,,,
15:46:56:0517,"(0.00, 0.00)",,,,
15:46:56:0602,"(0.00, 0.00)",,,,
15:46:56:0713,"(0.00, 0.00)",,,,
15:46:56:0836,"(0.00, 0.00)",,,,
15:46:56:0975,"(0.00, 0.00)",,,,
15:46:56:1081,"(0.00, 0.00)",,,,
15:46:56:1185,"(0.00, 0.00)",,,,
15:46:56:1304,"(0.00, 0.00)",,,,
15:46:56:1426,"(0.00, 0.00)",,,,
15:46:56:1517,"(0.00, 0.00)",,,,
15:46:56:1617,"(0.00, 0.00)",,,,
15:46:56:1727,"(0.00, 0.00)",,,,
15:46:56:1813,"(0.00, 0.00)",,,,
15:46:56:1909,"(0.00, 0.00)",,,,
15:46:56:2015,"(0.00, 0.00)",,,,
15:46:56:2101,"(0.00, 0.00)",,,,
15:46:56:2197,"(0.00, 0.00)",,,,
15:46:56:2312,"(0.00, 0.00)",,,,
15:46:56:2397,"(0.00, 0.00)",,,,
15:46:56:2493,"(0.00, 0.00)",,,,
15:46:56:2578,"(0.00, 0.00)",,,,
15:46:56:2676,"(0.00, 0.00)",,,,
15:46:56:2773,"(0.00, 0.00)",,,,
15:46:56:2870,"(0.00, 0.00)",,,,
15:46:56:2953,"(0.00, 0.00)",,,,
15:46:56:3069,"(0.00, 0.00)",,,,
15:46:56:3168,"(0.00, 0.00)",,,,
15:46:56:3264,"(0.00, 0.00)",,,,
15:46:56:3361,"(0.00, 0.00)",,,,
15:46:56:3464,"(0.00, 0.00)",,,,
15:46:56:3580,"(0.00, 0.00)",,,,
15:46:56:3673,"(0.00, 0.00)",,,,
15:46:56:3755,"(0.00, 0.00)",,,,
15:46:56:3835,"(0.00, 0.00)",,,,
15:46:56:3926,"(0.00, 0.00)",,,,
15:46:56:4014,"(0.00, 0.00)",,,,
15:46:56:4129,"(0.00, 0.00)",,,,
15:46:56:4225,"(0.00, 0.00)",,,,
15:46:56:4303,"(0.00, 0.00)",,,,
15:46:56:4388,"(0.00, 0.00)",,,,
15:46:56:4473,"(0.00, 0.00)",,,,
15:46:56:4562,"(0.00, 0.00)",,,,
15:46:56:4641,"(0.00, 0.00)",,,,
15:46:56:4727,"(0.00, 0.00)",,,,
15:46:56:4822,"(0.00, 0.00)",,,,
15:46:56:4899,"(0.00, 0.00)",,,,
15:46:56:4995,"(0.00, 0.00)",,,,
15:46:56:5091,"(0.00, 0.00)",,,,
15:46:56:5174,"(0.00, 0.00)",,,,
15:46:56:5279,"(0.00, 0.00)",,,,
15:46:56:5363,"(0.00, 0.00)",,,,
15:46:56:5454,"(0.00, 0.00)",,,,
15:46:56:5541,"(0.00, 0.00)",,,,
15:46:56:5650,"(0.00, 0.00)",,,,
15:46:56:5732,"(0.00, 0.00)",,,,
15:46:56:5828,"(0.00, 0.00)",,,,
15:46:56:5920,"(0.00, 0.00)",,,,
15:46:56:5996,"(0.00, 0.00)",,,,
15:46:56:6154,"(0.00, 0.00)",,,,
15:46:56:6306,"(0.00, 0.00)",,,,
15:46:56:6446,"(0.00, 0.00)",,,,
15:46:56:6600,"(0.00, 0.00)",,,,
15:46:56:6725,"(0.00, 0.00)",,,,
15:46:56:6852,"(0.00, 0.00)",,,,
15:46:56:6995,"(0.00, 0.00)",,,,
15:46:56:7126,"(0.00, 0.00)",,,,
15:46:56:7255,"(0.00, 0.00)",,,,
15:46:56:7403,"(0.00, 0.00)",,,,
15:46:56:7560,"(0.00, 0.00)",,,,
15:46:56:7677,"(0.00, 0.00)",,,,
15:46:56:7816,"(0.00, 0.00)",,,,
15:46:56:7938,"(0.00, 0.00)",,,,
15:46:56:8065,"(0.00, 0.00)",,,,
15:46:56:8196,"(0.00, 0.00)",,,,
15:46:56:8327,"(0.00, 0.00)",,,,
15:46:56:8463,"(0.00, 0.00)",,,,
15:46:56:8624,"(0.00, 0.00)",,,,
15:46:56:8770,"(0.00, 0.00)",,,,
15:46:56:8906,"(0.00, 0.00)",,,,
15:46:56:9049,"(0.00, 0.00)",,,,
15:46:56:9185,"(0.00, 0.00)",,,,
15:46:56:9332,"(0.00, 0.00)",,,,
15:46:56:9458,"(0.00, 0.00)",,,,
15:46:56:9589,"(0.00, 0.00)",,,,
15:46:56:9730,"(0.00, 0.00)",,,,
15:46:56:9866,"(0.00, 0.00)",,,,
15:46:57:0002,"(0.00, 0.00)",,,,
15:46:57:0132,"(0.00, 0.00)",,,,
15:46:57:0267,"(0.00, 0.00)",,,,
15:46:57:0413,"(0.00, 0.00)",,,,
15:46:57:0553,"(0.00, 0.00)",,,,
15:46:57:0674,"(0.00, 0.00)",,,,
15:46:57:0809,"(0.00, 0.00)",,,,
15:46:57:0909,"(0.00, 0.00)",,,,
15:46:57:1004,"(0.00, 0.00)",,,,
15:46:57:1126,"(0.00, 0.00)",,,,
15:46:57:1259,"(0.00, 0.00)",,,,
15:46:57:1379,"(0.00, 0.00)",,,,
15:46:57:1497,"(0.00, 0.00)",,,,
15:46:57:1629,"(0.00, 0.00)",,,,
15:46:57:1740,"(0.00, 0.00)",,,,
15:46:57:1843,"(0.00, 0.00)",,,,
15:46:57:1959,"(0.00, 0.00)",,,,
15:46:57:2066,"(0.00, 0.00)",,,,
15:46:57:2186,"(0.00, 0.00)",,,,
15:46:57:2304,"(0.00, 0.00)",,,,
15:46:57:2481,"(0.00, 0.00)",,,,
15:46:57:2592,"(0.00, 0.00)",,,,
15:46:57:2697,"(0.00, 0.00)",,,,
15:46:57:2804,"(0.00, 0.00)",,,,
15:46:57:2916,"(0.00, 0.00)",,,,
15:46:57:3026,"(0.00, 0.00)",,,,
15:46:57:3143,"(0.00, 0.00)",,,,
15:46:57:3244,"(0.00, 0.00)",,,,
15:46:57:3342,"(0.00, 0.00)",,,,
15:46:57:3455,"(0.00, 0.00)",,,,
15:46:57:3558,"(0.00, 0.00)",,,,
15:46:57:3645,"(0.00, 0.00)",,,,
15:46:57:3741,"(0.00, 0.00)",,,,
15:46:57:3840,"(0.00, 0.00)",,,,
15:46:57:3952,"(0.00, 0.00)",,,,
15:46:57:4067,"(0.00, 0.00)",,,,
15:46:57:4177,"(0.00, 0.00)",,,,
15:46:57:4296,"(0.00, 0.00)",,,,
15:46:57:4411,"(0.00, 0.00)",,,,
15:46:57:4528,"(0.00, 0.00)",,,,
15:46:57:4653,"(0.00, 0.00)",,,,
15:46:57:4759,"(0.00, 0.00)",,,,
15:46:57:4862,"(0.00, 0.00)",,,,
15:46:57:4984,"(0.00, 0.00)",,,,
15:46:57:5101,"(0.00, 0.00)",,,,
15:46:57:5211,"(0.00, 0.00)",,,,
15:46:57:5324,"(0.00, 0.00)",,,,
15:46:57:5435,"(0.00, 0.00)",,,,
15:46:57:5538,"(0.00, 0.00)",,,,
15:46:57:5650,"(0.00, 0.00)",,,,
15:46:57:5778,"(0.00, 0.00)",,,,
15:46:57:5885,"(0.00, 0.00)",,,,
15:46:57:5991,"(0.00, 0.00)",,,,
15:46:57:6111,"(0.00, 0.00)",,,,
15:46:57:6266,"(0.00, 0.00)",,,,
15:46:57:6414,"(0.00, 0.00)",,,,
15:46:57:6586,"(0.00, 0.00)",,,,
15:46:57:6781,"(0.00, 0.00)",,,,
15:46:57:6912,"(0.00, 0.00)",,,,
15:46:57:7054,"(0.00, 0.00)",,,,
15:46:57:7181,"(0.00, 0.00)",,,,
15:46:57:7307,"(0.00, 0.00)",,,,
15:46:57:7438,"(0.00, 0.00)",,,,
15:46:57:7574,"(0.00, 0.00)",,,,
15:46:57:7720,"(0.00, 0.00)",,,,
15:46:57:7870,"(0.00, 0.00)",,,,
15:46:57:8006,"(0.00, 0.00)",,,,
15:46:57:8137,"(0.00, 0.00)",,,,
15:46:57:8253,"(0.00, 0.00)",,,,
15:46:57:8374,"(0.00, 0.00)",,,,
15:46:57:8529,"(0.00, 0.00)",,,,
15:46:57:8670,"(0.00, 0.00)",,,,
15:46:57:8777,"(0.00, 0.00)",,,,
15:46:57:8878,"(0.00, 0.00)",,,,
15:46:57:8966,"(0.00, 0.00)",,,,
15:46:57:9048,"(0.00, 0.00)",,,,
15:46:57:9149,"(0.00, 0.00)",,,,
15:46:57:9247,"(0.00, 0.00)",,,,
15:46:57:9332,"(0.00, 0.00)",,,,
15:46:57:9413,"(0.00, 0.00)",,,,
15:46:57:9512,"(0.00, 0.00)",,,,
15:46:57:9609,"(0.00, 0.00)",,,,
15:46:57:9692,"(0.00, 0.00)",,,,
15:46:57:9813,"(0.00, 0.00)",,,,
15:46:57:9894,"(0.00, 0.00)",,,,
15:46:57:9987,"(0.00, 0.00)",,,,
15:46:58:0078,"(0.00, 0.00)",,,,
15:46:58:0158,"(0.00, 0.00)",,,,
15:46:58:0259,"(0.00, 0.00)",,,,
15:46:58:0351,"(0.00, 0.00)",,,,
15:46:58:0447,"(0.00, 0.00)",,,,
15:46:58:0549,"(0.00, 0.00)",,,,
15:46:58:0633,"(0.00, 0.00)",,,,
15:46:58:0720,"(0.00, 0.00)",,,,
15:46:58:0804,"(0.00, 0.00)",,,,
15:46:58:0891,"(0.00, 0.00)",,,,
15:46:58:0974,"(0.00, 0.00)",,,,
15:46:58:1062,"(0.00, 0.00)",,,,
15:46:58:1155,"(0.00, 0.00)",,,,
15:46:58:1254,"(0.00, 0.00)",,,,
15:46:58:1351,"(0.00, 0.00)",,,,
15:46:58:1447,"(0.00, 0.00)",,,,
15:46:58:1547,"(0.00, 0.00)",,,,
15:46:58:1629,"(0.00, 0.00)",,,,
15:46:58:1728,"(0.00, 0.00)",,,,
15:46:58:1810,"(0.00, 0.00)",,,,
15:46:58:1898,"(0.00, 0.00)",,,,
15:46:58:1995,"(0.00, 0.00)",,,,
15:46:58:2071,"(0.00, 0.00)",,,,
15:46:58:2170,"(0.00, 0.00)",,,,
15:46:58:2272,"(0.00, 0.00)",,,,
15:46:58:2359,"(0.00, 0.00)",,,,
15:46:58:2450,"(0.00, 0.00)",,,,
15:46:58:2537,"(0.00, 0.00)",,,,
15:46:58:2639,"(0.00, 0.00)",,,,
15:46:58:2725,"(0.00, 0.00)",,,,
15:46:58:2826,"(0.00, 0.00)",,,,
15:46:58:2949,"(0.00, 0.00)",,,,
15:46:58:3047,"(0.00, 0.00)",,,,
15:46:58:3133,"(0.00, 0.00)",,,,
15:46:58:3238,"(0.00, 0.00)",,,,
15:46:58:3310,"(0.00, 0.00)",,,,
15:46:58:3408,"(0.00, 0.00)",,,,
15:46:58:3498,"(0.00, 0.00)",,,,
15:46:58:3587,"(0.00, 0.00)",,,,
15:46:58:3683,"(0.00, 0.00)",,,,
15:46:58:3760,"(0.00, 0.00)",,,,
15:46:58:3867,"(0.00, 0.00)",,,,
15:46:58:3957,"(0.00, 0.00)",,,,
15:46:58:4054,"(0.00, 0.00)",,,,
15:46:58:4135,"(0.00, 0.00)",,,,
15:46:58:4232,"(0.00, 0.00)",,,,
15:46:58:4326,"(0.00, 0.00)",,,,
15:46:58:4403,"(0.00, 0.00)",,,,
15:46:58:4506,"(0.00, 0.00)",,,,
15:46:58:4608,"(0.00, 0.00)",,,,
15:46:58:4691,"(0.00, 0.00)",,,,
15:46:58:4783,"(0.00, 0.00)",,,,
15:46:58:4874,"(0.00, 0.00)",,,,
15:46:58:4965,"(0.00, 0.00)",,,,
15:46:58:5053,"(0.00, 0.00)",,,,
15:46:58:5150,"(0.00, 0.00)",,,,
15:46:58:5243,"(0.00, 0.00)",,,,
15:46:58:5329,"(0.00, 0.00)",,,,
15:46:58:5427,"(0.00, 0.00)",,,,
15:46:58:5518,"(0.00, 0.00)",,,,
15:46:58:5616,"(0.00, 0.00)",,,,
15:46:58:5713,"(0.00, 0.00)",,,,
15:46:58:5800,"(0.00, 0.00)",,,,
15:46:58:5896,"(0.00, 0.00)",,,,
15:46:58:5991,"(0.00, 0.00)",,,,
15:46:58:6083,"(0.00, 0.00)",,,,
15:46:58:6176,"(0.00, 0.00)",,,,
15:46:58:6273,"(0.00, 0.00)",,,,
15:46:58:6399,"(0.00, 0.00)",,,,
15:46:58:6525,"(0.00, 0.00)",,,,
15:46:58:6662,"(0.00, 0.00)",,,,
15:46:58:6798,"(0.00, 0.00)",,,,
15:46:58:6909,"(0.00, 0.00)",,,,
15:46:58:7058,"(0.00, 0.00)",,,,
15:46:58:7184,"(0.00, 0.00)",,,,
15:46:58:7327,"(0.00, 0.00)",,,,
15:46:58:7456,"(0.00, 0.00)",,,,
15:46:58:7590,"(0.00, 0.00)",,,,
15:46:58:7742,"(0.00, 0.00)",,,,
15:46:58:7863,"(0.00, 0.00)",,,,
15:46:58:8010,"(0.00, 0.00)",,,,
15:46:58:8161,"(0.00, 0.00)",,,,
15:46:58:8309,"(0.00, 0.00)",,,,
15:46:58:8427,"(0.00, 0.00)",,,,
15:46:58:8574,"(0.00, 0.00)",,,,
15:46:58:8711,"(0.00, 0.00)",,,,
15:46:58:8852,"(0.00, 0.00)",,,,
15:46:58:9016,"(0.00, 0.00)",,,,
15:46:58:9163,"(0.00, 0.00)",,,,
15:46:58:9279,"(0.00, 0.00)",,,,
15:46:58:9359,"(0.00, 0.00)",,,,
15:46:58:9454,"(0.00, 0.00)",,,,
15:46:58:9551,"(0.00, 0.00)",,,,
15:46:58:9638,"(0.00, 0.00)",,,,
15:46:58:9739,"(0.00, 0.00)",,,,
15:46:58:9826,"(0.00, 0.00)",,,,
15:46:58:9927,"(0.00, 0.00)",,,,
15:46:59:0019,"(0.00, 0.00)",,,,
15:46:59:0117,"(0.00, 0.00)",,,,
15:46:59:0207,"(0.00, 0.00)",,,,
15:46:59:0298,"(0.00, 0.00)",,,,
15:46:59:0394,"(0.00, 0.00)",,,,
15:46:59:0495,"(0.00, 0.00)",,,,
15:46:59:0583,"(0.00, 0.00)",,,,
15:46:59:0681,"(0.00, 0.00)",,,,
15:46:59:0768,"(0.00, 0.00)",,,,
15:46:59:0873,"(0.00, 0.00)",,,,
15:46:59:0967,"(0.00, 0.00)",,,,
15:46:59:1055,"(0.00, 0.00)",,,,
15:46:59:1149,"(0.00, 0.00)",,,,
15:46:59:1244,"(0.00, 0.00)",,,,
15:46:59:1338,"(0.00, 0.00)",,,,
15:46:59:1450,"(0.00, 0.00)",,,,
15:46:59:1538,"(0.00, 0.00)",,,,
15:46:59:1645,"(0.00, 0.00)",,,,
15:46:59:1732,"(0.00, 0.00)",,,,
15:46:59:1828,"(0.00, 0.00)",,,,
15:46:59:1928,"(0.00, 0.00)",,,,
15:46:59:2019,"(0.00, 0.00)",,,,
15:46:59:2126,"(0.00, 0.00)",,,,
15:46:59:2230,"(0.00, 0.00)",,,,
15:46:59:2312,"(0.00, 0.00)",,,,
15:46:59:2415,"(0.00, 0.00)",,,,
15:46:59:2516,"(0.00, 0.00)",,,,
15:46:59:2618,"(0.00, 0.00)",,,,
15:46:59:2716,"(0.00, 0.00)",,,,
15:46:59:2804,"(0.00, 0.00)",,,,
15:46:59:2903,"(0.00, 0.00)",,,,
15:46:59:3001,"(0.00, 0.00)",,,,
15:46:59:3092,"(0.00, 0.00)",,,,
15:46:59:3210,"(0.00, 0.00)",,,,
15:46:59:3308,"(0.00, 0.00)",,,,
15:46:59:3416,"(0.00, 0.00)",,,,
15:46:59:3509,"(0.00, 0.00)",,,,
15:46:59:3611,"(0.00, 0.00)",,,,
15:46:59:3709,"(0.00, 0.00)",,,,
15:46:59:3791,"(0.00, 0.00)",,,,
15:46:59:3893,"(0.00, 0.00)",,,,
15:46:59:3989,"(0.00, 0.00)",,,,
15:46:59:4089,"(0.00, 0.00)",,,,
15:46:59:4177,"(0.00, 0.00)",,,,
15:46:59:4275,"(0.00, 0.00)",,,,
15:46:59:4372,"(0.00, 0.00)",,,,
15:46:59:4482,"(0.00, 0.00)",,,,
15:46:59:4579,"(0.00, 0.00)",,,,
15:46:59:4669,"(0.00, 0.00)",,,,
15:46:59:4767,"(0.00, 0.00)",,,,
15:46:59:4864,"(0.00, 0.00)",,,,
15:46:59:4962,"(0.00, 0.00)",,,,
15:46:59:5058,"(0.00, 0.00)",,,,
15:46:59:5155,"(0.00, 0.00)",,,,
15:46:59:5248,"(0.00, 0.00)",,,,
15:46:59:5352,"(0.00, 0.00)",,,,
15:46:59:5451,"(0.00, 0.00)",,,,
15:46:59:5551,"(0.00, 0.00)",,,,
15:46:59:5645,"(0.00, 0.00)",,,,
15:46:59:5741,"(0.00, 0.00)",,,,
15:46:59:5838,"(0.00, 0.00)",,,,
15:46:59:5940,"(0.00, 0.00)",,,,
15:46:59:6063,"(0.00, 0.00)",,,,
15:46:59:6150,"(0.00, 0.00)",,,,
15:46:59:6249,"(0.00, 0.00)",,,,
15:46:59:6346,"(0.00, 0.00)",,,,
15:46:59:6469,"(0.00, 0.00)",,,,
15:46:59:6605,"(0.00, 0.00)",,,,
15:46:59:6746,"(0.00, 0.00)",,,,
15:46:59:6876,"(0.00, 0.00)",,,,
15:46:59:7013,"(0.00, 0.00)",,,,
15:46:59:7156,"(0.00, 0.00)",,,,
15:46:59:7288,"(0.00, 0.00)",,,,
15:46:59:7429,"(0.00, 0.00)",,,,
15:46:59:7566,"(0.00, 0.00)",,,,
15:46:59:7692,"(0.00, 0.00)",,,,
15:46:59:7849,"(0.00, 0.00)",,,,
15:46:59:8041,"(0.00, 0.00)",,,,
15:46:59:8178,"(0.00, 0.00)",,,,
15:46:59:8325,"(0.00, 0.00)",,,,
15:46:59:8472,"(0.00, 0.00)",,,,
15:46:59:8625,"(0.00, 0.00)",,,,
15:46:59:8747,"(0.00, 0.00)",,,,
15:46:59:8890,"(0.00, 0.00)",,,,
15:46:59:9009,"(0.00, 0.00)",,,,
15:46:59:9141,"(0.00, 0.00)",,,,
15:46:59:9249,"(0.00, 0.00)",,,,
15:46:59:9345,"(0.00, 0.00)",,,,
15:46:59:9437,"(0.00, 0.00)",,,,
15:46:59:9551,"(0.00, 0.00)",,,,
15:46:59:9639,"(0.00, 0.00)",,,,
15:46:59:9731,"(0.00, 0.00)",,,,
15:46:59:9844,"(0.00, 0.00)",,,,
15:46:59:9941,"(0.00, 0.00)",,,,
15:47:00:0037,"(0.00, 0.00)",,,,
15:47:00:0180,"(0.00, 0.00)",,,,
15:47:00:0327,"(0.00, 0.00)",,,,
15:47:00:0431,"(0.00, 0.00)",,,,
15:47:00:0542,"(0.00, 0.00)",,,,
15:47:00:0641,"(0.00, 0.00)",,,,
15:47:00:0743,"(0.00, 0.00)",,,,
15:47:00:0835,"(0.00, 0.00)",,,,
15:47:00:0941,"(0.00, 0.00)",,,,
15:47:00:1043,"(0.00, 0.00)",,,,
15:47:00:1140,"(0.00, 0.00)",,,,
15:47:00:1247,"(0.00, 0.00)",,,,
15:47:00:1340,"(0.00, 0.00)",,,,
15:47:00:1439,"(0.00, 0.00)",,,,
15:47:00:1546,"(0.00, 0.00)",,,,
15:47:00:1636,"(0.00, 0.00)",,,,
15:47:00:1728,"(0.00, 0.00)",,,,
15:47:00:1838,"(0.00, 0.00)",,,,
15:47:00:1926,"(0.00, 0.00)",,,,
15:47:00:2044,"(0.00, 0.00)",,,,
15:47:00:2126,"(0.00, 0.00)",,,,
15:47:00:2230,"(0.00, 0.00)",,,,
15:47:00:2334,"(0.00, 0.00)",,,,
15:47:00:2437,"(0.00, 0.00)",,,,
15:47:00:2537,"(0.00, 0.00)",,,,
15:47:00:2643,"(0.00, 0.00)",,,,
15:47:00:2736,"(0.00, 0.00)",,,,
15:47:00:2836,"(0.00, 0.00)",,,,
15:47:00:2949,"(0.00, 0.00)",,,,
15:47:00:3050,"(0.00, 0.00)",,,,
15:47:00:3150,"(0.00, 0.00)",,,,
15:47:00:3247,"(0.00, 0.00)",,,,
15:47:00:3344,"(0.00, 0.00)",,,,
15:47:00:3459,"(0.00, 0.00)",,,,
15:47:00:3582,"(0.00, 0.00)",,,,
15:47:00:3689,"(0.00, 0.00)",,,,
15:47:00:3784,"(0.00, 0.00)",,,,
15:47:00:3886,"(0.00, 0.00)",,,,
15:47:00:3983,"(0.00, 0.00)",,,,
15:47:00:4091,"(0.00, 0.00)",,,,
15:47:00:4188,"(0.00, 0.00)",,,,
15:47:00:4294,"(0.00, 0.00)",,,,
15:47:00:4411,"(0.00, 0.00)",,,,
15:47:00:4529,"(0.00, 0.00)",,,,
15:47:00:4657,"(0.00, 0.00)",,,,
15:47:00:4763,"(0.00, 0.00)",,,,
15:47:00:4870,"(0.00, 0.00)",,,,
15:47:00:4970,"(0.00, 0.00)",,,,
15:47:00:5073,"(0.00, 0.00)",,,,
15:47:00:5192,"(0.00, 0.00)",,,,
15:47:00:5288,"(0.00, 0.00)",,,,
15:47:00:5385,"(0.00, 0.00)",,,,
15:47:00:5499,"(0.00, 0.00)",,,,
15:47:00:5599,"(0.00, 0.00)",,,,
15:47:00:5699,"(0.00, 0.00)",,,,
15:47:00:5813,"(0.00, 0.00)",,,,
15:47:00:5921,"(0.00, 0.00)",,,,
15:47:00:6020,"(0.00, 0.00)",,,,
15:47:00:6128,"(0.00, 0.00)",,,,
15:47:00:6238,"(0.00, 0.00)",,,,
15:47:00:6350,"(0.00, 0.00)",,,,
15:47:00:6470,"(0.00, 0.00)",,,,
15:47:00:6643,"(0.00, 0.00)",,,,
15:47:00:6840,"(0.00, 0.00)",,,,
15:47:00:7038,"(0.00, 0.00)",,,,
15:47:00:7227,"(0.00, 0.00)",,,,
15:47:00:7406,"(0.00, 0.00)",,,,
15:47:00:7588,"(0.00, 0.00)",,,,
15:47:00:7792,"(0.00, 0.00)",,,,
15:47:00:8010,"(0.00, 0.00)",,,,
15:47:00:8192,"(0.00, 0.00)",,,,
15:47:00:8359,"(0.00, 0.00)",,,,
15:47:00:8530,"(0.00, 0.00)",,,,
15:47:00:8671,"(0.00, 0.00)",,,,
15:47:00:8893,"(0.00, 0.00)",,,,
15:47:00:9033,"(0.00, 0.00)",,,,
15:47:00:9210,"(0.00, 0.00)",,,,
15:47:00:9391,"(0.00, 0.00)",,,,
15:47:00:9576,"(0.00, 0.00)",,,,
15:47:00:9754,"(0.00, 0.00)",,,,
15:47:00:9945,"(0.00, 0.00)",,,,
15:47:01:0166,"(0.00, 0.00)",,,,
15:47:01:0354,"(0.00, 0.00)",,,,
15:47:01:0547,"(0.00, 0.00)",,,,
15:47:01:0702,"(0.00, 0.00)",,,,
15:47:01:0831,"(0.00, 0.00)",,,,
15:47:01:0988,"(0.00, 0.00)",,,,
15:47:01:1129,"(0.00, 0.00)",,,,
15:47:01:1276,"(0.00, 0.00)",,,,
15:47:01:1437,"(0.00, 0.00)",,,,
15:47:01:1579,"(0.00, 0.00)",,,,
15:47:01:1743,"(0.00, 0.00)",,,,
15:47:01:1885,"(0.00, 0.00)",,,,
15:47:01:1998,"(0.00, 0.00)",,,,
15:47:01:2103,"(0.00, 0.00)",,,,
15:47:01:2206,"(0.00, 0.00)",,,,
15:47:01:2302,"(0.00, 0.00)",,,,
15:47:01:2429,"(0.00, 0.00)",,,,
15:47:01:2575,"(0.00, 0.00)",,,,
15:47:01:2692,"(0.00, 0.00)",,,,
15:47:01:2930,"(0.00, 0.00)",,,,
15:47:01:3041,"(0.00, 0.00)",,,,
15:47:01:3160,"(0.00, 0.00)",,,,
15:47:01:3279,"(0.00, 0.00)",,,,
15:47:01:3402,"(0.00, 0.00)",,,,
15:47:01:3572,"(0.00, 0.00)",,,,
15:47:01:3675,"(0.00, 0.00)",,,,
15:47:01:3820,"(0.00, 0.00)",,,,
15:47:01:3938,"(0.00, 0.00)",,,,
15:47:01:4067,"(0.00, 0.00)",,,,
15:47:01:4173,"(0.00, 0.00)",,,,
15:47:01:4311,"(0.00, 0.00)",,,,
15:47:01:4454,"(0.00, 0.00)",,,,
15:47:01:4632,"(0.00, 0.00)",,,,
15:47:01:4783,"(0.00, 0.00)",,,,
15:47:01:4950,"(0.00, 0.00)",,,,
15:47:01:5106,"(0.00, 0.00)",,,,
15:47:01:5238,"(0.00, 0.00)",,,,
15:47:01:5436,"(0.00, 0.00)",,,,
15:47:01:5655,"(0.00, 0.00)",,,,
15:47:01:5868,"(0.00, 0.00)",,,,
15:47:01:6060,"(0.00, 0.00)",,,,
15:47:01:6228,"(0.00, 0.00)",,,,
15:47:01:6356,"(0.00, 0.00)",,,,
15:47:01:6504,"(0.00, 0.00)",,,,
15:47:01:6730,"(0.00, 0.00)",,,,
15:47:01:6873,"(0.00, 0.00)",,,,
15:47:01:7025,"(0.00, 0.00)",,,,
15:47:01:7233,"(0.00, 0.00)",,,,
15:47:01:7395,"(0.00, 0.00)",,,,
15:47:01:7558,"(0.00, 0.00)",,,,
15:47:01:7743,"(0.00, 0.00)",,,,
15:47:01:7906,"(0.00, 0.00)",,,,
15:47:01:8110,"(0.00, 0.00)",,,,
15:47:01:8273,"(0.00, 0.00)",,,,
15:47:01:8449,"(0.00, 0.00)",,,,
15:47:01:8600,"(0.00, 0.00)",,,,
15:47:01:8746,"(0.00, 0.00)",,,,
15:47:01:8913,"(0.00, 0.00)",,,,
15:47:01:9136,"(0.00, 0.00)",,,,
15:47:01:9285,"(0.00, 0.00)",,,,
15:47:01:9438,"(0.00, 0.00)",,,,
15:47:01:9600,"(0.00, 0.00)",,,,
15:47:01:9760,"(0.00, 0.00)",,,,
15:47:01:9898,"(0.00, 0.00)",,,,
15:47:02:0052,"(0.00, 0.00)",,,,
15:47:02:0200,"(0.00, 0.00)",,,,
15:47:02:0344,"(0.00, 0.00)",,,,
15:47:02:0518,"(0.00, 0.00)",,,,
15:47:02:0677,"(0.00, 0.00)",,,,
15:47:02:0780,"(0.00, 0.00)",,,,
15:47:02:0875,"(0.00, 0.00)",,,,
15:47:02:0987,"(0.00, 0.00)",,,,
15:47:02:1097,"(0.00, 0.00)",,,,
15:47:02:1207,"(0.00, 0.00)",,,,
15:47:02:1308,"(0.00, 0.00)",,,,
15:47:02:1425,"(0.00, 0.00)",,,,
15:47:02:1517,"(0.00, 0.00)",,,,
15:47:02:1625,"(0.00, 0.00)",,,,
15:47:02:1727,"(0.00, 0.00)",,,,
15:47:02:1836,"(0.00, 0.00)",,,,
15:47:02:1942,"(0.00, 0.00)",,,,
15:47:02:2050,"(0.00, 0.00)",,,,
15:47:02:2158,"(0.00, 0.00)",,,,
15:47:02:2331,"(0.00, 0.00)",,,,
15:47:02:2468,"(0.00, 0.00)",,,,
15:47:02:2600,"(0.00, 0.00)",,,,
15:47:02:2737,"(0.00, 0.00)",,,,
15:47:02:2900,"(0.00, 0.00)",,,,
15:47:02:3069,"(0.00, 0.00)",,,,
15:47:02:3236,"(0.00, 0.00)",,,,
15:47:02:3405,"(0.00, 0.00)",,,,
15:47:02:3563,"(0.00, 0.00)",,,,
15:47:02:3734,"(0.00, 0.00)",,,,
15:47:02:3893,"(0.00, 0.00)",,,,
15:47:02:4054,"(0.00, 0.00)",,,,
15:47:02:4407,"(0.00, 0.00)",,,,
15:47:02:4506,"(0.00, 0.00)",,,,
15:47:02:4633,"(0.00, 0.00)",,,,
15:47:02:4750,"(0.00, 0.00)",,,,
15:47:02:4872,"(0.00, 0.00)",,,,
15:47:02:4992,"(0.00, 0.00)",,,,
15:47:02:5145,"(0.00, 0.00)",,,,
15:47:02:5274,"(0.00, 0.00)",,,,
15:47:02:5403,"(0.00, 0.00)",,,,
15:47:02:5511,"(0.00, 0.00)",,,,
15:47:02:5686,"(0.00, 0.00)",,,,
15:47:02:5862,"(0.00, 0.00)",,,,
15:47:02:6010,"(0.00, 0.00)",,,,
15:47:02:6161,"(0.00, 0.00)",,,,
15:47:02:6296,"(0.00, 0.00)",,,,
15:47:02:6408,"(0.00, 0.00)",,,,
15:47:02:6562,"(0.00, 0.00)",,,,
15:47:02:6850,"(0.00, 0.00)",,,,
15:47:02:7038,"(0.00, 0.00)",,,,
15:47:02:7208,"(0.00, 0.00)",,,,
15:47:02:7357,"(0.00, 0.00)",,,,
15:47:02:7511,"(0.00, 0.00)",,,,
15:47:02:7673,"(0.00, 0.00)",,,,
15:47:02:7862,"(0.00, 0.00)",,,,
15:47:02:8030,"(0.00, 0.00)",,,,
15:47:02:8182,"(0.00, 0.00)",,,,
15:47:02:8338,"(0.00, 0.00)",,,,
15:47:02:8498,"(0.00, 0.00)",,,,
15:47:02:8655,"(0.00, 0.00)",,,,
15:47:02:8808,"(0.00, 0.00)",,,,
15:47:02:8964,"(0.00, 0.00)",,,,
15:47:02:9142,"(0.00, 0.00)",,,,
15:47:02:9295,"(0.00, 0.00)",,,,
15:47:02:9489,"(0.00, 0.00)",,,,
15:47:02:9674,"(0.00, 0.00)",,,,
15:47:02:9869,"(0.00, 0.00)",,,,
15:47:03:0050,"(0.00, 0.00)",,,,
15:47:03:0197,"(0.00, 0.00)",,,,
15:47:03:0335,"(0.00, 0.00)",,,,
15:47:03:0467,"(0.00, 0.00)",,,,
15:47:03:0596,"(0.00, 0.00)",,,,
15:47:03:0719,"(0.00, 0.00)",,,,
15:47:03:0838,"(0.00, 0.00)",,,,
15:47:03:0992,"(0.00, 0.00)",,,,
15:47:03:1138,"(0.00, 0.00)",,,,
15:47:03:1291,"(0.00, 0.00)",,,,
15:47:03:1394,"(0.00, 0.00)",,,,
15:47:03:1528,"(0.00, 0.00)",,,,
15:47:03:1656,"(0.00, 0.00)",,,,
15:47:03:1779,"(0.00, 0.00)",,,,
15:47:03:1889,"(0.00, 0.00)",,,,
15:47:03:1992,"(0.00, 0.00)",,,,
15:47:03:2111,"(0.00, 0.00)",,,,
15:47:03:2229,"(0.00, 0.00)",,,,
15:47:03:2326,"(0.00, 0.00)",,,,
15:47:03:2460,"(0.00, 0.00)",,,,
15:47:03:2579,"(0.00, 0.00)",,,,
15:47:03:2676,"(0.00, 0.00)",,,,
15:47:03:2794,"(0.00, 0.00)",,,,
15:47:03:2906,"(0.00, 0.00)",,,,
15:47:03:3014,"(0.00, 0.00)",,,,
15:47:03:3142,"(0.00, 0.00)",,,,
15:47:03:3251,"(0.00, 0.00)",,,,
15:47:03:3364,"(0.00, 0.00)",,,,
15:47:03:3480,"(0.00, 0.00)",,,,
15:47:03:3593,"(0.00, 0.00)",,,,
15:47:03:3709,"(0.00, 0.00)",,,,
15:47:03:3806,"(0.00, 0.00)",,,,
15:47:03:3939,"(0.00, 0.00)",,,,
15:47:03:4052,"(0.00, 0.00)",,,,
15:47:03:4156,"(0.00, 0.00)",,,,
15:47:03:4275,"(0.00, 0.00)",,,,
15:47:03:4383,"(0.00, 0.00)",,,,
15:47:03:4489,"(0.00, 0.00)",,,,
15:47:03:4600,"(0.00, 0.00)",,,,
15:47:03:4728,"(0.00, 0.00)",,,,
15:47:03:4847,"(0.00, 0.00)",,,,
15:47:03:4964,"(0.00, 0.00)",,,,
15:47:03:5067,"(0.00, 0.00)",,,,
15:47:03:5185,"(0.00, 0.00)",,,,
15:47:03:5301,"(0.00, 0.00)",,,,
15:47:03:5412,"(0.00, 0.00)",,,,
15:47:03:5514,"(0.00, 0.00)",,,,
15:47:03:5630,"(0.00, 0.00)",,,,
15:47:03:5757,"(0.00, 0.00)",,,,
15:47:03:5859,"(0.00, 0.00)",,,,
15:47:03:5977,"(0.00, 0.00)",,,,
15:47:03:6082,"(0.00, 0.00)",,,,
15:47:03:6185,"(0.00, 0.00)",,,,
15:47:03:6303,"(0.00, 0.00)",,,,
15:47:03:6411,"(0.00, 0.00)",,,,
15:47:03:6510,"(0.00, 0.00)",,,,
15:47:03:6634,"(0.00, 0.00)",,,,
15:47:03:6781,"(0.00, 0.00)",,,,
15:47:03:6936,"(0.00, 0.00)",,,,
15:47:03:7094,"(0.00, 0.00)",,,,
15:47:03:7253,"(0.00, 0.00)",,,,
15:47:03:7400,"(0.00, 0.00)",,,,
15:47:03:7559,"(0.00, 0.00)",,,,
15:47:03:7726,"(0.00, 0.00)",,,,
15:47:03:7898,"(0.00, 0.00)",,,,
15:47:03:8052,"(0.00, 0.00)",,,,
15:47:03:8200,"(0.00, 0.00)",,,,
15:47:03:8355,"(0.00, 0.00)",,,,
15:47:03:8516,"(0.00, 0.00)",,,,
15:47:03:8682,"(0.00, 0.00)",,,,
15:47:03:8836,"(0.00, 0.00)",,,,
15:47:03:8970,"(0.00, 0.00)",,,,
15:47:03:9137,"(0.00, 0.00)",,,,
15:47:03:9304,"(0.00, 0.00)",,,,
15:47:03:9472,"(0.00, 0.00)",,,,
15:47:03:9655,"(0.00, 0.00)",,,,
15:47:03:9857,"(0.00, 0.00)",,,,
15:47:04:0083,"(0.00, 0.00)",,,,
15:47:04:0305,"(0.00, 0.00)",,,,
15:47:04:0578,"(0.00, 0.00)",,,,
15:47:04:0806,"(0.00, 0.00)",,,,
15:47:04:0988,"(0.00, 0.00)",,,,
15:47:04:1135,"(0.00, 0.00)",,,,
15:47:04:1264,"(0.00, 0.00)",,,,
15:47:04:1396,"(0.00, 0.00)",,,,
15:47:04:1509,"(0.00, 0.00)",,,,
15:47:04:1640,"(0.00, 0.00)",,,,
15:47:04:1771,"(0.00, 0.00)",,,,
15:47:04:1882,"(0.00, 0.00)",,,,
15:47:04:1993,"(0.00, 0.00)",,,,
15:47:04:2105,"(0.00, 0.00)",,,,
15:47:04:2229,"(0.00, 0.00)",,,,
15:47:04:2343,"(0.00, 0.00)",,,,
15:47:04:2465,"(0.00, 0.00)",,,,
15:47:04:2575,"(0.00, 0.00)",,,,
15:47:04:2688,"(0.00, 0.00)",,,,
15:47:04:2809,"(0.00, 0.00)",,,,
15:47:04:2914,"(0.00, 0.00)",,,,
15:47:04:3043,"(0.00, 0.00)",,,,
15:47:04:3147,"(0.00, 0.00)",,,,
15:47:04:3269,"(0.00, 0.00)",,,,
15:47:04:3375,"(0.00, 0.00)",,,,
15:47:04:3492,"(0.00, 0.00)",,,,
15:47:04:3613,"(0.00, 0.00)",,,,
15:47:04:3726,"(0.00, 0.00)",,,,
15:47:04:3826,"(0.00, 0.00)",,,,
15:47:04:3968,"(0.00, 0.00)",,,,
15:47:04:4113,"(0.00, 0.00)",,,,
15:47:04:4241,"(0.00, 0.00)",,,,
15:47:04:4358,"(0.00, 0.00)",,,,
15:47:04:4469,"(0.00, 0.00)",,,,
15:47:04:4589,"(0.00, 0.00)",,,,
15:47:04:4717,"(0.00, 0.00)",,,,
15:47:04:4834,"(0.00, 0.00)",,,,
15:47:04:4937,"(0.00, 0.00)",,,,
15:47:04:5064,"(0.00, 0.00)",,,,
15:47:04:5181,"(0.00, 0.00)",,,,
15:47:04:5308,"(0.00, 0.00)",,,,
15:47:04:5425,"(0.00, 0.00)",,,,
15:47:04:5548,"(0.00, 0.00)",,,,
15:47:04:5669,"(0.00, 0.00)",,,,
15:47:04:5790,"(0.00, 0.00)",,,,
15:47:04:5908,"(0.00, 0.00)",,,,
15:47:04:6011,"(0.00, 0.00)",,,,
15:47:04:6127,"(0.00, 0.00)",,,,
15:47:04:6253,"(0.00, 0.00)",,,,
15:47:04:6358,"(0.00, 0.00)",,,,
15:47:04:6471,"(0.00, 0.00)",,,,
15:47:04:6596,"(0.00, 0.00)",,,,
15:47:04:6701,"(0.00, 0.00)",,,,
15:47:04:6810,"(0.00, 0.00)",,,,
15:47:04:6963,"(0.00, 0.00)",,,,
15:47:04:7146,"(0.00, 0.00)",,,,
15:47:04:7299,"(0.00, 0.00)",,,,
15:47:04:7467,"(0.00, 0.00)",,,,
15:47:04:7629,"(0.00, 0.00)",,,,
15:47:04:7790,"(0.00, 0.00)",,,,
15:47:04:7952,"(0.00, 0.00)",,,,
15:47:04:8109,"(0.00, 0.00)",,,,
15:47:04:8260,"(0.00, 0.00)",,,,
15:47:04:8437,"(0.00, 0.00)",,,,
15:47:04:8605,"(0.00, 0.00)",,,,
15:47:04:8761,"(0.00, 0.00)",,,,
15:47:04:8916,"(0.00, 0.00)",,,,
15:47:04:9087,"(0.00, 0.00)",,,,
15:47:04:9260,"(0.00, 0.00)",,,,
15:47:04:9377,"(0.00, 0.00)",,,,
15:47:04:9486,"(0.00, 0.00)",,,,
15:47:04:9608,"(0.00, 0.00)",,,,
15:47:04:9730,"(0.00, 0.00)",,,,
15:47:04:9843,"(0.00, 0.00)",,,,
15:47:04:9965,"(0.00, 0.00)",,,,
15:47:05:0081,"(0.00, 0.00)",,,,
15:47:05:0197,"(0.00, 0.00)",,,,
15:47:05:0323,"(0.00, 0.00)",,,,
15:47:05:0444,"(0.00, 0.00)",,,,
15:47:05:0571,"(0.00, 0.00)",,,,
15:47:05:0714,"(0.00, 0.00)",,,,
15:47:05:0829,"(0.00, 0.00)",,,,
15:47:05:0942,"(0.00, 0.00)",,,,
15:47:05:1063,"(0.00, 0.00)",,,,
15:47:05:1174,"(0.00, 0.00)",,,,
15:47:05:1286,"(0.00, 0.00)",,,,
15:47:05:1417,"(0.00, 0.00)",,,,
15:47:05:1539,"(0.00, 0.00)",,,,
15:47:05:1651,"(0.00, 0.00)",,,,
15:47:05:1762,"(0.00, 0.00)",,,,
15:47:05:1885,"(0.00, 0.00)",,,,
15:47:05:2001,"(0.00, 0.00)",,,,
15:47:05:2112,"(0.00, 0.00)",,,,
15:47:05:2234,"(0.00, 0.00)",,,,
15:47:05:2362,"(0.00, 0.00)",,,,
15:47:05:2487,"(0.00, 0.00)",,,,
15:47:05:2608,"(0.00, 0.00)",,,,
15:47:05:2734,"(0.00, 0.00)",,,,
15:47:05:2851,"(0.00, 0.00)",,,,
15:47:05:2967,"(0.00, 0.00)",,,,
15:47:05:3083,"(0.00, 0.00)",,,,
15:47:05:3202,"(0.00, 0.00)",,,,
15:47:05:3338,"(0.00, 0.00)",,,,
15:47:05:3462,"(0.00, 0.00)",,,,
15:47:05:3593,"(0.00, 0.00)",,,,
15:47:05:3693,"(0.00, 0.00)",,,,
15:47:05:3830,"(0.00, 0.00)",,,,
15:47:05:3951,"(0.00, 0.00)",,,,
15:47:05:4073,"(0.00, 0.00)",,,,
15:47:05:4194,"(0.00, 0.00)",,,,
15:47:05:4327,"(0.00, 0.00)",,,,
15:47:05:4440,"(0.00, 0.00)",,,,
15:47:05:4564,"(0.00, 0.00)",,,,
15:47:05:4686,"(0.00, 0.00)",,,,
15:47:05:4797,"(0.00, 0.00)",,,,
15:47:05:4929,"(0.00, 0.00)",,,,
15:47:05:5046,"(0.00, 0.00)",,,,
15:47:05:5155,"(0.00, 0.00)",,,,
15:47:05:5288,"(0.00, 0.00)",,,,
15:47:05:5418,"(0.00, 0.00)",,,,
15:47:05:5562,"(0.00, 0.00)",,,,
15:47:05:5680,"(0.00, 0.00)",,,,
15:47:05:5798,"(0.00, 0.00)",,,,
15:47:05:5925,"(0.00, 0.00)",,,,
15:47:05:6044,"(0.00, 0.00)",,,,
15:47:05:6161,"(0.00, 0.00)",,,,
15:47:05:6279,"(0.00, 0.00)",,,,
15:47:05:6394,"(0.00, 0.00)",,,,
15:47:05:6521,"(0.00, 0.00)",,,,
15:47:05:6642,"(0.00, 0.00)",,,,
15:47:05:6763,"(0.00, 0.00)",,,,
15:47:05:6891,"(0.00, 0.00)",,,,
15:47:05:7043,"(0.00, 0.00)",,,,
15:47:05:7251,"(0.00, 0.00)",,,,
15:47:05:7468,"(0.00, 0.00)",,,,
15:47:05:7634,"(0.00, 0.00)",,,,
15:47:05:7811,"(0.00, 0.00)",,,,
15:47:05:7998,"(0.00, 0.00)",,,,
15:47:05:8159,"(0.00, 0.00)",,,,
15:47:05:8316,"(0.00, 0.00)",,,,
15:47:05:8483,"(0.00, 0.00)",,,,
15:47:05:8660,"(0.00, 0.00)",,,,
15:47:05:8826,"(0.00, 0.00)",,,,
15:47:05:8999,"(0.00, 0.00)",,,,
15:47:05:9192,"(0.00, 0.00)",,,,
15:47:05:9389,"(0.00, 0.00)",,,,
15:47:05:9581,"(0.00, 0.00)",,,,
15:47:05:9761,"(0.00, 0.00)",,,,
15:47:05:9886,"(0.00, 0.00)",,,,
15:47:05:9997,"(0.00, 0.00)",,,,
15:47:06:0128,"(0.00, 0.00)",,,,
15:47:06:0256,"(0.00, 0.00)",,,,
15:47:06:0384,"(0.00, 0.00)",,,,
15:47:06:0501,"(0.00, 0.00)",,,,
15:47:06:0635,"(0.00, 0.00)",,,,
15:47:06:0759,"(0.00, 0.00)",,,,
15:47:06:0889,"(0.00, 0.00)",,,,
15:47:06:1005,"(0.00, 0.00)",,,,
15:47:06:1128,"(0.00, 0.00)",,,,
15:47:06:1246,"(0.00, 0.00)",,,,
15:47:06:1372,"(0.00, 0.00)",,,,
15:47:06:1479,"(0.00, 0.00)",,,,
15:47:06:1630,"(0.00, 0.00)",,,,
15:47:06:1751,"(0.00, 0.00)",,,,
15:47:06:1878,"(0.00, 0.00)",,,,
15:47:06:2000,"(0.00, 0.00)",,,,
15:47:06:2125,"(0.00, 0.00)",,,,
15:47:06:2242,"(0.00, 0.00)",,,,
15:47:06:2372,"(0.00, 0.00)",,,,
15:47:06:2499,"(0.00, 0.00)",,,,
15:47:06:2628,"(0.00, 0.00)",,,,
15:47:06:2752,"(0.00, 0.00)",,,,
15:47:06:2863,"(0.00, 0.00)",,,,
15:47:06:2989,"(0.00, 0.00)",,,,
15:47:06:3111,"(0.00, 0.00)",,,,
15:47:06:3245,"(0.00, 0.00)",,,,
15:47:06:3375,"(0.00, 0.00)",,,,
15:47:06:3490,"(0.00, 0.00)",,,,
15:47:06:3616,"(0.00, 0.00)",,,,
15:47:06:3739,"(0.00, 0.00)",,,,
15:47:06:3860,"(0.00, 0.00)",,,,
15:47:06:3968,"(0.00, 0.00)",,,,
15:47:06:4094,"(0.00, 0.00)",,,,
15:47:06:4220,"(0.00, 0.00)",,,,
15:47:06:4361,"(0.00, 0.00)",,,,
15:47:06:4486,"(0.00, 0.00)",,,,
15:47:06:4617,"(0.00, 0.00)",,,,
15:47:06:4741,"(0.00, 0.00)",,,,
15:47:06:4849,"(0.00, 0.00)",,,,
15:47:06:4986,"(0.00, 0.00)",,,,
15:47:06:5109,"(0.00, 0.00)",,,,
15:47:06:5228,"(0.00, 0.00)",,,,
15:47:06:5356,"(0.00, 0.00)",,,,
15:47:06:5472,"(0.00, 0.00)",,,,
15:47:06:5600,"(0.00, 0.00)",,,,
15:47:06:5739,"(0.00, 0.00)",,,,
15:47:06:5858,"(0.00, 0.00)",,,,
15:47:06:5981,"(0.00, 0.00)",,,,
15:47:06:6109,"(0.00, 0.00)",,,,
15:47:06:6238,"(0.00, 0.00)",,,,
15:47:06:6362,"(0.00, 0.00)",,,,
15:47:06:6479,"(0.00, 0.00)",,,,
15:47:06:6617,"(0.00, 0.00)",,,,
15:47:06:6743,"(0.00, 0.00)",,,,
15:47:06:6870,"(0.00, 0.00)",,,,
15:47:06:6998,"(0.00, 0.00)",,,,
15:47:06:7155,"(0.00, 0.00)",,,,
15:47:06:7341,"(0.00, 0.00)",,,,
15:47:06:7501,"(0.00, 0.00)",,,,
15:47:06:7668,"(0.00, 0.00)",,,,
15:47:06:7813,"(0.00, 0.00)",,,,
15:47:06:8017,"(0.00, 0.00)",,,,
15:47:06:8184,"(0.00, 0.00)",,,,
15:47:06:8359,"(0.00, 0.00)",,,,
15:47:06:8529,"(0.00, 0.00)",,,,
15:47:06:8693,"(0.00, 0.00)",,,,
15:47:06:8859,"(0.00, 0.00)",,,,
15:47:06:9022,"(0.00, 0.00)",,,,
15:47:06:9197,"(0.00, 0.00)",,,,
15:47:06:9349,"(0.00, 0.00)",,,,
15:47:06:9519,"(0.00, 0.00)",,,,
15:47:06:9651,"(0.00, 0.00)",,,,
15:47:06:9776,"(0.00, 0.00)",,,,
15:47:06:9896,"(0.00, 0.00)",,,,
15:47:07:0017,"(0.00, 0.00)",,,,
15:47:07:0151,"(0.00, 0.00)",,,,
15:47:07:0273,"(0.00, 0.00)",,,,
15:47:07:0406,"(0.00, 0.00)",,,,
15:47:07:0525,"(0.00, 0.00)",,,,
15:47:07:0649,"(0.00, 0.00)",,,,
15:47:07:0782,"(0.00, 0.00)",,,,
15:47:07:0914,"(0.00, 0.00)",,,,
15:47:07:1039,"(0.00, 0.00)",,,,
15:47:07:1165,"(0.00, 0.00)",,,,
15:47:07:1288,"(0.00, 0.00)",,,,
15:47:07:1421,"(0.00, 0.00)",,,,
15:47:07:1538,"(0.00, 0.00)",,,,
15:47:07:1659,"(0.00, 0.00)",,,,
15:47:07:1788,"(0.00, 0.00)",,,,
15:47:07:1909,"(0.00, 0.00)",,,,
15:47:07:2035,"(0.00, 0.00)",,,,
15:47:07:2165,"(0.00, 0.00)",,,,
15:47:07:2288,"(0.00, 0.00)",,,,
15:47:07:2412,"(0.00, 0.00)",,,,
15:47:07:2545,"(0.00, 0.00)",,,,
15:47:07:2670,"(0.00, 0.00)",,,,
15:47:07:2792,"(0.00, 0.00)",,,,
15:47:07:2918,"(0.00, 0.00)",,,,
15:47:07:3048,"(0.00, 0.00)",,,,
15:47:07:3166,"(0.00, 0.00)",,,,
15:47:07:3290,"(0.00, 0.00)",,,,
15:47:07:3419,"(0.00, 0.00)",,,,
15:47:07:3543,"(0.00, 0.00)",,,,
15:47:07:3664,"(0.00, 0.00)",,,,
15:47:07:3809,"(0.00, 0.00)",,,,
15:47:07:3925,"(0.00, 0.00)",,,,
15:47:07:4045,"(0.00, 0.00)",,,,
15:47:07:4178,"(0.00, 0.00)",,,,
15:47:07:4295,"(0.00, 0.00)",,,,
15:47:07:4429,"(0.00, 0.00)",,,,
15:47:07:4552,"(0.00, 0.00)",,,,
15:47:07:4671,"(0.00, 0.00)",,,,
15:47:07:4794,"(0.00, 0.00)",,,,
15:47:07:4917,"(0.00, 0.00)",,,,
15:47:07:5051,"(0.00, 0.00)",,,,
15:47:07:5172,"(0.00, 0.00)",,,,
15:47:07:5317,"(0.00, 0.00)",,,,
15:47:07:5445,"(0.00, 0.00)",,,,
15:47:07:5577,"(0.00, 0.00)",,,,
15:47:07:5725,"(0.00, 0.00)",,,,
15:47:07:5904,"(0.00, 0.00)",,,,
15:47:07:6051,"(0.00, 0.00)",,,,
15:47:07:6185,"(0.00, 0.00)",,,,
15:47:07:6308,"(0.00, 0.00)",,,,
15:47:07:6447,"(0.00, 0.00)",,,,
15:47:07:6576,"(0.00, 0.00)",,,,
15:47:07:6708,"(0.00, 0.00)",,,,
15:47:07:6828,"(0.00, 0.00)",,,,
15:47:07:6952,"(0.00, 0.00)",,,,
15:47:07:7094,"(0.00, 0.00)",,,,
15:47:07:7226,"(0.00, 0.00)",,,,
15:47:07:7394,"(0.00, 0.00)",,,,
15:47:07:7560,"(0.00, 0.00)",,,,
15:47:07:7744,"(0.00, 0.00)",,,,
15:47:07:7914,"(0.00, 0.00)",,,,
15:47:07:8084,"(0.00, 0.00)",,,,
15:47:07:8262,"(0.00, 0.00)",,,,
15:47:07:8440,"(0.00, 0.00)",,,,
15:47:07:8617,"(0.00, 0.00)",,,,
15:47:07:8793,"(0.00, 0.00)",,,,
15:47:07:8964,"(0.00, 0.00)",,,,
15:47:07:9140,"(0.00, 0.00)",,,,
15:47:07:9312,"(0.00, 0.00)",,,,
15:47:07:9486,"(0.00, 0.00)",,,,
15:47:07:9668,"(0.00, 0.00)",,,,
15:47:07:9830,"(0.00, 0.00)",,,,
15:47:07:9995,"(0.00, 0.00)",,,,
15:47:08:0178,"(0.00, 0.00)",,,,
15:47:08:0357,"(0.00, 0.00)",,,,
15:47:08:0515,"(0.00, 0.00)",,,,
15:47:08:0692,"(0.00, 0.00)",,,,
15:47:08:0889,"(0.00, 0.00)",,,,
15:47:08:1028,"(0.00, 0.00)",,,,
15:47:08:1162,"(0.00, 0.00)",,,,
15:47:08:1294,"(0.00, 0.00)",,,,
15:47:08:1429,"(0.00, 0.00)",,,,
15:47:08:1553,"(0.00, 0.00)",,,,
15:47:08:1681,"(0.00, 0.00)",,,,
15:47:08:1813,"(0.00, 0.00)",,,,
15:47:08:1941,"(0.00, 0.00)",,,,
15:47:08:2077,"(0.00, 0.00)",,,,
15:47:08:2206,"(0.00, 0.00)",,,,
15:47:08:2334,"(0.00, 0.00)",,,,
15:47:08:2456,"(0.00, 0.00)",,,,
15:47:08:2589,"(0.00, 0.00)",,,,
15:47:08:2712,"(0.00, 0.00)",,,,
15:47:08:2840,"(0.00, 0.00)",,,,
15:47:08:2971,"(0.00, 0.00)",,,,
15:47:08:3103,"(0.00, 0.00)",,,,
15:47:08:3244,"(0.00, 0.00)",,,,
15:47:08:3366,"(0.00, 0.00)",,,,
15:47:08:3498,"(0.00, 0.00)",,,,
15:47:08:3625,"(0.00, 0.00)",,,,
15:47:08:3745,"(0.00, 0.00)",,,,
15:47:08:3872,"(0.00, 0.00)",,,,
15:47:08:4002,"(0.00, 0.00)",,,,
15:47:08:4131,"(0.00, 0.00)",,,,
15:47:08:4264,"(0.00, 0.00)",,,,
15:47:08:4398,"(0.00, 0.00)",,,,
15:47:08:4514,"(0.00, 0.00)",,,,
15:47:08:4661,"(0.00, 0.00)",,,,
15:47:08:4788,"(0.00, 0.00)",,,,
15:47:08:4913,"(0.00, 0.00)",,,,
15:47:08:5041,"(0.00, 0.00)",,,,
15:47:08:5169,"(0.00, 0.00)",,,,
15:47:08:5303,"(0.00, 0.00)",,,,
15:47:08:5441,"(0.00, 0.00)",,,,
15:47:08:5572,"(0.00, 0.00)",,,,
15:47:08:5709,"(0.00, 0.00)",,,,
15:47:08:5834,"(0.00, 0.00)",,,,
15:47:08:5975,"(0.00, 0.00)",,,,
15:47:08:6111,"(0.00, 0.00)",,,,
15:47:08:6281,"(0.00, 0.00)",,,,
15:47:08:6445,"(0.00, 0.00)",,,,
15:47:08:6604,"(0.00, 0.00)",,,,
15:47:08:6836,"(0.00, 0.00)",,,,
15:47:08:7009,"(0.00, 0.00)",,,,
15:47:08:7253,"(0.00, 0.00)",,,,
15:47:08:7465,"(0.00, 0.00)",,,,
15:47:08:7741,"(0.00, 0.00)",,,,
15:47:08:8013,"(0.00, 0.00)",,,,
15:47:08:8355,"(0.00, 0.00)",,,,
15:47:08:8627,"(0.00, 0.00)",,,,
15:47:08:8927,"(0.00, 0.00)",,,,
15:47:08:9236,"(0.00, 0.00)",,,,
15:47:08:9500,"(0.00, 0.00)",,,,
15:47:09:0093,"(0.00, 0.00)",,,,
15:47:09:0283,"(0.00, 0.00)",,,,
15:47:09:0503,"(0.00, 0.00)",,,,
15:47:09:0698,"(0.00, 0.00)",,,,
15:47:09:0889,"(0.00, 0.00)",,,,
15:47:09:1097,"(0.00, 0.00)",,,,
15:47:09:1265,"(0.00, 0.00)",,,,
15:47:09:1475,"(0.00, 0.00)",,,,
15:47:09:1665,"(0.00, 0.00)",,,,
15:47:09:1814,"(0.00, 0.00)",,,,
15:47:09:1943,"(0.00, 0.00)",,,,
15:47:09:2070,"(0.00, 0.00)",,,,
15:47:09:2188,"(0.00, 0.00)",,,,
15:47:09:2328,"(0.00, 0.00)",,,,
15:47:09:2459,"(0.00, 0.00)",,,,
15:47:09:2593,"(0.00, 0.00)",,,,
15:47:09:2739,"(0.00, 0.00)",,,,
15:47:09:2867,"(0.00, 0.00)",,,,
15:47:09:2999,"(0.00, 0.00)",,,,
15:47:09:3129,"(0.00, 0.00)",,,,
15:47:09:3268,"(0.00, 0.00)",,,,
15:47:09:3401,"(0.00, 0.00)",,,,
15:47:09:3553,"(0.00, 0.00)",,,,
15:47:09:3684,"(0.00, 0.00)",,,,
15:47:09:3826,"(0.00, 0.00)",,,,
15:47:09:3992,"(0.00, 0.00)",,,,
15:47:09:4138,"(0.00, 0.00)",,,,
15:47:09:4274,"(0.00, 0.00)",,,,
15:47:09:4407,"(0.00, 0.00)",,,,
15:47:09:4539,"(0.00, 0.00)",,,,
15:47:09:4662,"(0.00, 0.00)",,,,
15:47:09:4795,"(0.00, 0.00)",,,,
15:47:09:4926,"(0.00, 0.00)",,,,
15:47:09:5067,"(0.00, 0.00)",,,,
15:47:09:5199,"(0.00, 0.00)",,,,
15:47:09:5335,"(0.00, 0.00)",,,,
15:47:09:5455,"(0.00, 0.00)",,,,
15:47:09:5593,"(0.00, 0.00)",,,,
15:47:09:5727,"(0.00, 0.00)",,,,
15:47:09:5861,"(0.00, 0.00)",,,,
15:47:09:5985,"(0.00, 0.00)",,,,
15:47:09:6129,"(0.00, 0.00)",,,,
15:47:09:6268,"(0.00, 0.00)",,,,
15:47:09:6396,"(0.00, 0.00)",,,,
15:47:09:6525,"(0.00, 0.00)",,,,
15:47:09:6666,"(0.00, 0.00)",,,,
15:47:09:6841,"(0.00, 0.00)",,,,
15:47:09:6989,"(0.00, 0.00)",,,,
15:47:09:7117,"(0.00, 0.00)",,,,
15:47:09:7262,"(0.00, 0.00)",,,,
15:47:09:7395,"(0.00, 0.00)",,,,
15:47:09:7579,"(0.00, 0.00)",,,,
15:47:09:7765,"(0.00, 0.00)",,,,
15:47:09:7940,"(0.00, 0.00)",,,,
15:47:09:8111,"(0.00, 0.00)",,,,
15:47:09:8292,"(0.00, 0.00)",,,,
15:47:09:8474,"(0.00, 0.00)",,,,
15:47:09:8647,"(0.00, 0.00)",,,,
15:47:09:8839,"(0.00, 0.00)",,,,
15:47:09:9072,"(0.00, 0.00)",,,,
15:47:09:9254,"(0.00, 0.00)",,,,
15:47:09:9429,"(0.00, 0.00)",,,,
15:47:09:9617,"(0.00, 0.00)",,,,
15:47:09:9800,"(0.00, 0.00)",,,,
15:47:09:9980,"(0.00, 0.00)",,,,
15:47:10:0163,"(0.00, 0.00)",,,,
15:47:10:0297,"(0.00, 0.00)",,,,
15:47:10:0432,"(0.00, 0.00)",,,,
15:47:10:0572,"(0.00, 0.00)",,,,
15:47:10:0701,"(0.00, 0.00)",,,,
15:47:10:0830,"(0.00, 0.00)",,,,
15:47:10:0971,"(0.00, 0.00)",,,,
15:47:10:1103,"(0.00, 0.00)",,,,
15:47:10:1236,"(0.00, 0.00)",,,,
15:47:10:1376,"(0.00, 0.00)",,,,
15:47:10:1497,"(0.00, 0.00)",,,,
15:47:10:1639,"(0.00, 0.00)",,,,
15:47:10:1772,"(0.00, 0.00)",,,,
15:47:10:1905,"(0.00, 0.00)",,,,
15:47:10:2053,"(0.00, 0.00)",,,,
15:47:10:2192,"(0.00, 0.00)",,,,
15:47:10:2325,"(0.00, 0.00)",,,,
15:47:10:2460,"(0.00, 0.00)",,,,
15:47:10:2593,"(0.00, 0.00)",,,,
15:47:10:2731,"(0.00, 0.00)",,,,
15:47:10:2861,"(0.00, 0.00)",,,,
15:47:10:2990,"(0.00, 0.00)",,,,
15:47:10:3133,"(0.00, 0.00)",,,,
15:47:10:3270,"(0.00, 0.00)",,,,
15:47:10:3413,"(0.00, 0.00)",,,,
15:47:10:3544,"(0.00, 0.00)",,,,
15:47:10:3672,"(0.00, 0.00)",,,,
15:47:10:3806,"(0.00, 0.00)",,,,
15:47:10:3951,"(0.00, 0.00)",,,,
15:47:10:4077,"(0.00, 0.00)",,,,
15:47:10:4215,"(0.00, 0.00)",,,,
15:47:10:4351,"(0.00, 0.00)",,,,
15:47:10:4480,"(0.00, 0.00)",,,,
15:47:10:4613,"(0.00, 0.00)",,,,
15:47:10:4742,"(0.00, 0.00)",,,,
15:47:10:4884,"(0.00, 0.00)",,,,
15:47:10:5013,"(0.00, 0.00)",,,,
15:47:10:5153,"(0.00, 0.00)",,,,
15:47:10:5292,"(0.00, 0.00)",,,,
15:47:10:5433,"(0.00, 0.00)",,,,
15:47:10:5565,"(0.00, 0.00)",,,,
15:47:10:5701,"(0.00, 0.00)",,,,
15:47:10:5834,"(0.00, 0.00)",,,,
15:47:10:5963,"(0.00, 0.00)",,,,
15:47:10:6109,"(0.00, 0.00)",,,,
15:47:10:6245,"(0.00, 0.00)",,,,
15:47:10:6374,"(0.00, 0.00)",,,,
15:47:10:6509,"(0.00, 0.00)",,,,
15:47:10:6648,"(0.00, 0.00)",,,,
15:47:10:6780,"(0.00, 0.00)",,,,
15:47:10:6917,"(0.00, 0.00)",,,,
15:47:10:7092,"(0.00, 0.00)",,,,
15:47:10:7231,"(0.00, 0.00)",,,,
15:47:10:7374,"(0.00, 0.00)",,,,
15:47:10:7509,"(0.00, 0.00)",,,,
15:47:10:7678,"(0.00, 0.00)",,,,
15:47:10:7852,"(0.00, 0.00)",,,,
15:47:10:8037,"(0.00, 0.00)",,,,
15:47:10:8230,"(0.00, 0.00)",,,,
15:47:10:8419,"(0.00, 0.00)",,,,
15:47:10:8592,"(0.00, 0.00)",,,,
15:47:10:8770,"(0.00, 0.00)",,,,
15:47:10:8955,"(0.00, 0.00)",,,,
15:47:10:9150,"(0.00, 0.00)",,,,
15:47:10:9436,"(0.00, 0.00)",,,,
15:47:10:9632,"(0.00, 0.00)",,,,
15:47:10:9844,"(0.00, 0.00)",,,,
15:47:11:0054,"(0.00, 0.00)",,,,
15:47:11:0257,"(0.00, 0.00)",,,,
15:47:11:0470,"(0.00, 0.00)",,,,
15:47:11:0668,"(0.00, 0.00)",,,,
15:47:11:0895,"(0.00, 0.00)",,,,
15:47:11:1113,"(0.00, 0.00)",,,,
15:47:11:1361,"(0.00, 0.00)",,,,
15:47:11:1575,"(0.00, 0.00)",,,,
15:47:11:1796,"(0.00, 0.00)",,,,
15:47:11:2000,"(0.00, 0.00)",,,,
15:47:11:2187,"(0.00, 0.00)",,,,
15:47:11:2344,"(0.00, 0.00)",,,,
15:47:11:2511,"(0.00, 0.00)",,,,
15:47:11:2666,"(0.00, 0.00)",,,,
15:47:11:2828,"(0.00, 0.00)",,,,
15:47:11:2998,"(0.00, 0.00)",,,,
15:47:11:3136,"(0.00, 0.00)",,,,
15:47:11:3296,"(0.00, 0.00)",,,,
15:47:11:3447,"(0.00, 0.00)",,,,
15:47:11:3591,"(0.00, 0.00)",,,,
15:47:11:3756,"(0.00, 0.00)",,,,
15:47:11:3903,"(0.00, 0.00)",,,,
15:47:11:4061,"(0.00, 0.00)",,,,
15:47:11:4227,"(0.00, 0.00)",,,,
15:47:11:4370,"(0.00, 0.00)",,,,
15:47:11:4497,"(0.00, 0.00)",,,,
15:47:11:4645,"(0.00, 0.00)",,,,
15:47:11:4773,"(0.00, 0.00)",,,,
15:47:11:4918,"(0.00, 0.00)",,,,
15:47:11:5058,"(0.00, 0.00)",,,,
15:47:11:5197,"(0.00, 0.00)",,,,
15:47:11:5336,"(0.00, 0.00)",,,,
15:47:11:5476,"(0.00, 0.00)",,,,
15:47:11:5612,"(0.00, 0.00)",,,,
15:47:11:5745,"(0.00, 0.00)",,,,
15:47:11:5884,"(0.00, 0.00)",,,,
15:47:11:6050,"(0.00, 0.00)",,,,
15:47:11:6193,"(0.00, 0.00)",,,,
15:47:11:6339,"(0.00, 0.00)",,,,
15:47:11:6475,"(0.00, 0.00)",,,,
15:47:11:6632,"(0.00, 0.00)",,,,
15:47:11:6780,"(0.00, 0.00)",,,,
15:47:11:6917,"(0.00, 0.00)",,,,
15:47:11:7055,"(0.00, 0.00)",,,,
15:47:11:7188,"(0.00, 0.00)",,,,
15:47:11:7327,"(0.00, 0.00)",,,,
15:47:11:7495,"(0.00, 0.00)",,,,
15:47:11:7625,"(0.00, 0.00)",,,,
15:47:11:7811,"(0.00, 0.00)",,,,
15:47:11:8013,"(0.00, 0.00)",,,,
15:47:11:8194,"(0.00, 0.00)",,,,
15:47:11:8380,"(0.00, 0.00)",,,,
15:47:11:8566,"(0.00, 0.00)",,,,
15:47:11:8763,"(0.00, 0.00)",,,,
15:47:11:8979,"(0.00, 0.00)",,,,
15:47:11:9168,"(0.00, 0.00)",,,,
15:47:11:9354,"(0.00, 0.00)",,,,
15:47:11:9561,"(0.00, 0.00)",,,,
15:47:11:9735,"(0.00, 0.00)",,,,
15:47:11:9924,"(0.00, 0.00)",,,,
15:47:12:0117,"(0.00, 0.00)",,,,
15:47:12:0301,"(0.00, 0.00)",,,,
15:47:12:0497,"(0.00, 0.00)",,,,
15:47:12:0676,"(0.00, 0.00)",,,,
15:47:12:0883,"(0.00, 0.00)",,,,
15:47:12:1086,"(0.00, 0.00)",,,,
15:47:12:1282,"(0.00, 0.00)",,,,
15:47:12:1418,"(0.00, 0.00)",,,,
15:47:12:1557,"(0.00, 0.00)",,,,
15:47:12:1695,"(0.00, 0.00)",,,,
15:47:12:1848,"(0.00, 0.00)",,,,
15:47:12:1984,"(0.00, 0.00)",,,,
15:47:12:2129,"(0.00, 0.00)",,,,
15:47:12:2271,"(0.00, 0.00)",,,,
15:47:12:2412,"(0.00, 0.00)",,,,
15:47:12:2562,"(0.00, 0.00)",,,,
15:47:12:2703,"(0.00, 0.00)",,,,
15:47:12:2851,"(0.00, 0.00)",,,,
15:47:12:2992,"(0.00, 0.00)",,,,
15:47:12:3136,"(0.00, 0.00)",,,,
15:47:12:3278,"(0.00, 0.00)",,,,
15:47:12:3425,"(0.00, 0.00)",,,,
15:47:12:3564,"(0.00, 0.00)",,,,
15:47:12:3713,"(0.00, 0.00)",,,,
15:47:12:3853,"(0.00, 0.00)",,,,
15:47:12:3999,"(0.00, 0.00)",,,,
15:47:12:4135,"(0.00, 0.00)",,,,
15:47:12:4270,"(0.00, 0.00)",,,,
15:47:12:4417,"(0.00, 0.00)",,,,
15:47:12:4558,"(0.00, 0.00)",,,,
15:47:12:4683,"(0.00, 0.00)",,,,
15:47:12:4827,"(0.00, 0.00)",,,,
15:47:12:4970,"(0.00, 0.00)",,,,
15:47:12:5114,"(0.00, 0.00)",,,,
15:47:12:5255,"(0.00, 0.00)",,,,
15:47:12:5396,"(0.00, 0.00)",,,,
15:47:12:5546,"(0.00, 0.00)",,,,
15:47:12:5688,"(0.00, 0.00)",,,,
15:47:12:5836,"(0.00, 0.00)",,,,
15:47:12:5973,"(0.00, 0.00)",,,,
15:47:12:6128,"(0.00, 0.00)",,,,
15:47:12:6264,"(0.00, 0.00)",,,,
15:47:12:6416,"(0.00, 0.00)",,,,
15:47:12:6557,"(0.00, 0.00)",,,,
15:47:12:6709,"(0.00, 0.00)",,,,
15:47:12:6850,"(0.00, 0.00)",,,,
15:47:12:6997,"(0.00, 0.00)",,,,
15:47:12:7145,"(0.00, 0.00)",,,,
15:47:12:7291,"(0.00, 0.00)",,,,
15:47:12:7432,"(0.00, 0.00)",,,,
15:47:12:7580,"(0.00, 0.00)",,,,
15:47:12:7727,"(0.00, 0.00)",,,,
15:47:12:7903,"(0.00, 0.00)",,,,
15:47:12:8092,"(0.00, 0.00)",,,,
15:47:12:8278,"(0.00, 0.00)",,,,
15:47:12:8467,"(0.00, 0.00)",,,,
15:47:12:8652,"(0.00, 0.00)",,,,
15:47:12:8865,"(0.00, 0.00)",,,,
15:47:12:9084,"(0.00, 0.00)",,,,
15:47:12:9311,"(0.00, 0.00)",,,,
15:47:12:9532,"(0.00, 0.00)",,,,
15:47:12:9793,"(0.00, 0.00)",,,,
15:47:13:0114,"(0.00, 0.00)",,,,
15:47:13:0418,"(0.00, 0.00)",,,,
15:47:13:0665,"(0.00, 0.00)",,,,
15:47:13:0952,"(0.00, 0.00)",,,,
15:47:13:1171,"(0.00, 0.00)",,,,
15:47:13:1400,"(0.00, 0.00)",,,,
15:47:13:1601,"(0.00, 0.00)",,,,
15:47:13:1795,"(0.00, 0.00)",,,,
15:47:13:1977,"(0.00, 0.00)",,,,
15:47:13:2169,"(0.00, 0.00)",,,,
15:47:13:2407,"(0.00, 0.00)",,,,
15:47:13:2592,"(0.00, 0.00)",,,,
15:47:13:2793,"(0.00, 0.00)",,,,
15:47:13:3043,"(0.00, 0.00)",,,,
15:47:13:3215,"(0.00, 0.00)",,,,
15:47:13:3351,"(0.00, 0.00)",,,,
15:47:13:3504,"(0.00, 0.00)",,,,
15:47:13:3654,"(0.00, 0.00)",,,,
15:47:13:3806,"(0.00, 0.00)",,,,
15:47:13:3982,"(0.00, 0.00)",,,,
15:47:13:4153,"(0.00, 0.00)",,,,
15:47:13:4310,"(0.00, 0.00)",,,,
15:47:13:4476,"(0.00, 0.00)",,,,
15:47:13:4638,"(0.00, 0.00)",,,,
15:47:13:4795,"(0.00, 0.00)",,,,
15:47:13:4962,"(0.00, 0.00)",,,,
15:47:13:5127,"(0.00, 0.00)",,,,
15:47:13:5327,"(0.00, 0.00)",,,,
15:47:13:5490,"(0.00, 0.00)",,,,
15:47:13:5645,"(0.00, 0.00)",,,,
15:47:13:5798,"(0.00, 0.00)",,,,
15:47:13:5952,"(0.00, 0.00)",,,,
15:47:13:6092,"(0.00, 0.00)",,,,
15:47:13:6232,"(0.00, 0.00)",,,,
15:47:13:6389,"(0.00, 0.00)",,,,
15:47:13:6535,"(0.00, 0.00)",,,,
15:47:13:6684,"(0.00, 0.00)",,,,
15:47:13:6837,"(0.00, 0.00)",,,,
15:47:13:6975,"(0.00, 0.00)",,,,
15:47:13:7128,"(0.00, 0.00)",,,,
15:47:13:7269,"(0.00, 0.00)",,,,
15:47:13:7410,"(0.00, 0.00)",,,,
15:47:13:7565,"(0.00, 0.00)",,,,
15:47:13:7718,"(0.00, 0.00)",,,,
15:47:13:7854,"(0.00, 0.00)",,,,
15:47:13:8081,"(0.00, 0.00)",,,,
15:47:13:8265,"(0.00, 0.00)",,,,
15:47:13:8454,"(0.00, 0.00)",,,,
15:47:13:8643,"(0.00, 0.00)",,,,
15:47:13:8839,"(0.00, 0.00)",,,,
15:47:13:9036,"(0.00, 0.00)",,,,
15:47:13:9245,"(0.00, 0.00)",,,,
15:47:13:9434,"(0.00, 0.00)",,,,
15:47:13:9624,"(0.00, 0.00)",,,,
15:47:13:9814,"(0.00, 0.00)",,,,
15:47:14:0066,"(0.00, 0.00)",,,,
15:47:14:0241,"(0.00, 0.00)",,,,
15:47:14:0437,"(0.00, 0.00)",,,,
15:47:14:0628,"(0.00, 0.00)",,,,
15:47:14:0821,"(0.00, 0.00)",,,,
15:47:14:1013,"(0.00, 0.00)",,,,
15:47:14:1231,"(0.00, 0.00)",,,,
15:47:14:1419,"(0.00, 0.00)",,,,
15:47:14:1639,"(0.00, 0.00)",,,,
15:47:14:1884,"(0.00, 0.00)",,,,
15:47:14:2193,"(0.00, 0.00)",,,,
15:47:14:2431,"(0.00, 0.00)",,,,
15:47:14:2681,"(0.00, 0.00)",,,,
15:47:14:2935,"(0.00, 0.00)",,,,
15:47:14:3173,"(0.00, 0.00)",,,,
15:47:14:3467,"(0.00, 0.00)",,,,
15:47:14:3709,"(0.00, 0.00)",,,,
15:47:14:3929,"(0.00, 0.00)",,,,
15:47:14:4143,"(0.00, 0.00)",,,,
15:47:14:4335,"(0.00, 0.00)",,,,
15:47:14:4529,"(0.00, 0.00)",,,,
15:47:14:4728,"(0.00, 0.00)",,,,
15:47:14:4928,"(0.00, 0.00)",,,,
15:47:14:5142,"(0.00, 0.00)",,,,
15:47:14:5296,"(0.00, 0.00)",,,,
15:47:14:5452,"(0.00, 0.00)",,,,
15:47:14:5591,"(0.00, 0.00)",,,,
15:47:14:5753,"(0.00, 0.00)",,,,
15:47:14:5896,"(0.00, 0.00)",,,,
15:47:14:6041,"(0.00, 0.00)",,,,
15:47:14:6196,"(0.00, 0.00)",,,,
15:47:14:6340,"(0.00, 0.00)",,,,
15:47:14:6494,"(0.00, 0.00)",,,,
15:47:14:6640,"(0.00, 0.00)",,,,
15:47:14:6779,"(0.00, 0.00)",,,,
15:47:14:6997,"(0.00, 0.00)",,,,
15:47:14:7190,"(0.00, 0.00)",,,,
15:47:14:7382,"(0.00, 0.00)",,,,
15:47:14:7565,"(0.00, 0.00)",,,,
15:47:14:7801,"(0.00, 0.00)",,,,
15:47:14:8015,"(0.00, 0.00)",,,,
15:47:14:8314,"(0.00, 0.00)",,,,
15:47:14:8663,"(0.00, 0.00)",,,,
15:47:14:9342,"(0.00, 0.00)",,,,
15:47:14:9549,"(0.00, 0.00)",,,,
15:47:14:9756,"(0.00, 0.00)",,,,
15:47:14:9948,"(0.00, 0.00)",,,,
15:47:15:0124,"(0.00, 0.00)",,,,
15:47:15:0331,"(0.00, 0.00)",,,,
15:47:15:0552,"(0.00, 0.00)",,,,
15:47:15:0769,"(0.00, 0.00)",,,,
15:47:15:0971,"(0.00, 0.00)",,,,
15:47:15:1189,"(0.00, 0.00)",,,,
15:47:15:1343,"(0.00, 0.00)",,,,
15:47:15:1494,"(0.00, 0.00)",,,,
15:47:15:1641,"(0.00, 0.00)",,,,
15:47:15:1791,"(0.00, 0.00)",,,,
15:47:15:1930,"(0.00, 0.00)",,,,
15:47:15:2090,"(0.00, 0.00)",,,,
15:47:15:2230,"(0.00, 0.00)",,,,
15:47:15:2385,"(0.00, 0.00)",,,,
15:47:15:2532,"(0.00, 0.00)",,,,
15:47:15:2677,"(0.00, 0.00)",,,,
15:47:15:2829,"(0.00, 0.00)",,,,
15:47:15:2987,"(0.00, 0.00)",,,,
15:47:15:3125,"(0.00, 0.00)",,,,
15:47:15:3273,"(0.00, 0.00)",,,,
15:47:15:3426,"(0.00, 0.00)",,,,
15:47:15:3577,"(0.00, 0.00)",,,,
15:47:15:3724,"(0.00, 0.00)",,,,
15:47:15:3886,"(0.00, 0.00)",,,,
15:47:15:4045,"(0.00, 0.00)",,,,
15:47:15:4195,"(0.00, 0.00)",,,,
15:47:15:4343,"(0.00, 0.00)",,,,
15:47:15:4485,"(0.00, 0.00)",,,,
15:47:15:4636,"(0.00, 0.00)",,,,
15:47:15:4788,"(0.00, 0.00)",,,,
15:47:15:4933,"(0.00, 0.00)",,,,
15:47:15:5083,"(0.00, 0.00)",,,,
15:47:15:5236,"(0.00, 0.00)",,,,
15:47:15:5385,"(0.00, 0.00)",,,,
15:47:15:5529,"(0.00, 0.00)",,,,
15:47:15:5683,"(0.00, 0.00)",,,,
15:47:15:5831,"(0.00, 0.00)",,,,
15:47:15:5981,"(0.00, 0.00)",,,,
15:47:15:6124,"(0.00, 0.00)",,,,
15:47:15:6273,"(0.00, 0.00)",,,,
15:47:15:6437,"(0.00, 0.00)",,,,
15:47:15:6580,"(0.00, 0.00)",,,,
15:47:15:6734,"(0.00, 0.00)",,,,
15:47:15:6890,"(0.00, 0.00)",,,,
15:47:15:7063,"(0.00, 0.00)",,,,
15:47:15:7215,"(0.00, 0.00)",,,,
15:47:15:7361,"(0.00, 0.00)",,,,
15:47:15:7524,"(0.00, 0.00)",,,,
15:47:15:7670,"(0.00, 0.00)",,,,
15:47:15:7814,"(0.00, 0.00)",,,,
15:47:15:7969,"(0.00, 0.00)",,,,
15:47:15:8114,"(0.00, 0.00)",,,,
15:47:15:8314,"(0.00, 0.00)",,,,
15:47:15:8506,"(0.00, 0.00)",,,,
15:47:15:8706,"(0.00, 0.00)",,,,
15:47:15:8920,"(0.00, 0.00)",,,,
15:47:15:9146,"(0.00, 0.00)",,,,
15:47:15:9384,"(0.00, 0.00)",,,,
15:47:15:9586,"(0.00, 0.00)",,,,
15:47:15:9802,"(0.00, 0.00)",,,,
15:47:16:0002,"(0.00, 0.00)",,,,
15:47:16:0227,"(0.00, 0.00)",,,,
15:47:16:0434,"(0.00, 0.00)",,,,
15:47:16:0627,"(0.00, 0.00)",,,,
15:47:16:0818,"(0.00, 0.00)",,,,
15:47:16:1012,"(0.00, 0.00)",,,,
15:47:16:1266,"(0.00, 0.00)",,,,
15:47:16:1500,"(0.00, 0.00)",,,,
15:47:16:1739,"(0.00, 0.00)",,,,
15:47:16:1955,"(0.00, 0.00)",,,,
15:47:16:2158,"(0.00, 0.00)",,,,
15:47:16:2396,"(0.00, 0.00)",,,,
15:47:16:2562,"(0.00, 0.00)",,,,
15:47:16:2714,"(0.00, 0.00)",,,,
15:47:16:2891,"(0.00, 0.00)",,,,
15:47:16:3083,"(0.00, 0.00)",,,,
15:47:16:3255,"(0.00, 0.00)",,,,
15:47:16:3427,"(0.00, 0.00)",,,,
15:47:16:3604,"(0.00, 0.00)",,,,
15:47:16:3762,"(0.00, 0.00)",,,,
15:47:16:3937,"(0.00, 0.00)",,,,
15:47:16:4106,"(0.00, 0.00)",,,,
15:47:16:4311,"(0.00, 0.00)",,,,
15:47:16:4490,"(0.00, 0.00)",,,,
15:47:16:4666,"(0.00, 0.00)",,,,
15:47:16:4826,"(0.00, 0.00)",,,,
15:47:16:5071,"(0.00, 0.00)",,,,
15:47:16:5234,"(0.00, 0.00)",,,,
15:47:16:5396,"(0.00, 0.00)",,,,
15:47:16:5580,"(0.00, 0.00)",,,,
15:47:16:5749,"(0.00, 0.00)",,,,
15:47:16:5913,"(0.00, 0.00)",,,,
15:47:16:6175,"(0.00, 0.00)",,,,
15:47:16:6364,"(0.00, 0.00)",,,,
15:47:16:6556,"(0.00, 0.00)",,,,
15:47:16:6715,"(0.00, 0.00)",,,,
15:47:16:6860,"(0.00, 0.00)",,,,
15:47:16:7030,"(0.00, 0.00)",,,,
15:47:16:7184,"(0.00, 0.00)",,,,
15:47:16:7364,"(0.00, 0.00)",,,,
15:47:16:7517,"(0.00, 0.00)",,,,
15:47:16:7691,"(0.00, 0.00)",,,,
15:47:16:7849,"(0.00, 0.00)",,,,
15:47:16:8027,"(0.00, 0.00)",,,,
15:47:16:8175,"(0.00, 0.00)",,,,
15:47:16:8440,"(0.00, 0.00)",,,,
15:47:16:8654,"(0.00, 0.00)",,,,
15:47:16:8866,"(0.00, 0.00)",,,,
15:47:16:9070,"(0.00, 0.00)",,,,
15:47:16:9327,"(0.00, 0.00)",,,,
15:47:16:9595,"(0.00, 0.00)",,,,
15:47:16:9828,"(0.00, 0.00)",,,,
15:47:17:0027,"(0.00, 0.00)",,,,
15:47:17:0230,"(0.00, 0.00)",,,,
15:47:17:0440,"(0.00, 0.00)",,,,
15:47:17:0644,"(0.00, 0.00)",,,,
15:47:17:0856,"(0.00, 0.00)",,,,
15:47:17:1058,"(0.00, 0.00)",,,,
15:47:17:1209,"(0.00, 0.00)",,,,
15:47:17:1362,"(0.00, 0.00)",,,,
15:47:17:1516,"(0.00, 0.00)",,,,
15:47:17:1667,"(0.00, 0.00)",,,,
15:47:17:1825,"(0.00, 0.00)",,,,
15:47:17:1983,"(0.00, 0.00)",,,,
15:47:17:2132,"(0.00, 0.00)",,,,
15:47:17:2291,"(0.00, 0.00)",,,,
15:47:17:2460,"(0.00, 0.00)",,,,
15:47:17:2707,"(0.00, 0.00)",,,,
15:47:17:2929,"(0.00, 0.00)",,,,
15:47:17:3160,"(0.00, 0.00)",,,,
15:47:17:3426,"(0.00, 0.00)",,,,
15:47:17:3652,"(0.00, 0.00)",,,,
15:47:17:3859,"(0.00, 0.00)",,,,
15:47:17:4031,"(0.00, 0.00)",,,,
15:47:17:4187,"(0.00, 0.00)",,,,
15:47:17:4342,"(0.00, 0.00)",,,,
15:47:17:4517,"(0.00, 0.00)",,,,
15:47:17:4685,"(0.00, 0.00)",,,,
15:47:17:4855,"(0.00, 0.00)",,,,
15:47:17:5011,"(0.00, 0.00)",,,,
15:47:17:5182,"(0.00, 0.00)",,,,
15:47:17:5350,"(0.00, 0.00)",,,,
15:47:17:5507,"(0.00, 0.00)",,,,
15:47:17:5663,"(0.00, 0.00)",,,,
15:47:17:5811,"(0.00, 0.00)",,,,
15:47:17:5971,"(0.00, 0.00)",,,,
15:47:17:6112,"(0.00, 0.00)",,,,
15:47:17:6274,"(0.00, 0.00)",,,,
15:47:17:6429,"(0.00, 0.00)",,,,
15:47:17:6588,"(0.00, 0.00)",,,,
15:47:17:6746,"(0.00, 0.00)",,,,
15:47:17:6909,"(0.00, 0.00)",,,,
15:47:17:7077,"(0.00, 0.00)",,,,
15:47:17:7228,"(0.00, 0.00)",,,,
15:47:17:7388,"(0.00, 0.00)",,,,
15:47:17:7538,"(0.00, 0.00)",,,,
15:47:17:7683,"(0.00, 0.00)",,,,
15:47:17:7847,"(0.00, 0.00)",,,,
15:47:17:7990,"(0.00, 0.00)",,,,
15:47:17:8153,"(0.00, 0.00)",,,,
15:47:17:8304,"(0.00, 0.00)",,,,
15:47:17:8518,"(0.00, 0.00)",,,,
15:47:17:8731,"(0.00, 0.00)",,,,
15:47:17:9004,"(0.00, 0.00)",,,,
15:47:17:9242,"(0.00, 0.00)",,,,
15:47:17:9454,"(0.00, 0.00)",,,,
15:47:17:9663,"(0.00, 0.00)",,,,
15:47:17:9916,"(0.00, 0.00)",,,,
15:47:18:0111,"(0.00, 0.00)",,,,
15:47:18:0349,"(0.00, 0.00)",,,,
15:47:18:0559,"(0.00, 0.00)",,,,
15:47:18:0771,"(0.00, 0.00)",,,,
15:47:18:0966,"(0.00, 0.00)",,,,
15:47:18:1111,"(0.00, 0.00)",,,,
15:47:18:1279,"(0.00, 0.00)",,,,
15:47:18:1431,"(0.00, 0.00)",,,,
15:47:18:1579,"(0.00, 0.00)",,,,
15:47:18:1743,"(0.00, 0.00)",,,,
15:47:18:1898,"(0.00, 0.00)",,,,
15:47:18:2058,"(0.00, 0.00)",,,,
15:47:18:2216,"(0.00, 0.00)",,,,
15:47:18:2378,"(0.00, 0.00)",,,,
15:47:18:2525,"(0.00, 0.00)",,,,
15:47:18:2687,"(0.00, 0.00)",,,,
15:47:18:2848,"(0.00, 0.00)",,,,
15:47:18:3002,"(0.00, 0.00)",,,,
15:47:18:3156,"(0.00, 0.00)",,,,
15:47:18:3312,"(0.00, 0.00)",,,,
15:47:18:3464,"(0.00, 0.00)",,,,
15:47:18:3625,"(0.00, 0.00)",,,,
15:47:18:3785,"(0.00, 0.00)",,,,
15:47:18:3940,"(0.00, 0.00)",,,,
15:47:18:4092,"(0.00, 0.00)",,,,
15:47:18:4254,"(0.00, 0.00)",,,,
15:47:18:4404,"(0.00, 0.00)",,,,
15:47:18:4564,"(0.00, 0.00)",,,,
15:47:18:4723,"(0.00, 0.00)",,,,
15:47:18:4875,"(0.00, 0.00)",,,,
15:47:18:5029,"(0.00, 0.00)",,,,
15:47:18:5183,"(0.00, 0.00)",,,,
15:47:18:5339,"(0.00, 0.00)",,,,
15:47:18:5496,"(0.00, 0.00)",,,,
15:47:18:5650,"(0.00, 0.00)",,,,
15:47:18:5799,"(0.00, 0.00)",,,,
15:47:18:5960,"(0.00, 0.00)",,,,
15:47:18:6114,"(0.00, 0.00)",,,,
15:47:18:6267,"(0.00, 0.00)",,,,
15:47:18:6428,"(0.00, 0.00)",,,,
15:47:18:6582,"(0.00, 0.00)",,,,
15:47:18:6741,"(0.00, 0.00)",,,,
15:47:18:6891,"(0.00, 0.00)",,,,
15:47:18:7050,"(0.00, 0.00)",,,,
15:47:18:7214,"(0.00, 0.00)",,,,
15:47:18:7380,"(0.00, 0.00)",,,,
15:47:18:7525,"(0.00, 0.00)",,,,
15:47:18:7689,"(0.00, 0.00)",,,,
15:47:18:7844,"(0.00, 0.00)",,,,
15:47:18:8010,"(0.00, 0.00)",,,,
15:47:18:8170,"(0.00, 0.00)",,,,
15:47:18:8330,"(0.00, 0.00)",,,,
15:47:18:8499,"(0.00, 0.00)",,,,
15:47:18:8709,"(0.00, 0.00)",,,,
15:47:18:8928,"(0.00, 0.00)",,,,
15:47:18:9140,"(0.00, 0.00)",,,,
15:47:18:9372,"(0.00, 0.00)",,,,
15:47:18:9600,"(0.00, 0.00)",,,,
15:47:18:9808,"(0.00, 0.00)",,,,
15:47:19:0052,"(0.00, 0.00)",,,,
15:47:19:0300,"(0.00, 0.00)",,,,
15:47:19:0571,"(0.00, 0.00)",,,,
15:47:19:0857,"(0.00, 0.00)",,,,
15:47:19:1140,"(0.00, 0.00)",,,,
15:47:19:1458,"(0.00, 0.00)",,,,
15:47:19:1774,"(0.00, 0.00)",,,,
15:47:19:2025,"(0.00, 0.00)",,,,
15:47:19:2261,"(0.00, 0.00)",,,,
15:47:19:2439,"(0.00, 0.00)",,,,
15:47:19:2625,"(0.00, 0.00)",,,,
15:47:19:2812,"(0.00, 0.00)",,,,
15:47:19:3008,"(0.00, 0.00)",,,,
15:47:19:3224,"(0.00, 0.00)",,,,
15:47:19:3403,"(0.00, 0.00)",,,,
15:47:19:3594,"(0.00, 0.00)",,,,
15:47:19:3779,"(0.00, 0.00)",,,,
15:47:19:3959,"(0.00, 0.00)",,,,
15:47:19:4130,"(0.00, 0.00)",,,,
15:47:19:4299,"(0.00, 0.00)",,,,
15:47:19:4469,"(0.00, 0.00)",,,,
15:47:19:4628,"(0.00, 0.00)",,,,
15:47:19:4796,"(0.00, 0.00)",,,,
15:47:19:4969,"(0.00, 0.00)",,,,
15:47:19:5125,"(0.00, 0.00)",,,,
15:47:19:5305,"(0.00, 0.00)",,,,
15:47:19:5475,"(0.00, 0.00)",,,,
15:47:19:5636,"(0.00, 0.00)",,,,
15:47:19:5784,"(0.00, 0.00)",,,,
15:47:19:5948,"(0.00, 0.00)",,,,
15:47:19:6105,"(0.00, 0.00)",,,,
15:47:19:6265,"(0.00, 0.00)",,,,
15:47:19:6425,"(0.00, 0.00)",,,,
15:47:19:6588,"(0.00, 0.00)",,,,
15:47:19:6744,"(0.00, 0.00)",,,,
15:47:19:6903,"(0.00, 0.00)",,,,
15:47:19:7079,"(0.00, 0.00)",,,,
15:47:19:7243,"(0.00, 0.00)",,,,
15:47:19:7407,"(0.00, 0.00)",,,,
15:47:19:7572,"(0.00, 0.00)",,,,
15:47:19:7751,"(0.00, 0.00)",,,,
15:47:19:7920,"(0.00, 0.00)",,,,
15:47:19:8084,"(0.00, 0.00)",,,,
15:47:19:8256,"(0.00, 0.00)",,,,
15:47:19:8405,"(0.00, 0.00)",,,,
15:47:19:8564,"(0.00, 0.00)",,,,
15:47:19:8776,"(0.00, 0.00)",,,,
15:47:19:8992,"(0.00, 0.00)",,,,
15:47:19:9210,"(0.00, 0.00)",,,,
15:47:19:9416,"(0.00, 0.00)",,,,
15:47:19:9639,"(0.00, 0.00)",,,,
15:47:19:9861,"(0.00, 0.00)",,,,
15:47:20:0077,"(0.00, 0.00)",,,,
15:47:20:0306,"(0.00, 0.00)",,,,
15:47:20:0529,"(0.00, 0.00)",,,,
15:47:20:0767,"(0.00, 0.00)",,,,
15:47:20:0989,"(0.00, 0.00)",,,,
15:47:20:1255,"(0.00, 0.00)",,,,
15:47:20:1507,"(0.00, 0.00)",,,,
15:47:20:1762,"(0.00, 0.00)",,,,
15:47:20:2006,"(0.00, 0.00)",,,,
15:47:20:2270,"(0.00, 0.00)",,,,
15:47:20:2511,"(0.00, 0.00)",,,,
15:47:20:2855,"(0.00, 0.00)",,,,
15:47:20:3207,"(0.00, 0.00)",,,,
15:47:20:3544,"(0.00, 0.00)",,,,
15:47:20:3911,"(0.00, 0.00)",,,,
15:47:20:4737,"(0.00, 0.00)",,,,
15:47:20:4965,"(0.00, 0.00)",,,,
15:47:20:5144,"(0.00, 0.00)",,,,
15:47:20:5349,"(0.00, 0.00)",,,,
15:47:20:5568,"(0.00, 0.00)",,,,
15:47:20:5753,"(0.00, 0.00)",,,,
15:47:20:5932,"(0.00, 0.00)",,,,
15:47:20:6125,"(0.00, 0.00)",,,,
15:47:20:6305,"(0.00, 0.00)",,,,
15:47:20:6480,"(0.00, 0.00)",,,,
15:47:20:6668,"(0.00, 0.00)",,,,
15:47:20:6891,"(0.00, 0.00)",,,,
15:47:20:7089,"(0.00, 0.00)",,,,
15:47:20:7265,"(0.00, 0.00)",,,,
15:47:20:7461,"(0.00, 0.00)",,,,
15:47:20:7641,"(0.00, 0.00)",,,,
15:47:20:7814,"(0.00, 0.00)",,,,
15:47:20:8037,"(0.00, 0.00)",,,,
15:47:20:8216,"(0.00, 0.00)",,,,
15:47:20:8402,"(0.00, 0.00)",,,,
15:47:20:8575,"(0.00, 0.00)",,,,
15:47:20:8750,"(0.00, 0.00)",,,,
15:47:20:8962,"(0.00, 0.00)",,,,
15:47:20:9168,"(0.00, 0.00)",,,,
15:47:20:9420,"(0.00, 0.00)",,,,
15:47:20:9678,"(0.00, 0.00)",,,,
15:47:20:9914,"(0.00, 0.00)",,,,
15:47:21:0144,"(0.00, 0.00)",,,,
15:47:21:0367,"(0.00, 0.00)",,,,
15:47:21:0626,"(0.00, 0.00)",,,,
15:47:21:0846,"(0.00, 0.00)",,,,
15:47:21:1051,"(0.00, 0.00)",,,,
15:47:21:1276,"(0.00, 0.00)",,,,
15:47:21:1484,"(0.00, 0.00)",,,,
15:47:21:1711,"(0.00, 0.00)",,,,
15:47:21:1940,"(0.00, 0.00)",,,,
15:47:21:2175,"(0.00, 0.00)",,,,
15:47:21:2438,"(0.00, 0.00)",,,,
15:47:21:2733,"(0.00, 0.00)",,,,
15:47:21:3073,"(0.00, 0.00)",,,,
15:47:21:3419,"(0.00, 0.00)",,,,
15:47:21:3650,"(0.00, 0.00)",,,,
15:47:21:3879,"(0.00, 0.00)",,,,
15:47:21:4097,"(0.00, 0.00)",,,,
15:47:21:4301,"(0.00, 0.00)",,,,
15:47:21:4475,"(0.00, 0.00)",,,,
15:47:21:4648,"(0.00, 0.00)",,,,
15:47:21:4818,"(0.00, 0.00)",,,,
15:47:21:4979,"(0.00, 0.00)",,,,
15:47:21:5154,"(0.00, 0.00)",,,,
15:47:21:5313,"(0.00, 0.00)",,,,
15:47:21:5486,"(0.00, 0.00)",,,,
15:47:21:5649,"(0.00, 0.00)",,,,
15:47:21:5836,"(0.00, 0.00)",,,,
15:47:21:6012,"(0.00, 0.00)",,,,
15:47:21:6192,"(0.00, 0.00)",,,,
15:47:21:6354,"(0.00, 0.00)",,,,
15:47:21:6542,"(0.00, 0.00)",,,,
15:47:21:6726,"(0.00, 0.00)",,,,
15:47:21:6911,"(0.00, 0.00)",,,,
15:47:21:7118,"(0.00, 0.00)",,,,
15:47:21:7316,"(0.00, 0.00)",,,,
15:47:21:7573,"(0.00, 0.00)",,,,
15:47:21:7767,"(0.00, 0.00)",,,,
15:47:21:7962,"(0.00, 0.00)",,,,
15:47:21:8142,"(0.00, 0.00)",,,,
15:47:21:8309,"(0.00, 0.00)",,,,
15:47:21:8518,"(0.00, 0.00)",,,,
15:47:21:8688,"(0.00, 0.00)",,,,
15:47:21:8910,"(0.00, 0.00)",,,,
15:47:21:9161,"(0.00, 0.00)",,,,
15:47:21:9474,"(0.00, 0.00)",,,,
15:47:21:9791,"(0.00, 0.00)",,,,
15:47:22:0138,"(0.00, 0.00)",,,,
15:47:22:0452,"(0.00, 0.00)",,,,
15:47:22:0898,"(0.00, 0.00)",,,,
15:47:22:1196,"(0.00, 0.00)",,,,
15:47:22:1470,"(0.00, 0.00)",,,,
15:47:22:1688,"(0.00, 0.00)",,,,
15:47:22:1905,"(0.00, 0.00)",,,,
15:47:22:2116,"(0.00, 0.00)",,,,
15:47:22:2333,"(0.00, 0.00)",,,,
15:47:22:2554,"(0.00, 0.00)",,,,
15:47:22:2786,"(0.00, 0.00)",,,,
15:47:22:2992,"(0.00, 0.00)",,,,
15:47:22:3239,"(0.00, 0.00)",,,,
15:47:22:3533,"(0.00, 0.00)",,,,
15:47:22:3902,"(0.00, 0.00)",,,,
15:47:22:4178,"(0.00, 0.00)",,,,
15:47:22:4425,"(0.00, 0.00)",,,,
15:47:22:4608,"(0.00, 0.00)",,,,
15:47:22:4789,"(0.00, 0.00)",,,,
15:47:22:4962,"(0.00, 0.00)",,,,
15:47:22:5138,"(0.00, 0.00)",,,,
15:47:22:5293,"(0.00, 0.00)",,,,
15:47:22:5470,"(0.00, 0.00)",,,,
15:47:22:5638,"(0.00, 0.00)",,,,
15:47:22:5809,"(0.00, 0.00)",,,,
15:47:22:6087,"(0.00, 0.00)",,,,
15:47:22:6304,"(0.00, 0.00)",,,,
15:47:22:6475,"(0.00, 0.00)",,,,
15:47:22:6651,"(0.00, 0.00)",,,,
15:47:22:6841,"(0.00, 0.00)",,,,
15:47:22:7010,"(0.00, 0.00)",,,,
15:47:22:7217,"(0.00, 0.00)",,,,
15:47:22:7414,"(0.00, 0.00)",,,,
15:47:22:7581,"(0.00, 0.00)",,,,
15:47:22:7749,"(0.00, 0.00)",,,,
15:47:22:7915,"(0.00, 0.00)",,,,
15:47:22:8087,"(0.00, 0.00)",,,,
15:47:22:8255,"(0.00, 0.00)",,,,
15:47:22:8426,"(0.00, 0.00)",,,,
15:47:22:8596,"(0.00, 0.00)",,,,
15:47:22:8767,"(0.00, 0.00)",,,,
15:47:22:8985,"(0.00, 0.00)",,,,
15:47:22:9265,"(0.00, 0.00)",,,,
15:47:22:9481,"(0.00, 0.00)",,,,
15:47:22:9691,"(0.00, 0.00)",,,,
15:47:22:9933,"(0.00, 0.00)",,,,
15:47:23:0177,"(0.00, 0.00)",,,,
15:47:23:0470,"(0.00, 0.00)",,,,
15:47:23:0688,"(0.00, 0.00)",,,,
15:47:23:0938,"(0.00, 0.00)",,,,
15:47:23:1162,"(0.00, 0.00)",,,,
15:47:23:1383,"(0.00, 0.00)",,,,
15:47:23:1607,"(0.00, 0.00)",,,,
15:47:23:1768,"(0.00, 0.00)",,,,
15:47:23:1942,"(0.00, 0.00)",,,,
15:47:23:2096,"(0.00, 0.00)",,,,
15:47:23:2279,"(0.00, 0.00)",,,,
15:47:23:2443,"(0.00, 0.00)",,,,
15:47:23:2618,"(0.00, 0.00)",,,,
15:47:23:2803,"(0.00, 0.00)",,,,
15:47:23:2974,"(0.00, 0.00)",,,,
15:47:23:3149,"(0.00, 0.00)",,,,
15:47:23:3324,"(0.00, 0.00)",,,,
15:47:23:3492,"(0.00, 0.00)",,,,
15:47:23:3674,"(0.00, 0.00)",,,,
15:47:23:3840,"(0.00, 0.00)",,,,
15:47:23:4009,"(0.00, 0.00)",,,,
15:47:23:4177,"(0.00, 0.00)",,,,
15:47:23:4350,"(0.00, 0.00)",,,,
15:47:23:4525,"(0.00, 0.00)",,,,
15:47:23:4682,"(0.00, 0.00)",,,,
15:47:23:4892,"(0.00, 0.00)",,,,
15:47:23:5124,"(0.00, 0.00)",,,,
15:47:23:5366,"(0.00, 0.00)",,,,
15:47:23:5576,"(0.00, 0.00)",,,,
15:47:23:5811,"(0.00, 0.00)",,,,
15:47:23:6043,"(0.00, 0.00)",,,,
15:47:23:6242,"(0.00, 0.00)",,,,
15:47:23:6409,"(0.00, 0.00)",,,,
15:47:23:6577,"(0.00, 0.00)",,,,
15:47:23:6764,"(0.00, 0.00)",,,,
15:47:23:6929,"(0.00, 0.00)",,,,
15:47:23:7109,"(0.00, 0.00)",,,,
15:47:23:7274,"(0.00, 0.00)",,,,
15:47:23:7449,"(0.00, 0.00)",,,,
15:47:23:7616,"(0.00, 0.00)",,,,
15:47:23:7777,"(0.00, 0.00)",,,,
15:47:23:7983,"(0.00, 0.00)",,,,
15:47:23:8174,"(0.00, 0.00)",,,,
15:47:23:8349,"(0.00, 0.00)",,,,
15:47:23:8520,"(0.00, 0.00)",,,,
15:47:23:8689,"(0.00, 0.00)",,,,
15:47:23:8888,"(0.00, 0.00)",,,,
15:47:23:9119,"(0.00, 0.00)",,,,
15:47:23:9349,"(0.00, 0.00)",,,,
15:47:23:9610,"(0.00, 0.00)",,,,
15:47:23:9880,"(0.00, 0.00)",,,,
15:47:24:0110,"(0.00, 0.00)",,,,
15:47:24:0374,"(0.00, 0.00)",,,,
15:47:24:0606,"(0.00, 0.00)",,,,
15:47:24:0866,"(0.00, 0.00)",,,,
15:47:24:1135,"(0.00, 0.00)",,,,
15:47:24:1389,"(0.00, 0.00)",,,,
15:47:24:1612,"(0.00, 0.00)",,,,
15:47:24:1913,"(0.00, 0.00)",,,,
15:47:24:2118,"(0.00, 0.00)",,,,
15:47:24:2316,"(0.00, 0.00)",,,,
15:47:24:2504,"(0.00, 0.00)",,,,
15:47:24:2699,"(0.00, 0.00)",,,,
15:47:24:2911,"(0.00, 0.00)",,,,
15:47:24:3116,"(0.00, 0.00)",,,,
15:47:24:3303,"(0.00, 0.00)",,,,
15:47:24:3524,"(0.00, 0.00)",,,,
15:47:24:3746,"(0.00, 0.00)",,,,
15:47:24:3955,"(0.00, 0.00)",,,,
15:47:24:4203,"(0.00, 0.00)",,,,
15:47:24:4436,"(0.00, 0.00)",,,,
15:47:24:4718,"(0.00, 0.00)",,,,
15:47:24:4947,"(0.00, 0.00)",,,,
15:47:24:5231,"(0.00, 0.00)",,,,
15:47:24:5486,"(0.00, 0.00)",,,,
15:47:24:5678,"(0.00, 0.00)",,,,
15:47:24:5874,"(0.00, 0.00)",,,,
15:47:24:6058,"(0.00, 0.00)",,,,
15:47:24:6251,"(0.00, 0.00)",,,,
15:47:24:6448,"(0.00, 0.00)",,,,
15:47:24:6612,"(0.00, 0.00)",,,,
15:47:24:6802,"(0.00, 0.00)",,,,
15:47:24:6978,"(0.00, 0.00)",,,,
15:47:24:7178,"(0.00, 0.00)",,,,
15:47:24:7358,"(0.00, 0.00)",,,,
15:47:24:7538,"(0.00, 0.00)",,,,
15:47:24:7714,"(0.00, 0.00)",,,,
15:47:24:7888,"(0.00, 0.00)",,,,
15:47:24:8077,"(0.00, 0.00)",,,,
15:47:24:8258,"(0.00, 0.00)",,,,
15:47:24:8430,"(0.00, 0.00)",,,,
15:47:24:8612,"(0.00, 0.00)",,,,
15:47:24:8793,"(0.00, 0.00)",,,,
15:47:24:8971,"(0.00, 0.00)",,,,
15:47:24:9242,"(0.00, 0.00)",,,,
15:47:24:9466,"(0.00, 0.00)",,,,
15:47:24:9725,"(0.00, 0.00)",,,,
15:47:25:0000,"(0.00, 0.00)",,,,
15:47:25:0271,"(0.00, 0.00)",,,,
15:47:25:0529,"(0.00, 0.00)",,,,
15:47:25:0766,"(0.00, 0.00)",,,,
15:47:25:1014,"(0.00, 0.00)",,,,
15:47:25:1310,"(0.00, 0.00)",,,,
15:47:25:1584,"(0.00, 0.00)",,,,
15:47:25:1816,"(0.00, 0.00)",,,,
15:47:25:2132,"(0.00, 0.00)",,,,
15:47:25:2430,"(0.00, 0.00)",,,,
15:47:25:2674,"(0.00, 0.00)",,,,
15:47:25:2926,"(0.00, 0.00)",,,,
15:47:25:3252,"(0.00, 0.00)",,,,
15:47:25:3493,"(0.00, 0.00)",,,,
15:47:25:3727,"(0.00, 0.00)",,,,
15:47:25:3903,"(0.00, 0.00)",,,,
15:47:25:4085,"(0.00, 0.00)",,,,
15:47:25:4264,"(0.00, 0.00)",,,,
15:47:25:4440,"(0.00, 0.00)",,,,
15:47:25:4619,"(0.00, 0.00)",,,,
15:47:25:4797,"(0.00, 0.00)",,,,
15:47:25:5005,"(0.00, 0.00)",,,,
15:47:25:5197,"(0.00, 0.00)",,,,
15:47:25:5371,"(0.00, 0.00)",,,,
15:47:25:5554,"(0.00, 0.00)",,,,
15:47:25:5728,"(0.00, 0.00)",,,,
15:47:25:5902,"(0.00, 0.00)",,,,
15:47:25:6101,"(0.00, 0.00)",,,,
15:47:25:6292,"(0.00, 0.00)",,,,
15:47:25:6478,"(0.00, 0.00)",,,,
15:47:25:6684,"(0.00, 0.00)",,,,
15:47:25:6865,"(0.00, 0.00)",,,,
15:47:25:7044,"(0.00, 0.00)",,,,
15:47:25:7225,"(0.00, 0.00)",,,,
15:47:25:7409,"(0.00, 0.00)",,,,
15:47:25:7616,"(0.00, 0.00)",,,,
15:47:25:7798,"(0.00, 0.00)",,,,
15:47:25:8062,"(0.00, 0.00)",,,,
15:47:25:8280,"(0.00, 0.00)",,,,
15:47:25:8502,"(0.00, 0.00)",,,,
15:47:25:8728,"(0.00, 0.00)",,,,
15:47:25:9050,"(0.00, 0.00)",,,,
15:47:25:9446,"(0.00, 0.00)",,,,
15:47:25:9817,"(0.00, 0.00)",,,,
15:47:26:0610,"(0.00, 0.00)",,,,
15:47:26:0863,"(0.00, 0.00)",,,,
15:47:26:1112,"(0.00, 0.00)",,,,
15:47:26:1377,"(0.00, 0.00)",,,,
15:47:26:1687,"(0.00, 0.00)",,,,
15:47:26:1939,"(0.00, 0.00)",,,,
15:47:26:2187,"(0.00, 0.00)",,,,
15:47:26:2446,"(0.00, 0.00)",,,,
15:47:26:2715,"(0.00, 0.00)",,,,
15:47:26:2964,"(0.00, 0.00)",,,,
15:47:26:3229,"(0.00, 0.00)",,,,
15:47:26:3496,"(0.00, 0.00)",,,,
15:47:26:3759,"(0.00, 0.00)",,,,
15:47:26:3999,"(0.00, 0.00)",,,,
15:47:26:4247,"(0.00, 0.00)",,,,
15:47:26:4428,"(0.00, 0.00)",,,,
15:47:26:4615,"(0.00, 0.00)",,,,
15:47:26:4792,"(0.00, 0.00)",,,,
15:47:26:4973,"(0.00, 0.00)",,,,
15:47:26:5170,"(0.00, 0.00)",,,,
15:47:26:5362,"(0.00, 0.00)",,,,
15:47:26:5540,"(0.00, 0.00)",,,,
15:47:26:5729,"(0.00, 0.00)",,,,
15:47:26:5931,"(0.00, 0.00)",,,,
15:47:26:6132,"(0.00, 0.00)",,,,
15:47:26:6330,"(0.00, 0.00)",,,,
15:47:26:6517,"(0.00, 0.00)",,,,
15:47:26:6688,"(0.00, 0.00)",,,,
15:47:26:6892,"(0.00, 0.00)",,,,
15:47:26:7074,"(0.00, 0.00)",,,,
15:47:26:7255,"(0.00, 0.00)",,,,
15:47:26:7425,"(0.00, 0.00)",,,,
15:47:26:7634,"(0.00, 0.00)",,,,
15:47:26:7817,"(0.00, 0.00)",,,,
15:47:26:8011,"(0.00, 0.00)",,,,
15:47:26:8201,"(0.00, 0.00)",,,,
15:47:26:8387,"(0.00, 0.00)",,,,
15:47:26:8558,"(0.00, 0.00)",,,,
15:47:26:8752,"(0.00, 0.00)",,,,
15:47:26:8936,"(0.00, 0.00)",,,,
15:47:26:9112,"(0.00, 0.00)",,,,
15:47:26:9411,"(0.00, 0.00)",,,,
15:47:26:9685,"(0.00, 0.00)",,,,
15:47:26:9947,"(0.00, 0.00)",,,,
15:47:27:0279,"(0.00, 0.00)",,,,
15:47:27:0549,"(0.00, 0.00)",,,,
15:47:27:0788,"(0.00, 0.00)",,,,
15:47:27:1059,"(0.00, 0.00)",,,,
15:47:27:1287,"(0.00, 0.00)",,,,
15:47:27:1528,"(0.00, 0.00)",,,,
15:47:27:1810,"(0.00, 0.00)",,,,
15:47:27:2084,"(0.00, 0.00)",,,,
15:47:27:2349,"(0.00, 0.00)",,,,
15:47:27:2610,"(0.00, 0.00)",,,,
15:47:27:2900,"(0.00, 0.00)",,,,
15:47:27:3229,"(0.00, 0.00)",,,,
15:47:27:3461,"(0.00, 0.00)",,,,
15:47:27:3742,"(0.00, 0.00)",,,,
15:47:27:3989,"(0.00, 0.00)",,,,
15:47:27:4283,"(0.00, 0.00)",,,,
15:47:27:4493,"(0.00, 0.00)",,,,
15:47:27:4689,"(0.00, 0.00)",,,,
15:47:27:4891,"(0.00, 0.00)",,,,
15:47:27:5070,"(0.00, 0.00)",,,,
15:47:27:5251,"(0.00, 0.00)",,,,
15:47:27:5425,"(0.00, 0.00)",,,,
15:47:27:5614,"(0.00, 0.00)",,,,
15:47:27:5786,"(0.00, 0.00)",,,,
15:47:27:5987,"(0.00, 0.00)",,,,
15:47:27:6208,"(0.00, 0.00)",,,,
15:47:27:6393,"(0.00, 0.00)",,,,
15:47:27:6566,"(0.00, 0.00)",,,,
15:47:27:6762,"(0.00, 0.00)",,,,
15:47:27:6964,"(0.00, 0.00)",,,,
15:47:27:7163,"(0.00, 0.00)",,,,
15:47:27:7360,"(0.00, 0.00)",,,,
15:47:27:7545,"(0.00, 0.00)",,,,
15:47:27:7738,"(0.00, 0.00)",,,,
15:47:27:7956,"(0.00, 0.00)",,,,
15:47:27:8137,"(0.00, 0.00)",,,,
15:47:27:8332,"(0.00, 0.00)",,,,
15:47:27:8518,"(0.00, 0.00)",,,,
15:47:27:8699,"(0.00, 0.00)",,,,
15:47:27:8889,"(0.00, 0.00)",,,,
15:47:27:9090,"(0.00, 0.00)",,,,
15:47:27:9264,"(0.00, 0.00)",,,,
15:47:27:9527,"(0.00, 0.00)",,,,
15:47:27:9844,"(0.00, 0.00)",,,,
15:47:28:0106,"(0.00, 0.00)",,,,
15:47:28:0344,"(0.00, 0.00)",,,,
15:47:28:0596,"(0.00, 0.00)",,,,
15:47:28:0947,"(0.00, 0.00)",,,,
15:47:28:1243,"(0.00, 0.00)",,,,
15:47:28:1516,"(0.00, 0.00)",,,,
15:47:28:1758,"(0.00, 0.00)",,,,
15:47:28:2016,"(0.00, 0.00)",,,,
15:47:28:2310,"(0.00, 0.00)",,,,
15:47:28:2557,"(0.00, 0.00)",,,,
15:47:28:2812,"(0.00, 0.00)",,,,
15:47:28:3110,"(0.00, 0.00)",,,,
15:47:28:3374,"(0.00, 0.00)",,,,
15:47:28:3600,"(0.00, 0.00)",,,,
15:47:28:3852,"(0.00, 0.00)",,,,
15:47:28:4125,"(0.00, 0.00)",,,,
15:47:28:4383,"(0.00, 0.00)",,,,
15:47:28:4629,"(0.00, 0.00)",,,,
15:47:28:4945,"(0.00, 0.00)",,,,
15:47:28:5131,"(0.00, 0.00)",,,,
15:47:28:5353,"(0.00, 0.00)",,,,
15:47:28:5536,"(0.00, 0.00)",,,,
15:47:28:5718,"(0.00, 0.00)",,,,
15:47:28:5900,"(0.00, 0.00)",,,,
15:47:28:6127,"(0.00, 0.00)",,,,
15:47:28:6351,"(0.00, 0.00)",,,,
15:47:28:6545,"(0.00, 0.00)",,,,
15:47:28:6768,"(0.00, 0.00)",,,,
15:47:28:6969,"(0.00, 0.00)",,,,
15:47:28:7166,"(0.00, 0.00)",,,,
15:47:28:7379,"(0.00, 0.00)",,,,
15:47:28:7572,"(0.00, 0.00)",,,,
15:47:28:7758,"(0.00, 0.00)",,,,
15:47:28:7964,"(0.00, 0.00)",,,,
15:47:28:8150,"(0.00, 0.00)",,,,
15:47:28:8352,"(0.00, 0.00)",,,,
15:47:28:8579,"(0.00, 0.00)",,,,
15:47:28:8783,"(0.00, 0.00)",,,,
15:47:28:9010,"(0.00, 0.00)",,,,
15:47:28:9210,"(0.00, 0.00)",,,,
15:47:28:9456,"(0.00, 0.00)",,,,
15:47:28:9790,"(0.00, 0.00)",,,,
15:47:29:0097,"(0.00, 0.00)",,,,
15:47:29:0386,"(0.00, 0.00)",,,,
15:47:29:0700,"(0.00, 0.00)",,,,
15:47:29:0972,"(0.00, 0.00)",,,,
15:47:29:1258,"(0.00, 0.00)",,,,
15:47:29:1523,"(0.00, 0.00)",,,,
15:47:29:1762,"(0.00, 0.00)",,,,
15:47:29:2039,"(0.00, 0.00)",,,,
15:47:29:2374,"(0.00, 0.00)",,,,
15:47:29:2610,"(0.00, 0.00)",,,,
15:47:29:2861,"(0.00, 0.00)",,,,
15:47:29:3125,"(0.00, 0.00)",,,,
15:47:29:3474,"(0.00, 0.00)",,,,
15:47:29:3741,"(0.00, 0.00)",,,,
15:47:29:3989,"(0.00, 0.00)",,,,
15:47:29:4237,"(0.00, 0.00)",,,,
15:47:29:4601,"(0.00, 0.00)",,,,
15:47:29:4824,"(0.00, 0.00)",,,,
15:47:29:5006,"(0.00, 0.00)",,,,
15:47:29:5192,"(0.00, 0.00)",,,,
15:47:29:5390,"(0.00, 0.00)",,,,
15:47:29:5596,"(0.00, 0.00)",,,,
15:47:29:5771,"(0.00, 0.00)",,,,
15:47:29:5964,"(0.00, 0.00)",,,,
15:47:29:6144,"(0.00, 0.00)",,,,
15:47:29:6356,"(0.00, 0.00)",,,,
15:47:29:6536,"(0.00, 0.00)",,,,
15:47:29:6716,"(0.00, 0.00)",,,,
15:47:29:6906,"(0.00, 0.00)",,,,
15:47:29:7096,"(0.00, 0.00)",,,,
15:47:29:7283,"(0.00, 0.00)",,,,
15:47:29:7493,"(0.00, 0.00)",,,,
15:47:29:7701,"(0.00, 0.00)",,,,
15:47:29:7895,"(0.00, 0.00)",,,,
15:47:29:8089,"(0.00, 0.00)",,,,
15:47:29:8297,"(0.00, 0.00)",,,,
15:47:29:8486,"(0.00, 0.00)",,,,
15:47:29:8686,"(0.00, 0.00)",,,,
15:47:29:8900,"(0.00, 0.00)",,,,
15:47:29:9093,"(0.00, 0.00)",,,,
15:47:29:9344,"(0.00, 0.00)",,,,
15:47:29:9587,"(0.00, 0.00)",,,,
15:47:29:9842,"(0.00, 0.00)",,,,
15:47:30:0089,"(0.00, 0.00)",,,,
15:47:30:0353,"(0.00, 0.00)",,,,
15:47:30:0624,"(0.00, 0.00)",,,,
15:47:30:0883,"(0.00, 0.00)",,,,
15:47:30:1124,"(0.00, 0.00)",,,,
15:47:30:1400,"(0.00, 0.00)",,,,
15:47:30:1680,"(0.00, 0.00)",,,,
15:47:30:1960,"(0.00, 0.00)",,,,
15:47:30:2224,"(0.00, 0.00)",,,,
15:47:30:2490,"(0.00, 0.00)",,,,
15:47:30:2794,"(0.00, 0.00)",,,,
15:47:30:3069,"(0.00, 0.00)",,,,
15:47:30:3341,"(0.00, 0.00)",,,,
15:47:30:3589,"(0.00, 0.00)",,,,
15:47:30:3868,"(0.00, 0.00)",,,,
15:47:30:4205,"(0.00, 0.00)",,,,
15:47:30:4412,"(0.00, 0.00)",,,,
15:47:30:4588,"(0.00, 0.00)",,,,
15:47:30:4785,"(0.00, 0.00)",,,,
15:47:30:4982,"(0.00, 0.00)",,,,
15:47:30:5192,"(0.00, 0.00)",,,,
15:47:30:5386,"(0.00, 0.00)",,,,
15:47:30:5582,"(0.00, 0.00)",,,,
15:47:30:5776,"(0.00, 0.00)",,,,
15:47:30:5970,"(0.00, 0.00)",,,,
15:47:30:6160,"(0.00, 0.00)",,,,
15:47:30:6374,"(0.00, 0.00)",,,,
15:47:30:6558,"(0.00, 0.00)",,,,
15:47:30:6760,"(0.00, 0.00)",,,,
15:47:30:6970,"(0.00, 0.00)",,,,
15:47:30:7157,"(0.00, 0.00)",,,,
15:47:30:7347,"(0.00, 0.00)",,,,
15:47:30:7533,"(0.00, 0.00)",,,,
15:47:30:7725,"(0.00, 0.00)",,,,
15:47:30:7927,"(0.00, 0.00)",,,,
15:47:30:8116,"(0.00, 0.00)",,,,
15:47:30:8324,"(0.00, 0.00)",,,,
15:47:30:8542,"(0.00, 0.00)",,,,
15:47:30:8726,"(0.00, 0.00)",,,,
15:47:30:8923,"(0.00, 0.00)",,,,
15:47:30:9138,"(0.00, 0.00)",,,,
15:47:30:9393,"(0.00, 0.00)",,,,
15:47:30:9693,"(0.00, 0.00)",,,,
15:47:31:0005,"(0.00, 0.00)",,,,
15:47:31:0352,"(0.00, 0.00)",,,,
15:47:31:0625,"(0.00, 0.00)",,,,
15:47:31:0934,"(0.00, 0.00)",,,,
15:47:31:1293,"(0.00, 0.00)",,,,
15:47:31:1572,"(0.00, 0.00)",,,,
15:47:31:1861,"(0.00, 0.00)",,,,
15:47:31:2265,"(0.00, 0.00)",,,,
15:47:31:2564,"(0.00, 0.00)",,,,
15:47:31:2846,"(0.00, 0.00)",,,,
15:47:31:3186,"(0.00, 0.00)",,,,
15:47:31:3627,"(0.00, 0.00)",,,,
15:47:31:4180,"(0.00, 0.00)",,,,
15:47:31:4666,"(0.00, 0.00)",,,,
15:47:31:5176,"(0.00, 0.00)",,,,
15:47:31:5598,"(0.00, 0.00)",,,,
15:47:31:6012,"(0.00, 0.00)",,,,
15:47:31:6386,"(0.00, 0.00)",,,,
15:47:31:6777,"(0.00, 0.00)",,,,
15:47:31:7207,"(0.00, 0.00)",,,,
15:47:31:7526,"(0.00, 0.00)",,,,
15:47:31:8030,"(0.00, 0.00)",,,,
15:47:31:8231,"(0.00, 0.00)",,,,
15:47:31:8493,"(0.00, 0.00)",,,,
15:47:31:8736,"(0.00, 0.00)",,,,
15:47:31:8966,"(0.00, 0.00)",,,,
15:47:31:9206,"(0.00, 0.00)",,,,
15:47:31:9423,"(0.00, 0.00)",,,,
15:47:31:9620,"(0.00, 0.00)",,,,
15:47:31:9874,"(0.00, 0.00)",,,,
15:47:32:0122,"(0.00, 0.00)",,,,
15:47:32:0368,"(0.00, 0.00)",,,,
15:47:32:0695,"(0.00, 0.00)",,,,
15:47:32:0937,"(0.00, 0.00)",,,,
15:47:32:1202,"(0.00, 0.00)",,,,
15:47:32:1483,"(0.00, 0.00)",,,,
15:47:32:1776,"(0.00, 0.00)",,,,
15:47:32:2086,"(0.00, 0.00)",,,,
15:47:32:2444,"(0.00, 0.00)",,,,
15:47:32:2696,"(0.00, 0.00)",,,,
15:47:32:3005,"(0.00, 0.00)",,,,
15:47:32:3253,"(0.00, 0.00)",,,,
15:47:32:3528,"(0.00, 0.00)",,,,
15:47:32:3827,"(0.00, 0.00)",,,,
15:47:32:4089,"(0.00, 0.00)",,,,
15:47:32:4361,"(0.00, 0.00)",,,,
15:47:32:4673,"(0.00, 0.00)",,,,
15:47:32:4972,"(0.00, 0.00)",,,,
15:47:32:5327,"(0.00, 0.00)",,,,
15:47:32:5671,"(0.00, 0.00)",,,,
15:47:32:5886,"(0.00, 0.00)",,,,
15:47:32:6087,"(0.00, 0.00)",,,,
15:47:32:6270,"(0.00, 0.00)",,,,
15:47:32:6486,"(0.00, 0.00)",,,,
15:47:32:6718,"(0.00, 0.00)",,,,
15:47:32:6965,"(0.00, 0.00)",,,,
15:47:32:7170,"(0.00, 0.00)",,,,
15:47:32:7375,"(0.00, 0.00)",,,,
15:47:32:7562,"(0.00, 0.00)",,,,
15:47:32:7763,"(0.00, 0.00)",,,,
15:47:32:7993,"(0.00, 0.00)",,,,
15:47:32:8216,"(0.00, 0.00)",,,,
15:47:32:8409,"(0.00, 0.00)",,,,
15:47:32:8603,"(0.00, 0.00)",,,,
15:47:32:8803,"(0.00, 0.00)",,,,
15:47:32:9017,"(0.00, 0.00)",,,,
15:47:32:9209,"(0.00, 0.00)",,,,
15:47:32:9405,"(0.00, 0.00)",,,,
15:47:32:9592,"(0.00, 0.00)",,,,
15:47:32:9837,"(0.00, 0.00)",,,,
15:47:33:0243,"(0.00, 0.00)",,,,
15:47:33:0581,"(0.00, 0.00)",,,,
15:47:33:0864,"(0.00, 0.00)",,,,
15:47:33:1144,"(0.00, 0.00)",,,,
15:47:33:1418,"(0.00, 0.00)",,,,
15:47:33:1770,"(0.00, 0.00)",,,,
15:47:33:2085,"(0.00, 0.00)",,,,
15:47:33:2359,"(0.00, 0.00)",,,,
15:47:33:2631,"(0.00, 0.00)",,,,
15:47:33:2884,"(0.00, 0.00)",,,,
15:47:33:3177,"(0.00, 0.00)",,,,
15:47:33:3437,"(0.00, 0.00)",,,,
15:47:33:3693,"(0.00, 0.00)",,,,
15:47:33:3936,"(0.00, 0.00)",,,,
15:47:33:4165,"(0.00, 0.00)",,,,
15:47:33:4375,"(0.00, 0.00)",,,,
15:47:33:4565,"(0.00, 0.00)",,,,
15:47:33:4751,"(0.00, 0.00)",,,,
15:47:33:4948,"(0.00, 0.00)",,,,
15:47:33:5152,"(0.00, 0.00)",,,,
15:47:33:5350,"(0.00, 0.00)",,,,
15:47:33:5535,"(0.00, 0.00)",,,,
15:47:33:5726,"(0.00, 0.00)",,,,
15:47:33:5926,"(0.00, 0.00)",,,,
15:47:33:6144,"(0.00, 0.00)",,,,
15:47:33:6347,"(0.00, 0.00)",,,,
15:47:33:6541,"(0.00, 0.00)",,,,
15:47:33:6728,"(0.00, 0.00)",,,,
15:47:33:6910,"(0.00, 0.00)",,,,
15:47:33:7107,"(0.00, 0.00)",,,,
15:47:33:7333,"(0.00, 0.00)",,,,
15:47:33:7527,"(0.00, 0.00)",,,,
15:47:33:7727,"(0.00, 0.00)",,,,
15:47:33:7927,"(0.00, 0.00)",,,,
15:47:33:8142,"(0.00, 0.00)",,,,
15:47:33:8350,"(0.00, 0.00)",,,,
15:47:33:8546,"(0.00, 0.00)",,,,
15:47:33:8742,"(0.00, 0.00)",,,,
15:47:33:8938,"(0.00, 0.00)",,,,
15:47:33:9134,"(0.00, 0.00)",,,,
15:47:33:9332,"(0.00, 0.00)",,,,
15:47:33:9531,"(0.00, 0.00)",,,,
15:47:33:9716,"(0.00, 0.00)",,,,
15:47:33:9913,"(0.00, 0.00)",,,,
15:47:34:0174,"(0.00, 0.00)",,,,
15:47:34:0456,"(0.00, 0.00)",,,,
15:47:34:0727,"(0.00, 0.00)",,,,
15:47:34:0993,"(0.00, 0.00)",,,,
15:47:34:1250,"(0.00, 0.00)",,,,
15:47:34:1502,"(0.00, 0.00)",,,,
15:47:34:1758,"(0.00, 0.00)",,,,
15:47:34:2070,"(0.00, 0.00)",,,,
15:47:34:2348,"(0.00, 0.00)",,,,
15:47:34:2615,"(0.00, 0.00)",,,,
15:47:34:2866,"(0.00, 0.00)",,,,
15:47:34:3167,"(0.00, 0.00)",,,,
15:47:34:3450,"(0.00, 0.00)",,,,
15:47:34:3728,"(0.00, 0.00)",,,,
15:47:34:4017,"(0.00, 0.00)",,,,
15:47:34:4261,"(0.00, 0.00)",,,,
15:47:34:4524,"(0.00, 0.00)",,,,
15:47:34:4792,"(0.00, 0.00)",,,,
15:47:34:5091,"(0.00, 0.00)",,,,
15:47:34:5404,"(0.00, 0.00)",,,,
15:47:34:5711,"(0.00, 0.00)",,,,
15:47:34:5967,"(0.00, 0.00)",,,,
15:47:34:6204,"(0.00, 0.00)",,,,
15:47:34:6433,"(0.00, 0.00)",,,,
15:47:34:6659,"(0.00, 0.00)",,,,
15:47:34:6872,"(0.00, 0.00)",,,,
15:47:34:7096,"(0.00, 0.00)",,,,
15:47:34:7306,"(0.00, 0.00)",,,,
15:47:34:7517,"(0.00, 0.00)",,,,
15:47:34:7727,"(0.00, 0.00)",,,,
15:47:34:7942,"(0.00, 0.00)",,,,
15:47:34:8139,"(0.00, 0.00)",,,,
15:47:34:8334,"(0.00, 0.00)",,,,
15:47:34:8564,"(0.00, 0.00)",,,,
15:47:34:8753,"(0.00, 0.00)",,,,
15:47:34:8960,"(0.00, 0.00)",,,,
15:47:34:9160,"(0.00, 0.00)",,,,
15:47:34:9359,"(0.00, 0.00)",,,,
15:47:34:9543,"(0.00, 0.00)",,,,
15:47:34:9745,"(0.00, 0.00)",,,,
15:47:34:9964,"(0.00, 0.00)",,,,
15:47:35:0224,"(0.00, 0.00)",,,,
15:47:35:0487,"(0.00, 0.00)",,,,
15:47:35:0786,"(0.00, 0.00)",,,,
15:47:35:1100,"(0.00, 0.00)",,,,
15:47:35:1353,"(0.00, 0.00)",,,,
15:47:35:1609,"(0.00, 0.00)",,,,
15:47:35:1869,"(0.00, 0.00)",,,,
15:47:35:2166,"(0.00, 0.00)",,,,
15:47:35:2403,"(0.00, 0.00)",,,,
15:47:35:2676,"(0.00, 0.00)",,,,
15:47:35:2954,"(0.00, 0.00)",,,,
15:47:35:3264,"(0.00, 0.00)",,,,
15:47:35:3580,"(0.00, 0.00)",,,,
15:47:35:3866,"(0.00, 0.00)",,,,
15:47:35:4163,"(0.00, 0.00)",,,,
15:47:35:4367,"(0.00, 0.00)",,,,
15:47:35:4555,"(0.00, 0.00)",,,,
15:47:35:4746,"(0.00, 0.00)",,,,
15:47:35:4958,"(0.00, 0.00)",,,,
15:47:35:5173,"(0.00, 0.00)",,,,
15:47:35:5367,"(0.00, 0.00)",,,,
15:47:35:5600,"(0.00, 0.00)",,,,
15:47:35:5797,"(0.00, 0.00)",,,,
15:47:35:5992,"(0.00, 0.00)",,,,
15:47:35:6199,"(0.00, 0.00)",,,,
15:47:35:6425,"(0.00, 0.00)",,,,
15:47:35:6632,"(0.00, 0.00)",,,,
15:47:35:6836,"(0.00, 0.00)",,,,
15:47:35:7025,"(0.00, 0.00)",,,,
15:47:35:7227,"(0.00, 0.00)",,,,
15:47:35:7417,"(0.00, 0.00)",,,,
15:47:35:7649,"(0.00, 0.00)",,,,
15:47:35:7842,"(0.00, 0.00)",,,,
15:47:35:8045,"(0.00, 0.00)",,,,
15:47:35:8248,"(0.00, 0.00)",,,,
15:47:35:8463,"(0.00, 0.00)",,,,
15:47:35:8670,"(0.00, 0.00)",,,,
15:47:35:8861,"(0.00, 0.00)",,,,
15:47:35:9053,"(0.00, 0.00)",,,,
15:47:35:9247,"(0.00, 0.00)",,,,
15:47:35:9460,"(0.00, 0.00)",,,,
15:47:35:9867,"(0.00, 0.00)",,,,
15:47:36:0073,"(0.00, 0.00)",,,,
15:47:36:0346,"(0.00, 0.00)",,,,
15:47:36:0626,"(0.00, 0.00)",,,,
15:47:36:0876,"(0.00, 0.00)",,,,
15:47:36:1160,"(0.00, 0.00)",,,,
15:47:36:1445,"(0.00, 0.00)",,,,
15:47:36:1741,"(0.00, 0.00)",,,,
15:47:36:2084,"(0.00, 0.00)",,,,
15:47:36:2356,"(0.00, 0.00)",,,,
15:47:36:2654,"(0.00, 0.00)",,,,
15:47:36:2962,"(0.00, 0.00)",,,,
15:47:36:3285,"(0.00, 0.00)",,,,
15:47:36:3552,"(0.00, 0.00)",,,,
15:47:36:3828,"(0.00, 0.00)",,,,
15:47:36:4131,"(0.00, 0.00)",,,,
15:47:36:4428,"(0.00, 0.00)",,,,
15:47:36:4709,"(0.00, 0.00)",,,,
15:47:36:4982,"(0.00, 0.00)",,,,
15:47:36:5315,"(0.00, 0.00)",,,,
15:47:36:5633,"(0.00, 0.00)",,,,
15:47:36:5899,"(0.00, 0.00)",,,,
15:47:36:6214,"(0.00, 0.00)",,,,
15:47:36:6534,"(0.00, 0.00)",,,,
15:47:36:6824,"(0.00, 0.00)",,,,
15:47:36:7101,"(0.00, 0.00)",,,,
15:47:36:7383,"(0.00, 0.00)",,,,
15:47:36:7656,"(0.00, 0.00)",,,,
15:47:36:7945,"(0.00, 0.00)",,,,
15:47:36:8164,"(0.00, 0.00)",,,,
15:47:36:8367,"(0.00, 0.00)",,,,
15:47:36:8565,"(0.00, 0.00)",,,,
15:47:36:8764,"(0.00, 0.00)",,,,
15:47:36:8958,"(0.00, 0.00)",,,,
15:47:36:9249,"(0.00, 0.00)",,,,
15:47:36:9484,"(0.00, 0.00)",,,,
15:47:36:9730,"(0.00, 0.00)",,,,
15:47:36:9970,"(0.00, 0.00)",,,,
15:47:37:0315,"(0.00, 0.00)",,,,
15:47:37:0798,"(0.00, 0.00)",,,,
15:47:37:1224,"(0.00, 0.00)",,,,
15:47:37:1991,"(0.00, 0.00)",,,,
15:47:37:2311,"(0.00, 0.00)",,,,
15:47:37:2580,"(0.00, 0.00)",,,,
15:47:37:2842,"(0.00, 0.00)",,,,
15:47:37:3114,"(0.00, 0.00)",,,,
15:47:37:3464,"(0.00, 0.00)",,,,
15:47:37:3813,"(0.00, 0.00)",,,,
15:47:37:4137,"(0.00, 0.00)",,,,
15:47:37:4436,"(0.00, 0.00)",,,,
15:47:37:4766,"(0.00, 0.00)",,,,
15:47:37:5202,"(0.00, 0.00)",,,,
15:47:37:5558,"(0.00, 0.00)",,,,
15:47:37:5882,"(0.00, 0.00)",,,,
15:47:37:6243,"(0.00, 0.00)",,,,
15:47:37:6649,"(0.00, 0.00)",,,,
15:47:37:6928,"(0.00, 0.00)",,,,
15:47:37:7140,"(0.00, 0.00)",,,,
15:47:37:7349,"(0.00, 0.00)",,,,
15:47:37:7574,"(0.00, 0.00)",,,,
15:47:37:7783,"(0.00, 0.00)",,,,
15:47:37:7986,"(0.00, 0.00)",,,,
15:47:37:8170,"(0.00, 0.00)",,,,
15:47:37:8366,"(0.00, 0.00)",,,,
15:47:37:8582,"(0.00, 0.00)",,,,
15:47:37:8797,"(0.00, 0.00)",,,,
15:47:37:8994,"(0.00, 0.00)",,,,
15:47:37:9224,"(0.00, 0.00)",,,,
15:47:37:9465,"(0.00, 0.00)",,,,
15:47:37:9661,"(0.00, 0.00)",,,,
15:47:37:9877,"(0.00, 0.00)",,,,
15:47:38:0077,"(0.00, 0.00)",,,,
15:47:38:0276,"(0.00, 0.00)",,,,
15:47:38:0556,"(0.00, 0.00)",,,,
15:47:38:0855,"(0.00, 0.00)",,,,
15:47:38:1173,"(0.00, 0.00)",,,,
15:47:38:1430,"(0.00, 0.00)",,,,
15:47:38:1713,"(0.00, 0.00)",,,,
15:47:38:2007,"(0.00, 0.00)",,,,
15:47:38:2300,"(0.00, 0.00)",,,,
15:47:38:2643,"(0.00, 0.00)",,,,
15:47:38:2896,"(0.00, 0.00)",,,,
15:47:38:3178,"(0.00, 0.00)",,,,
15:47:38:3492,"(0.00, 0.00)",,,,
15:47:38:3785,"(0.00, 0.00)",,,,
15:47:38:4077,"(0.00, 0.00)",,,,
15:47:38:4399,"(0.00, 0.00)",,,,
15:47:38:4735,"(0.00, 0.00)",,,,
15:47:38:4998,"(0.00, 0.00)",,,,
15:47:38:5250,"(0.00, 0.00)",,,,
15:47:38:5559,"(0.00, 0.00)",,,,
15:47:38:5846,"(0.00, 0.00)",,,,
15:47:38:6128,"(0.00, 0.00)",,,,
15:47:38:6335,"(0.00, 0.00)",,,,
15:47:38:6530,"(0.00, 0.00)",,,,
15:47:38:6730,"(0.00, 0.00)",,,,
15:47:38:6945,"(0.00, 0.00)",,,,
15:47:38:7150,"(0.00, 0.00)",,,,
15:47:38:7408,"(0.00, 0.00)",,,,
15:47:38:7613,"(0.00, 0.00)",,,,
15:47:38:7825,"(0.00, 0.00)",,,,
15:47:38:8025,"(0.00, 0.00)",,,,
15:47:38:8253,"(0.00, 0.00)",,,,
15:47:38:8460,"(0.00, 0.00)",,,,
15:47:38:8676,"(0.00, 0.00)",,,,
15:47:38:8890,"(0.00, 0.00)",,,,
15:47:38:9097,"(0.00, 0.00)",,,,
15:47:38:9297,"(0.00, 0.00)",,,,
15:47:38:9488,"(0.00, 0.00)",,,,
15:47:38:9719,"(0.00, 0.00)",,,,
15:47:38:9909,"(0.00, 0.00)",,,,
15:47:39:0113,"(0.00, 0.00)",,,,
15:47:39:0308,"(0.00, 0.00)",,,,
15:47:39:0529,"(0.00, 0.00)",,,,
15:47:39:0901,"(0.00, 0.00)",,,,
15:47:39:1185,"(0.00, 0.00)",,,,
15:47:39:1456,"(0.00, 0.00)",,,,
15:47:39:1828,"(0.00, 0.00)",,,,
15:47:39:2113,"(0.00, 0.00)",,,,
15:47:39:2500,"(0.00, 0.00)",,,,
15:47:39:2796,"(0.00, 0.00)",,,,
15:47:39:3131,"(0.00, 0.00)",,,,
15:47:39:3453,"(0.00, 0.00)",,,,
15:47:39:3804,"(0.00, 0.00)",,,,
15:47:39:4207,"(0.00, 0.00)",,,,
15:47:39:4814,"(0.00, 0.00)",,,,
15:47:39:5245,"(0.00, 0.00)",,,,
15:47:39:5752,"(0.00, 0.00)",,,,
15:47:39:6152,"(0.00, 0.00)",,,,
15:47:39:6607,"(0.00, 0.00)",,,,
15:47:39:7036,"(0.00, 0.00)",,,,
15:47:39:7407,"(0.00, 0.00)",,,,
15:47:39:7855,"(0.00, 0.00)",,,,
15:47:39:8209,"(0.00, 0.00)",,,,
15:47:39:8609,"(0.00, 0.00)",,,,
15:47:39:9025,"(0.00, 0.00)",,,,
15:47:39:9436,"(0.00, 0.00)",,,,
15:47:39:9942,"(0.00, 0.00)",,,,
15:47:40:0471,"(0.00, 0.00)",,,,
15:47:40:1085,"(0.00, 0.00)",,,,
15:47:40:1716,"(0.00, 0.00)",,,,
15:47:40:2206,"(0.00, 0.00)",,,,
15:47:40:2632,"(0.00, 0.00)",,,,
15:47:40:3116,"(0.00, 0.00)",,,,
15:47:40:3595,"(0.00, 0.00)",,,,
15:47:40:4027,"(0.00, 0.00)",,,,
15:47:40:4460,"(0.00, 0.00)",,,,
15:47:40:4835,"(0.00, 0.00)",,,,
15:47:40:5332,"(0.00, 0.00)",,,,
15:47:40:5845,"(0.00, 0.00)",,,,
15:47:40:6287,"(0.00, 0.00)",,,,
15:47:40:6751,"(0.00, 0.00)",,,,
15:47:40:7231,"(0.00, 0.00)",,,,
15:47:40:7645,"(0.00, 0.00)",,,,
15:47:40:8102,"(0.00, 0.00)",,,,
15:47:40:8507,"(0.00, 0.00)",,,,
15:47:40:8903,"(0.00, 0.00)",,,,
15:47:40:9350,"(0.00, 0.00)",,,,
15:47:40:9810,"(0.00, 0.00)",,,,
15:47:41:0229,"(0.00, 0.00)",,,,
15:47:41:0683,"(0.00, 0.00)",,,,
15:47:41:1124,"(0.00, 0.00)",,,,
15:47:41:1524,"(0.00, 0.00)",,,,
15:47:41:1950,"(0.00, 0.00)",,,,
15:47:41:2390,"(0.00, 0.00)",,,,
15:47:41:2787,"(0.00, 0.00)",,,,
15:47:41:3140,"(0.00, 0.00)",,,,
15:47:41:3508,"(0.00, 0.00)",,,,
15:47:41:3817,"(0.00, 0.00)",,,,
15:47:41:4177,"(0.00, 0.00)",,,,
15:47:41:4453,"(0.00, 0.00)",,,,
15:47:41:4725,"(0.00, 0.00)",,,,
15:47:41:5004,"(0.00, 0.00)",,,,
15:47:41:5343,"(0.00, 0.00)",,,,
15:47:41:5702,"(0.00, 0.00)",,,,
15:47:41:6068,"(0.00, 0.00)",,,,
15:47:41:6552,"(0.00, 0.00)",,,,
15:47:41:6881,"(0.00, 0.00)",,,,
15:47:41:7212,"(0.00, 0.00)",,,,
15:47:41:7508,"(0.00, 0.00)",,,,
15:47:41:7794,"(0.00, 0.00)",,,,
15:47:41:8045,"(0.00, 0.00)",,,,
15:47:41:8260,"(0.00, 0.00)",,,,
15:47:41:8487,"(0.00, 0.00)",,,,
15:47:41:8727,"(0.00, 0.00)",,,,
15:47:41:8941,"(0.00, 0.00)",,,,
15:47:41:9160,"(0.00, 0.00)",,,,
15:47:41:9358,"(0.00, 0.00)",,,,
15:47:41:9591,"(0.00, 0.00)",,,,
15:47:41:9806,"(0.00, 0.00)",,,,
15:47:42:0008,"(0.00, 0.00)",,,,
15:47:42:0224,"(0.00, 0.00)",,,,
15:47:42:0439,"(0.00, 0.00)",,,,
15:47:42:0656,"(0.00, 0.00)",,,,
15:47:42:0925,"(0.00, 0.00)",,,,
15:47:42:1236,"(0.00, 0.00)",,,,
15:47:42:1543,"(0.00, 0.00)",,,,
15:47:42:1816,"(0.00, 0.00)",,,,
15:47:42:2101,"(0.00, 0.00)",,,,
15:47:42:2369,"(0.00, 0.00)",,,,
15:47:42:2723,"(0.00, 0.00)",,,,
15:47:42:3028,"(0.00, 0.00)",,,,
15:47:42:3314,"(0.00, 0.00)",,,,
15:47:42:3643,"(0.00, 0.00)",,,,
15:47:42:3992,"(0.00, 0.00)",,,,
15:47:42:4264,"(0.00, 0.00)",,,,
15:47:42:4551,"(0.00, 0.00)",,,,
15:47:42:4849,"(0.00, 0.00)",,,,
15:47:42:5140,"(0.00, 0.00)",,,,
15:47:42:5474,"(0.00, 0.00)",,,,
15:47:42:5761,"(0.00, 0.00)",,,,
15:47:42:6034,"(0.00, 0.00)",,,,
15:47:42:6302,"(0.00, 0.00)",,,,
15:47:42:6550,"(0.00, 0.00)",,,,
15:47:42:6804,"(0.00, 0.00)",,,,
15:47:42:7048,"(0.00, 0.00)",,,,
15:47:42:7289,"(0.00, 0.00)",,,,
15:47:42:7517,"(0.00, 0.00)",,,,
15:47:42:7741,"(0.00, 0.00)",,,,
15:47:42:7966,"(0.00, 0.00)",,,,
15:47:42:8166,"(0.00, 0.00)",,,,
15:47:42:8383,"(0.00, 0.00)",,,,
15:47:42:8593,"(0.00, 0.00)",,,,
15:47:42:8793,"(0.00, 0.00)",,,,
15:47:42:9024,"(0.00, 0.00)",,,,
15:47:42:9269,"(0.00, 0.00)",,,,
15:47:42:9484,"(0.00, 0.00)",,,,
15:47:42:9696,"(0.00, 0.00)",,,,
15:47:42:9924,"(0.00, 0.00)",,,,
15:47:43:0162,"(0.00, 0.00)",,,,
15:47:43:0393,"(0.00, 0.00)",,,,
15:47:43:0597,"(0.00, 0.00)",,,,
15:47:43:0816,"(0.00, 0.00)",,,,
15:47:43:1147,"(0.00, 0.00)",,,,
15:47:43:1436,"(0.00, 0.00)",,,,
15:47:43:1823,"(0.00, 0.00)",,,,
15:47:43:2152,"(0.00, 0.00)",,,,
15:47:43:2493,"(0.00, 0.00)",,,,
15:47:43:2826,"(0.00, 0.00)",,,,
15:47:43:3193,"(0.00, 0.00)",,,,
15:47:43:3735,"(0.00, 0.00)",,,,
15:47:43:4171,"(0.00, 0.00)",,,,
15:47:43:5026,"(0.00, 0.00)",,,,
15:47:43:5352,"(0.00, 0.00)",,,,
15:47:43:5626,"(0.00, 0.00)",,,,
15:47:43:5928,"(0.00, 0.00)",,,,
15:47:43:6140,"(0.00, 0.00)",,,,
15:47:43:6374,"(0.00, 0.00)",,,,
15:47:43:6597,"(0.00, 0.00)",,,,
15:47:43:6813,"(0.00, 0.00)",,,,
15:47:43:7014,"(0.00, 0.00)",,,,
15:47:43:7226,"(0.00, 0.00)",,,,
15:47:43:7443,"(0.00, 0.00)",,,,
15:47:43:7659,"(0.00, 0.00)",,,,
15:47:43:7868,"(0.00, 0.00)",,,,
15:47:43:8082,"(0.00, 0.00)",,,,
15:47:43:8295,"(0.00, 0.00)",,,,
15:47:43:8490,"(0.00, 0.00)",,,,
15:47:43:8756,"(0.00, 0.00)",,,,
15:47:43:8983,"(0.00, 0.00)",,,,
15:47:43:9219,"(0.00, 0.00)",,,,
15:47:43:9459,"(0.00, 0.00)",,,,
15:47:43:9697,"(0.00, 0.00)",,,,
15:47:43:9949,"(0.00, 0.00)",,,,
15:47:44:0200,"(0.00, 0.00)",,,,
15:47:44:0477,"(0.00, 0.00)",,,,
15:47:44:0739,"(0.00, 0.00)",,,,
15:47:44:1038,"(0.00, 0.00)",,,,
15:47:44:1401,"(0.00, 0.00)",,,,
15:47:44:1683,"(0.00, 0.00)",,,,
15:47:44:1980,"(0.00, 0.00)",,,,
15:47:44:2321,"(0.00, 0.00)",,,,
15:47:44:2755,"(0.00, 0.00)",,,,
15:47:44:3081,"(0.00, 0.00)",,,,
15:47:44:3402,"(0.00, 0.00)",,,,
15:47:44:3724,"(0.00, 0.00)",,,,
15:47:44:4032,"(0.00, 0.00)",,,,
15:47:44:4335,"(0.00, 0.00)",,,,
15:47:44:4609,"(0.00, 0.00)",,,,
15:47:44:4913,"(0.00, 0.00)",,,,
15:47:44:5237,"(0.00, 0.00)",,,,
15:47:44:5525,"(0.00, 0.00)",,,,
15:47:44:5794,"(0.00, 0.00)",,,,
15:47:44:6091,"(0.00, 0.00)",,,,
15:47:44:6389,"(0.00, 0.00)",,,,
15:47:44:6686,"(0.00, 0.00)",,,,
15:47:44:6999,"(0.00, 0.00)",,,,
15:47:44:7298,"(0.00, 0.00)",,,,
15:47:44:7689,"(0.00, 0.00)",,,,
15:47:44:8089,"(0.00, 0.00)",,,,
15:47:44:8353,"(0.00, 0.00)",,,,
15:47:44:8670,"(0.00, 0.00)",,,,
15:47:44:8944,"(0.00, 0.00)",,,,
15:47:44:9161,"(0.00, 0.00)",,,,
15:47:44:9377,"(0.00, 0.00)",,,,
15:47:44:9648,"(0.00, 0.00)",,,,
15:47:44:9870,"(0.00, 0.00)",,,,
15:47:45:0109,"(0.00, 0.00)",,,,
15:47:45:0349,"(0.00, 0.00)",,,,
15:47:45:0609,"(0.00, 0.00)",,,,
15:47:45:0846,"(0.00, 0.00)",,,,
15:47:45:1165,"(0.00, 0.00)",,,,
15:47:45:1523,"(0.00, 0.00)",,,,
15:47:45:1898,"(0.00, 0.00)",,,,
15:47:45:2287,"(0.00, 0.00)",,,,
15:47:45:2652,"(0.00, 0.00)",,,,
15:47:45:2914,"(0.00, 0.00)",,,,
15:47:45:3227,"(0.00, 0.00)",,,,
15:47:45:3503,"(0.00, 0.00)",,,,
15:47:45:3790,"(0.00, 0.00)",,,,
15:47:45:4087,"(0.00, 0.00)",,,,
15:47:45:4358,"(0.00, 0.00)",,,,
15:47:45:4588,"(0.00, 0.00)",,,,
15:47:45:4797,"(0.00, 0.00)",,,,
15:47:45:5005,"(0.00, 0.00)",,,,
15:47:45:5224,"(0.00, 0.00)",,,,
15:47:45:5468,"(0.00, 0.00)",,,,
15:47:45:5679,"(0.00, 0.00)",,,,
15:47:45:5879,"(0.00, 0.00)",,,,
15:47:45:6115,"(0.00, 0.00)",,,,
15:47:45:6330,"(0.00, 0.00)",,,,
15:47:45:6557,"(0.00, 0.00)",,,,
15:47:45:6812,"(0.00, 0.00)",,,,
15:47:45:7087,"(0.00, 0.00)",,,,
15:47:45:7326,"(0.00, 0.00)",,,,
15:47:45:7561,"(0.00, 0.00)",,,,
15:47:45:7825,"(0.00, 0.00)",,,,
15:47:45:8095,"(0.00, 0.00)",,,,
15:47:45:8325,"(0.00, 0.00)",,,,
15:47:45:8553,"(0.00, 0.00)",,,,
15:47:45:8771,"(0.00, 0.00)",,,,
15:47:45:8969,"(0.00, 0.00)",,,,
15:47:45:9200,"(0.00, 0.00)",,,,
15:47:45:9426,"(0.00, 0.00)",,,,
15:47:45:9655,"(0.00, 0.00)",,,,
15:47:45:9873,"(0.00, 0.00)",,,,
15:47:46:0100,"(0.00, 0.00)",,,,
15:47:46:0336,"(0.00, 0.00)",,,,
15:47:46:0557,"(0.00, 0.00)",,,,
15:47:46:0775,"(0.00, 0.00)",,,,
15:47:46:0985,"(0.00, 0.00)",,,,
15:47:46:1247,"(0.00, 0.00)",,,,
15:47:46:1528,"(0.00, 0.00)",,,,
15:47:46:1843,"(0.00, 0.00)",,,,
15:47:46:2158,"(0.00, 0.00)",,,,
15:47:46:2515,"(0.00, 0.00)",,,,
15:47:46:2783,"(0.00, 0.00)",,,,
15:47:46:3241,"(0.00, 0.00)",,,,
15:47:46:3763,"(0.00, 0.00)",,,,
15:47:46:4280,"(0.00, 0.00)",,,,
15:47:46:4683,"(0.00, 0.00)",,,,
15:47:46:5067,"(0.00, 0.00)",,,,
15:47:46:5457,"(0.00, 0.00)",,,,
15:47:46:5864,"(0.00, 0.00)",,,,
15:47:46:6407,"(0.00, 0.00)",,,,
15:47:46:6957,"(0.00, 0.00)",,,,
15:47:46:7653,"(0.00, 0.00)",,,,
15:47:46:8130,"(0.00, 0.00)",,,,
15:47:46:8639,"(0.00, 0.00)",,,,
15:47:46:9071,"(0.00, 0.00)",,,,
15:47:46:9502,"(0.00, 0.00)",,,,
15:47:46:9851,"(0.00, 0.00)",,,,
15:47:47:0087,"(0.00, 0.00)",,,,
15:47:47:0308,"(0.00, 0.00)",,,,
15:47:47:0530,"(0.00, 0.00)",,,,
15:47:47:0773,"(0.00, 0.00)",,,,
15:47:47:1004,"(0.00, 0.00)",,,,
15:47:47:1373,"(0.00, 0.00)",,,,
15:47:47:1686,"(0.00, 0.00)",,,,
15:47:47:2028,"(0.00, 0.00)",,,,
15:47:47:2347,"(0.00, 0.00)",,,,
15:47:47:2744,"(0.00, 0.00)",,,,
15:47:47:3025,"(0.00, 0.00)",,,,
15:47:47:3327,"(0.00, 0.00)",,,,
15:47:47:3631,"(0.00, 0.00)",,,,
15:47:47:3928,"(0.00, 0.00)",,,,
15:47:47:4242,"(0.00, 0.00)",,,,
15:47:47:4634,"(0.00, 0.00)",,,,
15:47:47:5009,"(0.00, 0.00)",,,,
15:47:47:5348,"(0.00, 0.00)",,,,
15:47:47:5711,"(0.00, 0.00)",,,,
15:47:47:6166,"(0.00, 0.00)",,,,
15:47:47:6690,"(0.00, 0.00)",,,,
15:47:47:7183,"(0.00, 0.00)",,,,
15:47:47:7534,"(0.00, 0.00)",,,,
15:47:47:7951,"(0.00, 0.00)",,,,
15:47:47:8331,"(0.00, 0.00)",,,,
15:47:47:8685,"(0.00, 0.00)",,,,
15:47:47:9063,"(0.00, 0.00)",,,,
15:47:47:9452,"(0.00, 0.00)",,,,
15:47:47:9835,"(0.00, 0.00)",,,,
15:47:48:0250,"(0.00, 0.00)",,,,
15:47:48:0626,"(0.00, 0.00)",,,,
15:47:48:1008,"(0.00, 0.00)",,,,
15:47:48:1502,"(0.00, 0.00)",,,,
15:47:48:2001,"(0.00, 0.00)",,,,
15:47:48:2507,"(0.00, 0.00)",,,,
15:47:48:2912,"(0.00, 0.00)",,,,
15:47:48:3323,"(0.00, 0.00)",,,,
15:47:48:3834,"(0.00, 0.00)",,,,
15:47:48:4316,"(0.00, 0.00)",,,,
15:47:48:4859,"(0.00, 0.00)",,,,
15:47:48:5302,"(0.00, 0.00)",,,,
15:47:48:5682,"(0.00, 0.00)",,,,
15:47:48:6093,"(0.00, 0.00)",,,,
15:47:48:6466,"(0.00, 0.00)",,,,
15:47:48:6838,"(0.00, 0.00)",,,,
15:47:48:7257,"(0.00, 0.00)",,,,
15:47:48:7652,"(0.00, 0.00)",,,,
15:47:48:8098,"(0.00, 0.00)",,,,
15:47:48:8532,"(0.00, 0.00)",,,,
15:47:48:8805,"(0.00, 0.00)",,,,
15:47:48:9041,"(0.00, 0.00)",,,,
15:47:48:9277,"(0.00, 0.00)",,,,
15:47:48:9498,"(0.00, 0.00)",,,,
15:47:48:9725,"(0.00, 0.00)",,,,
15:47:48:9938,"(0.00, 0.00)",,,,
15:47:49:0150,"(0.00, 0.00)",,,,
15:47:49:0374,"(0.00, 0.00)",,,,
15:47:49:0601,"(0.00, 0.00)",,,,
15:47:49:0831,"(0.00, 0.00)",,,,
15:47:49:1047,"(0.00, 0.00)",,,,
15:47:49:1266,"(0.00, 0.00)",,,,
15:47:49:1536,"(0.00, 0.00)",,,,
15:47:49:1824,"(0.00, 0.00)",,,,
15:47:49:2242,"(0.00, 0.00)",,,,
15:47:49:2579,"(0.00, 0.00)",,,,
15:47:49:2912,"(0.00, 0.00)",,,,
15:47:49:3300,"(0.00, 0.00)",,,,
15:47:49:3718,"(0.00, 0.00)",,,,
15:47:49:4204,"(0.00, 0.00)",,,,
15:47:49:4646,"(0.00, 0.00)",,,,
15:47:49:5502,"(0.00, 0.00)",,,,
15:47:49:5753,"(0.00, 0.00)",,,,
15:47:49:5982,"(0.00, 0.00)",,,,
15:47:49:6192,"(0.00, 0.00)",,,,
15:47:49:6401,"(0.00, 0.00)",,,,
15:47:49:6626,"(0.00, 0.00)",,,,
15:47:49:6848,"(0.00, 0.00)",,,,
15:47:49:7076,"(0.00, 0.00)",,,,
15:47:49:7295,"(0.00, 0.00)",,,,
15:47:49:7517,"(0.00, 0.00)",,,,
15:47:49:7765,"(0.00, 0.00)",,,,
15:47:49:7993,"(0.00, 0.00)",,,,
15:47:49:8199,"(0.00, 0.00)",,,,
15:47:49:8423,"(0.00, 0.00)",,,,
15:47:49:8628,"(0.00, 0.00)",,,,
15:47:49:8846,"(0.00, 0.00)",,,,
15:47:49:9078,"(0.00, 0.00)",,,,
15:47:49:9301,"(0.00, 0.00)",,,,
15:47:49:9522,"(0.00, 0.00)",,,,
15:47:49:9753,"(0.00, 0.00)",,,,
15:47:49:9990,"(0.00, 0.00)",,,,
15:47:50:0253,"(0.00, 0.00)",,,,
15:47:50:0476,"(0.00, 0.00)",,,,
15:47:50:0697,"(0.00, 0.00)",,,,
15:47:50:0916,"(0.00, 0.00)",,,,
15:47:50:1127,"(0.00, 0.00)",,,,
15:47:50:1345,"(0.00, 0.00)",,,,
15:47:50:1594,"(0.00, 0.00)",,,,
15:47:50:1926,"(0.00, 0.00)",,,,
15:47:50:2256,"(0.00, 0.00)",,,,
15:47:50:2541,"(0.00, 0.00)",,,,
15:47:50:2870,"(0.00, 0.00)",,,,
15:47:50:3160,"(0.00, 0.00)",,,,
15:47:50:3448,"(0.00, 0.00)",,,,
15:47:50:3742,"(0.00, 0.00)",,,,
15:47:50:4095,"(0.00, 0.00)",,,,
15:47:50:4393,"(0.00, 0.00)",,,,
15:47:50:4705,"(0.00, 0.00)",,,,
15:47:50:4990,"(0.00, 0.00)",,,,
15:47:50:5288,"(0.00, 0.00)",,,,
15:47:50:5506,"(0.00, 0.00)",,,,
15:47:50:5722,"(0.00, 0.00)",,,,
15:47:50:5952,"(0.00, 0.00)",,,,
15:47:50:6191,"(0.00, 0.00)",,,,
15:47:50:6437,"(0.00, 0.00)",,,,
15:47:50:6652,"(0.00, 0.00)",,,,
15:47:50:6883,"(0.00, 0.00)",,,,
15:47:50:7095,"(0.00, 0.00)",,,,
15:47:50:7352,"(0.00, 0.00)",,,,
15:47:50:7580,"(0.00, 0.00)",,,,
15:47:50:7795,"(0.00, 0.00)",,,,
15:47:50:8015,"(0.00, 0.00)",,,,
15:47:50:8236,"(0.00, 0.00)",,,,
15:47:50:8468,"(0.00, 0.00)",,,,
15:47:50:8675,"(0.00, 0.00)",,,,
15:47:50:8895,"(0.00, 0.00)",,,,
15:47:50:9104,"(0.00, 0.00)",,,,
15:47:50:9327,"(0.00, 0.00)",,,,
15:47:50:9545,"(0.00, 0.00)",,,,
15:47:50:9772,"(0.00, 0.00)",,,,
15:47:50:9997,"(0.00, 0.00)",,,,
15:47:51:0270,"(0.00, 0.00)",,,,
15:47:51:0491,"(0.00, 0.00)",,,,
15:47:51:0712,"(0.00, 0.00)",,,,
15:47:51:0943,"(0.00, 0.00)",,,,
15:47:51:1171,"(0.00, 0.00)",,,,
15:47:51:1430,"(0.00, 0.00)",,,,
15:47:51:1659,"(0.00, 0.00)",,,,
15:47:51:1987,"(0.00, 0.00)",,,,
15:47:51:2331,"(0.00, 0.00)",,,,
15:47:51:2669,"(0.00, 0.00)",,,,
15:47:51:2967,"(0.00, 0.00)",,,,
15:47:51:3259,"(0.00, 0.00)",,,,
15:47:51:3570,"(0.00, 0.00)",,,,
15:47:51:3825,"(0.00, 0.00)",,,,
15:47:51:4095,"(0.00, 0.00)",,,,
15:47:51:4304,"(0.00, 0.00)",,,,
15:47:51:4531,"(0.00, 0.00)",,,,
15:47:51:4748,"(0.00, 0.00)",,,,
15:47:51:4970,"(0.00, 0.00)",,,,
15:47:51:5227,"(0.00, 0.00)",,,,
15:47:51:5448,"(0.00, 0.00)",,,,
15:47:51:5679,"(0.00, 0.00)",,,,
15:47:51:5906,"(0.00, 0.00)",,,,
15:47:51:6126,"(0.00, 0.00)",,,,
15:47:51:6351,"(0.00, 0.00)",,,,
15:47:51:6564,"(0.00, 0.00)",,,,
15:47:51:6788,"(0.00, 0.00)",,,,
15:47:51:7016,"(0.00, 0.00)",,,,
15:47:51:7244,"(0.00, 0.00)",,,,
15:47:51:7461,"(0.00, 0.00)",,,,
15:47:51:7708,"(0.00, 0.00)",,,,
15:47:51:7932,"(0.00, 0.00)",,,,
15:47:51:8132,"(0.00, 0.00)",,,,
15:47:51:8356,"(0.00, 0.00)",,,,
15:47:51:8589,"(0.00, 0.00)",,,,
15:47:51:8803,"(0.00, 0.00)",,,,
15:47:51:9047,"(0.00, 0.00)",,,,
15:47:51:9265,"(0.00, 0.00)",,,,
15:47:51:9485,"(0.00, 0.00)",,,,
15:47:51:9735,"(0.00, 0.00)",,,,
15:47:51:9973,"(0.00, 0.00)",,,,
15:47:52:0219,"(0.00, 0.00)",,,,
15:47:52:0449,"(0.00, 0.00)",,,,
15:47:52:0686,"(0.00, 0.00)",,,,
15:47:52:0911,"(0.00, 0.00)",,,,
15:47:52:1128,"(0.00, 0.00)",,,,
15:47:52:1360,"(0.00, 0.00)",,,,
15:47:52:1598,"(0.00, 0.00)",,,,
15:47:52:1847,"(0.00, 0.00)",,,,
15:47:52:2144,"(0.00, 0.00)",,,,
15:47:52:2469,"(0.00, 0.00)",,,,
15:47:52:2813,"(0.00, 0.00)",,,,
15:47:52:3125,"(0.00, 0.00)",,,,
15:47:52:3443,"(0.00, 0.00)",,,,
15:47:52:3871,"(0.00, 0.00)",,,,
15:47:52:4325,"(0.00, 0.00)",,,,
15:47:52:4624,"(0.00, 0.00)",,,,
15:47:52:4928,"(0.00, 0.00)",,,,
15:47:52:5262,"(0.00, 0.00)",,,,
15:47:52:5551,"(0.00, 0.00)",,,,
15:47:52:5780,"(0.00, 0.00)",,,,
15:47:52:6041,"(0.00, 0.00)",,,,
15:47:52:6329,"(0.00, 0.00)",,,,
15:47:52:6593,"(0.00, 0.00)",,,,
15:47:52:6911,"(0.00, 0.00)",,,,
15:47:52:7363,"(0.00, 0.00)",,,,
15:47:52:7801,"(0.00, 0.00)",,,,
15:47:52:8190,"(0.00, 0.00)",,,,
15:47:52:8509,"(0.00, 0.00)",,,,
15:47:52:8841,"(0.00, 0.00)",,,,
15:47:52:9184,"(0.00, 0.00)",,,,
15:47:52:9484,"(0.00, 0.00)",,,,
15:47:52:9708,"(0.00, 0.00)",,,,
15:47:52:9953,"(0.00, 0.00)",,,,
15:47:53:0192,"(0.00, 0.00)",,,,
15:47:53:0422,"(0.00, 0.00)",,,,
15:47:53:0637,"(0.00, 0.00)",,,,
15:47:53:0857,"(0.00, 0.00)",,,,
15:47:53:1104,"(0.00, 0.00)",,,,
15:47:53:1311,"(0.00, 0.00)",,,,
15:47:53:1527,"(0.00, 0.00)",,,,
15:47:53:1764,"(0.00, 0.00)",,,,
15:47:53:2012,"(0.00, 0.00)",,,,
15:47:53:2309,"(0.00, 0.00)",,,,
15:47:53:2577,"(0.00, 0.00)",,,,
15:47:53:2871,"(0.00, 0.00)",,,,
15:47:53:3150,"(0.00, 0.00)",,,,
15:47:53:3469,"(0.00, 0.00)",,,,
15:47:53:3794,"(0.00, 0.00)",,,,
15:47:53:4099,"(0.00, 0.00)",,,,
15:47:53:4325,"(0.00, 0.00)",,,,
15:47:53:4544,"(0.00, 0.00)",,,,
15:47:53:4784,"(0.00, 0.00)",,,,
15:47:53:5005,"(0.00, 0.00)",,,,
15:47:53:5227,"(0.00, 0.00)",,,,
15:47:53:5450,"(0.00, 0.00)",,,,
15:47:53:5666,"(0.00, 0.00)",,,,
15:47:53:5889,"(0.00, 0.00)",,,,
15:47:53:6116,"(0.00, 0.00)",,,,
15:47:53:6328,"(0.00, 0.00)",,,,
15:47:53:6567,"(0.00, 0.00)",,,,
15:47:53:6787,"(0.00, 0.00)",,,,
15:47:53:7008,"(0.00, 0.00)",,,,
15:47:53:7247,"(0.00, 0.00)",,,,
15:47:53:7480,"(0.00, 0.00)",,,,
15:47:53:7692,"(0.00, 0.00)",,,,
15:47:53:7914,"(0.00, 0.00)",,,,
15:47:53:8149,"(0.00, 0.00)",,,,
15:47:53:8385,"(0.00, 0.00)",,,,
15:47:53:8611,"(0.00, 0.00)",,,,
15:47:53:8858,"(0.00, 0.00)",,,,
15:47:53:9163,"(0.00, 0.00)",,,,
15:47:53:9442,"(0.00, 0.00)",,,,
15:47:53:9742,"(0.00, 0.00)",,,,
15:47:54:0099,"(0.00, 0.00)",,,,
15:47:54:0452,"(0.00, 0.00)",,,,
15:47:54:0940,"(0.00, 0.00)",,,,
15:47:54:1172,"(0.00, 0.00)",,,,
15:47:54:1400,"(0.00, 0.00)",,,,
15:47:54:1630,"(0.00, 0.00)",,,,
15:47:54:1863,"(0.00, 0.00)",,,,
15:47:54:2131,"(0.00, 0.00)",,,,
15:47:54:2427,"(0.00, 0.00)",,,,
15:47:54:2725,"(0.00, 0.00)",,,,
15:47:54:3062,"(0.00, 0.00)",,,,
15:47:54:3328,"(0.00, 0.00)",,,,
15:47:54:3607,"(0.00, 0.00)",,,,
15:47:54:3913,"(0.00, 0.00)",,,,
15:47:54:4215,"(0.00, 0.00)",,,,
15:47:54:4483,"(0.00, 0.00)",,,,
15:47:54:4711,"(0.00, 0.00)",,,,
15:47:54:4938,"(0.00, 0.00)",,,,
15:47:54:5164,"(0.00, 0.00)",,,,
15:47:54:5388,"(0.00, 0.00)",,,,
15:47:54:5616,"(0.00, 0.00)",,,,
15:47:54:5832,"(0.00, 0.00)",,,,
15:47:54:6057,"(0.00, 0.00)",,,,
15:47:54:6282,"(0.00, 0.00)",,,,
15:47:54:6509,"(0.00, 0.00)",,,,
15:47:54:6729,"(0.00, 0.00)",,,,
15:47:54:6959,"(0.00, 0.00)",,,,
15:47:54:7201,"(0.00, 0.00)",,,,
15:47:54:7423,"(0.00, 0.00)",,,,
15:47:54:7643,"(0.00, 0.00)",,,,
15:47:54:7879,"(0.00, 0.00)",,,,
15:47:54:8113,"(0.00, 0.00)",,,,
15:47:54:8331,"(0.00, 0.00)",,,,
15:47:54:8567,"(0.00, 0.00)",,,,
15:47:54:8788,"(0.00, 0.00)",,,,
15:47:54:9051,"(0.00, 0.00)",,,,
15:47:54:9340,"(0.00, 0.00)",,,,
15:47:54:9588,"(0.00, 0.00)",,,,
15:47:54:9845,"(0.00, 0.00)",,,,
15:47:55:0108,"(0.00, 0.00)",,,,
15:47:55:0352,"(0.00, 0.00)",,,,
15:47:55:0592,"(0.00, 0.00)",,,,
15:47:55:0808,"(0.00, 0.00)",,,,
15:47:55:1053,"(0.00, 0.00)",,,,
15:47:55:1271,"(0.00, 0.00)",,,,
15:47:55:1487,"(0.00, 0.00)",,,,
15:47:55:1716,"(0.00, 0.00)",,,,
15:47:55:1940,"(0.00, 0.00)",,,,
15:47:55:2240,"(0.00, 0.00)",,,,
15:47:55:2516,"(0.00, 0.00)",,,,
15:47:55:2786,"(0.00, 0.00)",,,,
15:47:55:3089,"(0.00, 0.00)",,,,
15:47:55:3449,"(0.00, 0.00)",,,,
15:47:55:3742,"(0.00, 0.00)",,,,
15:47:55:4135,"(0.00, 0.00)",,,,
15:47:55:4368,"(0.00, 0.00)",,,,
15:47:55:4628,"(0.00, 0.00)",,,,
15:47:55:4864,"(0.00, 0.00)",,,,
15:47:55:5100,"(0.00, 0.00)",,,,
15:47:55:5326,"(0.00, 0.00)",,,,
15:47:55:5563,"(0.00, 0.00)",,,,
15:47:55:5785,"(0.00, 0.00)",,,,
15:47:55:6046,"(0.00, 0.00)",,,,
15:47:55:6267,"(0.00, 0.00)",,,,
15:47:55:6488,"(0.00, 0.00)",,,,
15:47:55:6716,"(0.00, 0.00)",,,,
15:47:55:6970,"(0.00, 0.00)",,,,
15:47:55:7203,"(0.00, 0.00)",,,,
15:47:55:7425,"(0.00, 0.00)",,,,
15:47:55:7637,"(0.00, 0.00)",,,,
15:47:55:7883,"(0.00, 0.00)",,,,
15:47:55:8115,"(0.00, 0.00)",,,,
15:47:55:8327,"(0.00, 0.00)",,,,
15:47:55:8557,"(0.00, 0.00)",,,,
15:47:55:8765,"(0.00, 0.00)",,,,
15:47:55:8991,"(0.00, 0.00)",,,,
15:47:55:9234,"(0.00, 0.00)",,,,
15:47:55:9448,"(0.00, 0.00)",,,,
15:47:55:9670,"(0.00, 0.00)",,,,
15:47:55:9909,"(0.00, 0.00)",,,,
15:47:56:0169,"(0.00, 0.00)",,,,
15:47:56:0424,"(0.00, 0.00)",,,,
15:47:56:0653,"(0.00, 0.00)",,,,
15:47:56:0880,"(0.00, 0.00)",,,,
15:47:56:1100,"(0.00, 0.00)",,,,
15:47:56:1324,"(0.00, 0.00)",,,,
15:47:56:1556,"(0.00, 0.00)",,,,
15:47:56:1780,"(0.00, 0.00)",,,,
15:47:56:2011,"(0.00, 0.00)",,,,
15:47:56:2285,"(0.00, 0.00)",,,,
15:47:56:2576,"(0.00, 0.00)",,,,
15:47:56:2851,"(0.00, 0.00)",,,,
15:47:56:3138,"(0.00, 0.00)",,,,
15:47:56:3427,"(0.00, 0.00)",,,,
15:47:56:3709,"(0.00, 0.00)",,,,
15:47:56:3984,"(0.00, 0.00)",,,,
15:47:56:4303,"(0.00, 0.00)",,,,
15:47:56:4561,"(0.00, 0.00)",,,,
15:47:56:4779,"(0.00, 0.00)",,,,
15:47:56:5050,"(0.00, 0.00)",,,,
15:47:56:5297,"(0.00, 0.00)",,,,
15:47:56:5525,"(0.00, 0.00)",,,,
15:47:56:5744,"(0.00, 0.00)",,,,
15:47:56:5984,"(0.00, 0.00)",,,,
15:47:56:6219,"(0.00, 0.00)",,,,
15:47:56:6436,"(0.00, 0.00)",,,,
15:47:56:6664,"(0.00, 0.00)",,,,
15:47:56:6892,"(0.00, 0.00)",,,,
15:47:56:7131,"(0.00, 0.00)",,,,
15:47:56:7368,"(0.00, 0.00)",,,,
15:47:56:7602,"(0.00, 0.00)",,,,
15:47:56:7827,"(0.00, 0.00)",,,,
15:47:56:8057,"(0.00, 0.00)",,,,
15:47:56:8282,"(0.00, 0.00)",,,,
15:47:56:8518,"(0.00, 0.00)",,,,
15:47:56:8753,"(0.00, 0.00)",,,,
15:47:56:8984,"(0.00, 0.00)",,,,
15:47:56:9213,"(0.00, 0.00)",,,,
15:47:56:9439,"(0.00, 0.00)",,,,
15:47:56:9657,"(0.00, 0.00)",,,,
15:47:56:9908,"(0.00, 0.00)",,,,
15:47:57:0136,"(0.00, 0.00)",,,,
15:47:57:0376,"(0.00, 0.00)",,,,
15:47:57:0592,"(0.00, 0.00)",,,,
15:47:57:0825,"(0.00, 0.00)",,,,
15:47:57:1064,"(0.00, 0.00)",,,,
15:47:57:1306,"(0.00, 0.00)",,,,
15:47:57:1526,"(0.00, 0.00)",,,,
15:47:57:1749,"(0.00, 0.00)",,,,
15:47:57:1987,"(0.00, 0.00)",,,,
15:47:57:2227,"(0.00, 0.00)",,,,
15:47:57:2504,"(0.00, 0.00)",,,,
15:47:57:2781,"(0.00, 0.00)",,,,
15:47:57:3081,"(0.00, 0.00)",,,,
15:47:57:3389,"(0.00, 0.00)",,,,
15:47:57:3679,"(0.00, 0.00)",,,,
15:47:57:3966,"(0.00, 0.00)",,,,
15:47:57:4270,"(0.00, 0.00)",,,,
15:47:57:4589,"(0.00, 0.00)",,,,
15:47:57:4880,"(0.00, 0.00)",,,,
15:47:57:5117,"(0.00, 0.00)",,,,
15:47:57:5341,"(0.00, 0.00)",,,,
15:47:57:5565,"(0.00, 0.00)",,,,
15:47:57:5787,"(0.00, 0.00)",,,,
15:47:57:6025,"(0.00, 0.00)",,,,
15:47:57:6257,"(0.00, 0.00)",,,,
15:47:57:6470,"(0.00, 0.00)",,,,
15:47:57:6713,"(0.00, 0.00)",,,,
15:47:57:6928,"(0.00, 0.00)",,,,
15:47:57:7179,"(0.00, 0.00)",,,,
15:47:57:7400,"(0.00, 0.00)",,,,
15:47:57:7630,"(0.00, 0.00)",,,,
15:47:57:7852,"(0.00, 0.00)",,,,
15:47:57:8083,"(0.00, 0.00)",,,,
15:47:57:8312,"(0.00, 0.00)",,,,
15:47:57:8543,"(0.00, 0.00)",,,,
15:47:57:8770,"(0.00, 0.00)",,,,
15:47:57:8992,"(0.00, 0.00)",,,,
15:47:57:9225,"(0.00, 0.00)",,,,
15:47:57:9459,"(0.00, 0.00)",,,,
15:47:57:9713,"(0.00, 0.00)",,,,
15:47:57:9923,"(0.00, 0.00)",,,,
15:47:58:0167,"(0.00, 0.00)",,,,
15:47:58:0396,"(0.00, 0.00)",,,,
15:47:58:0623,"(0.00, 0.00)",,,,
15:47:58:0910,"(0.00, 0.00)",,,,
15:47:58:1190,"(0.00, 0.00)",,,,
15:47:58:1456,"(0.00, 0.00)",,,,
15:47:58:1793,"(0.00, 0.00)",,,,
15:47:58:2123,"(0.00, 0.00)",,,,
15:47:58:2829,"(0.00, 0.00)",,,,
15:47:58:3121,"(0.00, 0.00)",,,,
15:47:58:3414,"(0.00, 0.00)",,,,
15:47:58:3700,"(0.00, 0.00)",,,,
15:47:58:3981,"(0.00, 0.00)",,,,
15:47:58:4277,"(0.00, 0.00)",,,,
15:47:58:4574,"(0.00, 0.00)",,,,
15:47:58:4860,"(0.00, 0.00)",,,,
15:47:58:5157,"(0.00, 0.00)",,,,
15:47:58:5398,"(0.00, 0.00)",,,,
15:47:58:5614,"(0.00, 0.00)",,,,
15:47:58:5843,"(0.00, 0.00)",,,,
15:47:58:6083,"(0.00, 0.00)",,,,
15:47:58:6306,"(0.00, 0.00)",,,,
15:47:58:6539,"(0.00, 0.00)",,,,
15:47:58:6770,"(0.00, 0.00)",,,,
15:47:58:7001,"(0.00, 0.00)",,,,
15:47:58:7243,"(0.00, 0.00)",,,,
15:47:58:7470,"(0.00, 0.00)",,,,
15:47:58:7700,"(0.00, 0.00)",,,,
15:47:58:7928,"(0.00, 0.00)",,,,
15:47:58:8162,"(0.00, 0.00)",,,,
15:47:58:8398,"(0.00, 0.00)",,,,
15:47:58:8633,"(0.00, 0.00)",,,,
15:47:58:8863,"(0.00, 0.00)",,,,
15:47:58:9096,"(0.00, 0.00)",,,,
15:47:58:9327,"(0.00, 0.00)",,,,
15:47:58:9564,"(0.00, 0.00)",,,,
15:47:58:9784,"(0.00, 0.00)",,,,
15:47:59:0024,"(0.00, 0.00)",,,,
15:47:59:0248,"(0.00, 0.00)",,,,
15:47:59:0479,"(0.00, 0.00)",,,,
15:47:59:0699,"(0.00, 0.00)",,,,
15:47:59:0941,"(0.00, 0.00)",,,,
15:47:59:1181,"(0.00, 0.00)",,,,
15:47:59:1414,"(0.00, 0.00)",,,,
15:47:59:1640,"(0.00, 0.00)",,,,
15:47:59:1853,"(0.00, 0.00)",,,,
15:47:59:2089,"(0.00, 0.00)",,,,
15:47:59:2336,"(0.00, 0.00)",,,,
15:47:59:2584,"(0.00, 0.00)",,,,
15:47:59:2862,"(0.00, 0.00)",,,,
15:47:59:3158,"(0.00, 0.00)",,,,
15:47:59:3455,"(0.00, 0.00)",,,,
15:47:59:3759,"(0.00, 0.00)",,,,
15:47:59:4064,"(0.00, 0.00)",,,,
15:47:59:4360,"(0.00, 0.00)",,,,
15:47:59:4667,"(0.00, 0.00)",,,,
15:47:59:4881,"(0.00, 0.00)",,,,
15:47:59:5126,"(0.00, 0.00)",,,,
15:47:59:5357,"(0.00, 0.00)",,,,
15:47:59:5599,"(0.00, 0.00)",,,,
15:47:59:5824,"(0.00, 0.00)",,,,
15:47:59:6060,"(0.00, 0.00)",,,,
15:47:59:6291,"(0.00, 0.00)",,,,
15:47:59:6525,"(0.00, 0.00)",,,,
15:47:59:6753,"(0.00, 0.00)",,,,
15:47:59:6992,"(0.00, 0.00)",,,,
15:47:59:7229,"(0.00, 0.00)",,,,
15:47:59:7461,"(0.00, 0.00)",,,,
15:47:59:7689,"(0.00, 0.00)",,,,
15:47:59:7913,"(0.00, 0.00)",,,,
15:47:59:8153,"(0.00, 0.00)",,,,
15:47:59:8375,"(0.00, 0.00)",,,,
15:47:59:8618,"(0.00, 0.00)",,,,
15:47:59:8846,"(0.00, 0.00)",,,,
15:47:59:9083,"(0.00, 0.00)",,,,
15:47:59:9319,"(0.00, 0.00)",,,,
15:47:59:9556,"(0.00, 0.00)",,,,
15:47:59:9778,"(0.00, 0.00)",,,,
15:48:00:0014,"(0.00, 0.00)",,,,
15:48:00:0280,"(0.00, 0.00)",,,,
15:48:00:0526,"(0.00, 0.00)",,,,
15:48:00:0767,"(0.00, 0.00)",,,,
15:48:00:0991,"(0.00, 0.00)",,,,
15:48:00:1233,"(0.00, 0.00)",,,,
15:48:00:1449,"(0.00, 0.00)",,,,
15:48:00:1696,"(0.00, 0.00)",,,,
15:48:00:1921,"(0.00, 0.00)",,,,
15:48:00:2159,"(0.00, 0.00)",,,,
15:48:00:2405,"(0.00, 0.00)",,,,
15:48:00:2673,"(0.00, 0.00)",,,,
15:48:00:2970,"(0.00, 0.00)",,,,
15:48:00:3259,"(0.00, 0.00)",,,,
15:48:00:3552,"(0.00, 0.00)",,,,
15:48:00:3835,"(0.00, 0.00)",,,,
15:48:00:4139,"(0.00, 0.00)",,,,
15:48:00:4449,"(0.00, 0.00)",,,,
15:48:00:4739,"(0.00, 0.00)",,,,
15:48:00:5043,"(0.00, 0.00)",,,,
15:48:00:5284,"(0.00, 0.00)",,,,
15:48:00:5509,"(0.00, 0.00)",,,,
15:48:00:5741,"(0.00, 0.00)",,,,
15:48:00:5958,"(0.00, 0.00)",,,,
15:48:00:6199,"(0.00, 0.00)",,,,
15:48:00:6435,"(0.00, 0.00)",,,,
15:48:00:6699,"(0.00, 0.00)",,,,
15:48:00:6928,"(0.00, 0.00)",,,,
15:48:00:7164,"(0.00, 0.00)",,,,
15:48:00:7400,"(0.00, 0.00)",,,,
15:48:00:7633,"(0.00, 0.00)",,,,
15:48:00:7877,"(0.00, 0.00)",,,,
15:48:00:8105,"(0.00, 0.00)",,,,
15:48:00:8343,"(0.00, 0.00)",,,,
15:48:00:8569,"(0.00, 0.00)",,,,
15:48:00:8815,"(0.00, 0.00)",,,,
15:48:00:9051,"(0.00, 0.00)",,,,
15:48:00:9291,"(0.00, 0.00)",,,,
15:48:00:9527,"(0.00, 0.00)",,,,
15:48:00:9753,"(0.00, 0.00)",,,,
15:48:00:9986,"(0.00, 0.00)",,,,
15:48:01:0224,"(0.00, 0.00)",,,,
15:48:01:0475,"(0.00, 0.00)",,,,
15:48:01:0714,"(0.00, 0.00)",,,,
15:48:01:0940,"(0.00, 0.00)",,,,
15:48:01:1192,"(0.00, 0.00)",,,,
15:48:01:1417,"(0.00, 0.00)",,,,
15:48:01:1655,"(0.00, 0.00)",,,,
15:48:01:1891,"(0.00, 0.00)",,,,
15:48:01:2123,"(0.00, 0.00)",,,,
15:48:01:2362,"(0.00, 0.00)",,,,
15:48:01:2590,"(0.00, 0.00)",,,,
15:48:01:2852,"(0.00, 0.00)",,,,
15:48:01:3160,"(0.00, 0.00)",,,,
15:48:01:3459,"(0.00, 0.00)",,,,
15:48:01:3905,"(0.00, 0.00)",,,,
15:48:01:4350,"(0.00, 0.00)",,,,
15:48:01:4701,"(0.00, 0.00)",,,,
15:48:01:5160,"(0.00, 0.00)",,,,
15:48:01:5551,"(0.00, 0.00)",,,,
15:48:01:5855,"(0.00, 0.00)",,,,
15:48:01:6159,"(0.00, 0.00)",,,,
15:48:01:6427,"(0.00, 0.00)",,,,
15:48:01:6699,"(0.00, 0.00)",,,,
15:48:01:6989,"(0.00, 0.00)",,,,
15:48:01:7323,"(0.00, 0.00)",,,,
15:48:01:7637,"(0.00, 0.00)",,,,
15:48:01:7888,"(0.00, 0.00)",,,,
15:48:01:8168,"(0.00, 0.00)",,,,
15:48:01:8441,"(0.00, 0.00)",,,,
15:48:01:8692,"(0.00, 0.00)",,,,
15:48:01:8939,"(0.00, 0.00)",,,,
15:48:01:9212,"(0.00, 0.00)",,,,
15:48:01:9459,"(0.00, 0.00)",,,,
15:48:01:9698,"(0.00, 0.00)",,,,
15:48:01:9943,"(0.00, 0.00)",,,,
15:48:02:0188,"(0.00, 0.00)",,,,
15:48:02:0424,"(0.00, 0.00)",,,,
15:48:02:0658,"(0.00, 0.00)",,,,
15:48:02:0888,"(0.00, 0.00)",,,,
15:48:02:1127,"(0.00, 0.00)",,,,
15:48:02:1401,"(0.00, 0.00)",,,,
15:48:02:1633,"(0.00, 0.00)",,,,
15:48:02:1865,"(0.00, 0.00)",,,,
15:48:02:2104,"(0.00, 0.00)",,,,
15:48:02:2346,"(0.00, 0.00)",,,,
15:48:02:2582,"(0.00, 0.00)",,,,
15:48:02:2952,"(0.00, 0.00)",,,,
15:48:02:3347,"(0.00, 0.00)",,,,
15:48:02:3731,"(0.00, 0.00)",,,,
15:48:02:4114,"(0.00, 0.00)",,,,
15:48:02:4612,"(0.00, 0.00)",,,,
15:48:02:5096,"(0.00, 0.00)",,,,
15:48:02:5633,"(0.00, 0.00)",,,,
15:48:02:5861,"(0.00, 0.00)",,,,
15:48:02:6110,"(0.00, 0.00)",,,,
15:48:02:6352,"(0.00, 0.00)",,,,
15:48:02:6593,"(0.00, 0.00)",,,,
15:48:02:6851,"(0.00, 0.00)",,,,
15:48:02:7110,"(0.00, 0.00)",,,,
15:48:02:7339,"(0.00, 0.00)",,,,
15:48:02:7581,"(0.00, 0.00)",,,,
15:48:02:7812,"(0.00, 0.00)",,,,
15:48:02:8053,"(0.00, 0.00)",,,,
15:48:02:8285,"(0.00, 0.00)",,,,
15:48:02:8529,"(0.00, 0.00)",,,,
15:48:02:8753,"(0.00, 0.00)",,,,
15:48:02:9001,"(0.00, 0.00)",,,,
15:48:02:9227,"(0.00, 0.00)",,,,
15:48:02:9476,"(0.00, 0.00)",,,,
15:48:02:9715,"(0.00, 0.00)",,,,
15:48:02:9962,"(0.00, 0.00)",,,,
15:48:03:0224,"(0.00, 0.00)",,,,
15:48:03:0459,"(0.00, 0.00)",,,,
15:48:03:0688,"(0.00, 0.00)",,,,
15:48:03:0927,"(0.00, 0.00)",,,,
15:48:03:1175,"(0.00, 0.00)",,,,
15:48:03:1418,"(0.00, 0.00)",,,,
15:48:03:1660,"(0.00, 0.00)",,,,
15:48:03:1897,"(0.00, 0.00)",,,,
15:48:03:2138,"(0.00, 0.00)",,,,
15:48:03:2375,"(0.00, 0.00)",,,,
15:48:03:2607,"(0.00, 0.00)",,,,
15:48:03:2835,"(0.00, 0.00)",,,,
15:48:03:3130,"(0.00, 0.00)",,,,
15:48:03:3444,"(0.00, 0.00)",,,,
15:48:03:3754,"(0.00, 0.00)",,,,
15:48:03:4087,"(0.00, 0.00)",,,,
15:48:03:4409,"(0.00, 0.00)",,,,
15:48:03:4711,"(0.00, 0.00)",,,,
15:48:03:5044,"(0.00, 0.00)",,,,
15:48:03:5335,"(0.00, 0.00)",,,,
15:48:03:5587,"(0.00, 0.00)",,,,
15:48:03:5813,"(0.00, 0.00)",,,,
15:48:03:6066,"(0.00, 0.00)",,,,
15:48:03:6326,"(0.00, 0.00)",,,,
15:48:03:6589,"(0.00, 0.00)",,,,
15:48:03:6816,"(0.00, 0.00)",,,,
15:48:03:7052,"(0.00, 0.00)",,,,
15:48:03:7297,"(0.00, 0.00)",,,,
15:48:03:7529,"(0.00, 0.00)",,,,
15:48:03:7765,"(0.00, 0.00)",,,,
15:48:03:8000,"(0.00, 0.00)",,,,
15:48:03:8244,"(0.00, 0.00)",,,,
15:48:03:8483,"(0.00, 0.00)",,,,
15:48:03:8723,"(0.00, 0.00)",,,,
15:48:03:8956,"(0.00, 0.00)",,,,
15:48:03:9212,"(0.00, 0.00)",,,,
15:48:03:9463,"(0.00, 0.00)",,,,
15:48:03:9690,"(0.00, 0.00)",,,,
15:48:03:9936,"(0.00, 0.00)",,,,
15:48:04:0184,"(0.00, 0.00)",,,,
15:48:04:0423,"(0.00, 0.00)",,,,
15:48:04:0661,"(0.00, 0.00)",,,,
15:48:04:0904,"(0.00, 0.00)",,,,
15:48:04:1139,"(0.00, 0.00)",,,,
15:48:04:1379,"(0.00, 0.00)",,,,
15:48:04:1632,"(0.00, 0.00)",,,,
15:48:04:1866,"(0.00, 0.00)",,,,
15:48:04:2113,"(0.00, 0.00)",,,,
15:48:04:2353,"(0.00, 0.00)",,,,
15:48:04:2602,"(0.00, 0.00)",,,,
15:48:04:2844,"(0.00, 0.00)",,,,
15:48:04:3112,"(0.00, 0.00)",,,,
15:48:04:3444,"(0.00, 0.00)",,,,
15:48:04:3738,"(0.00, 0.00)",,,,
15:48:04:4048,"(0.00, 0.00)",,,,
15:48:04:4411,"(0.00, 0.00)",,,,
15:48:04:4703,"(0.00, 0.00)",,,,
15:48:04:5052,"(0.00, 0.00)",,,,
15:48:04:5348,"(0.00, 0.00)",,,,
15:48:04:5665,"(0.00, 0.00)",,,,
15:48:04:5938,"(0.00, 0.00)",,,,
15:48:04:6186,"(0.00, 0.00)",,,,
15:48:04:6410,"(0.00, 0.00)",,,,
15:48:04:6661,"(0.00, 0.00)",,,,
15:48:04:6912,"(0.00, 0.00)",,,,
15:48:04:7153,"(0.00, 0.00)",,,,
15:48:04:7388,"(0.00, 0.00)",,,,
15:48:04:7626,"(0.00, 0.00)",,,,
15:48:04:7864,"(0.00, 0.00)",,,,
15:48:04:8101,"(0.00, 0.00)",,,,
15:48:04:8336,"(0.00, 0.00)",,,,
15:48:04:8586,"(0.00, 0.00)",,,,
15:48:04:8824,"(0.00, 0.00)",,,,
15:48:04:9068,"(0.00, 0.00)",,,,
15:48:04:9318,"(0.00, 0.00)",,,,
15:48:04:9557,"(0.00, 0.00)",,,,
15:48:04:9789,"(0.00, 0.00)",,,,
15:48:05:0037,"(0.00, 0.00)",,,,
15:48:05:0273,"(0.00, 0.00)",,,,
15:48:05:0529,"(0.00, 0.00)",,,,
15:48:05:0783,"(0.00, 0.00)",,,,
15:48:05:1065,"(0.00, 0.00)",,,,
15:48:05:1344,"(0.00, 0.00)",,,,
15:48:05:1661,"(0.00, 0.00)",,,,
15:48:05:1970,"(0.00, 0.00)",,,,
15:48:05:2246,"(0.00, 0.00)",,,,
15:48:05:2489,"(0.00, 0.00)",,,,
15:48:05:2748,"(0.00, 0.00)",,,,
15:48:05:2981,"(0.00, 0.00)",,,,
15:48:05:3291,"(0.00, 0.00)",,,,
15:48:05:3608,"(0.00, 0.00)",,,,
15:48:05:3925,"(0.00, 0.00)",,,,
15:48:05:4249,"(0.00, 0.00)",,,,
15:48:05:4569,"(0.00, 0.00)",,,,
15:48:05:4893,"(0.00, 0.00)",,,,
15:48:05:5216,"(0.00, 0.00)",,,,
15:48:05:5491,"(0.00, 0.00)",,,,
15:48:05:5737,"(0.00, 0.00)",,,,
15:48:05:6003,"(0.00, 0.00)",,,,
15:48:05:6249,"(0.00, 0.00)",,,,
15:48:05:6482,"(0.00, 0.00)",,,,
15:48:05:6728,"(0.00, 0.00)",,,,
15:48:05:6952,"(0.00, 0.00)",,,,
15:48:05:7224,"(0.00, 0.00)",,,,
15:48:05:7455,"(0.00, 0.00)",,,,
15:48:05:7700,"(0.00, 0.00)",,,,
15:48:05:7946,"(0.00, 0.00)",,,,
15:48:05:8185,"(0.00, 0.00)",,,,
15:48:05:8414,"(0.00, 0.00)",,,,
15:48:05:8660,"(0.00, 0.00)",,,,
15:48:05:8895,"(0.00, 0.00)",,,,
15:48:05:9138,"(0.00, 0.00)",,,,
15:48:05:9394,"(0.00, 0.00)",,,,
15:48:05:9639,"(0.00, 0.00)",,,,
15:48:05:9890,"(0.00, 0.00)",,,,
15:48:06:0147,"(0.00, 0.00)",,,,
15:48:06:0396,"(0.00, 0.00)",,,,
15:48:06:0644,"(0.00, 0.00)",,,,
15:48:06:0891,"(0.00, 0.00)",,,,
15:48:06:1146,"(0.00, 0.00)",,,,
15:48:06:1380,"(0.00, 0.00)",,,,
15:48:06:1614,"(0.00, 0.00)",,,,
15:48:06:1854,"(0.00, 0.00)",,,,
15:48:06:2102,"(0.00, 0.00)",,,,
15:48:06:2353,"(0.00, 0.00)",,,,
15:48:06:2588,"(0.00, 0.00)",,,,
15:48:06:2829,"(0.00, 0.00)",,,,
15:48:06:3066,"(0.00, 0.00)",,,,
15:48:06:3391,"(0.00, 0.00)",,,,
15:48:06:3688,"(0.00, 0.00)",,,,
15:48:06:4007,"(0.00, 0.00)",,,,
15:48:06:4403,"(0.00, 0.00)",,,,
15:48:06:4776,"(0.00, 0.00)",,,,
15:48:06:5170,"(0.00, 0.00)",,,,
15:48:06:5534,"(0.00, 0.00)",,,,
15:48:06:6071,"(0.00, 0.00)",,,,
15:48:06:6435,"(0.00, 0.00)",,,,
15:48:06:6929,"(0.00, 0.00)",,,,
15:48:06:7186,"(0.00, 0.00)",,,,
15:48:06:7434,"(0.00, 0.00)",,,,
15:48:06:7678,"(0.00, 0.00)",,,,
15:48:06:7929,"(0.00, 0.00)",,,,
15:48:06:8181,"(0.00, 0.00)",,,,
15:48:06:8428,"(0.00, 0.00)",,,,
15:48:06:8668,"(0.00, 0.00)",,,,
15:48:06:8915,"(0.00, 0.00)",,,,
15:48:06:9168,"(0.00, 0.00)",,,,
15:48:06:9411,"(0.00, 0.00)",,,,
15:48:06:9668,"(0.00, 0.00)",,,,
15:48:06:9900,"(0.00, 0.00)",,,,
15:48:07:0167,"(0.00, 0.00)",,,,
15:48:07:0403,"(0.00, 0.00)",,,,
15:48:07:0647,"(0.00, 0.00)",,,,
15:48:07:0895,"(0.00, 0.00)",,,,
15:48:07:1136,"(0.00, 0.00)",,,,
15:48:07:1398,"(0.00, 0.00)",,,,
15:48:07:1650,"(0.00, 0.00)",,,,
15:48:07:1897,"(0.00, 0.00)",,,,
15:48:07:2141,"(0.00, 0.00)",,,,
15:48:07:2381,"(0.00, 0.00)",,,,
15:48:07:2625,"(0.00, 0.00)",,,,
15:48:07:2870,"(0.00, 0.00)",,,,
15:48:07:3119,"(0.00, 0.00)",,,,
15:48:07:3396,"(0.00, 0.00)",,,,
15:48:07:3710,"(0.00, 0.00)",,,,
15:48:07:4038,"(0.00, 0.00)",,,,
15:48:07:4355,"(0.00, 0.00)",,,,
15:48:07:4664,"(0.00, 0.00)",,,,
15:48:07:4985,"(0.00, 0.00)",,,,
15:48:07:5290,"(0.00, 0.00)",,,,
15:48:07:5650,"(0.00, 0.00)",,,,
15:48:07:6009,"(0.00, 0.00)",,,,
15:48:07:6250,"(0.00, 0.00)",,,,
15:48:07:6491,"(0.00, 0.00)",,,,
15:48:07:6738,"(0.00, 0.00)",,,,
15:48:07:6982,"(0.00, 0.00)",,,,
15:48:07:7230,"(0.00, 0.00)",,,,
15:48:07:7484,"(0.00, 0.00)",,,,
15:48:07:7724,"(0.00, 0.00)",,,,
15:48:07:7976,"(0.00, 0.00)",,,,
15:48:07:8213,"(0.00, 0.00)",,,,
15:48:07:8452,"(0.00, 0.00)",,,,
15:48:07:8699,"(0.00, 0.00)",,,,
15:48:07:8935,"(0.00, 0.00)",,,,
15:48:07:9188,"(0.00, 0.00)",,,,
15:48:07:9443,"(0.00, 0.00)",,,,
15:48:07:9689,"(0.00, 0.00)",,,,
15:48:07:9943,"(0.00, 0.00)",,,,
15:48:08:0178,"(0.00, 0.00)",,,,
15:48:08:0427,"(0.00, 0.00)",,,,
15:48:08:0663,"(0.00, 0.00)",,,,
15:48:08:0913,"(0.00, 0.00)",,,,
15:48:08:1164,"(0.00, 0.00)",,,,
15:48:08:1416,"(0.00, 0.00)",,,,
15:48:08:1662,"(0.00, 0.00)",,,,
15:48:08:1887,"(0.00, 0.00)",,,,
15:48:08:2157,"(0.00, 0.00)",,,,
15:48:08:2402,"(0.00, 0.00)",,,,
15:48:08:2652,"(0.00, 0.00)",,,,
15:48:08:2966,"(0.00, 0.00)",,,,
15:48:08:3210,"(0.00, 0.00)",,,,
15:48:08:3539,"(0.00, 0.00)",,,,
15:48:08:3844,"(0.00, 0.00)",,,,
15:48:08:4169,"(0.00, 0.00)",,,,
15:48:08:4484,"(0.00, 0.00)",,,,
15:48:08:4800,"(0.00, 0.00)",,,,
15:48:08:5117,"(0.00, 0.00)",,,,
15:48:08:5458,"(0.00, 0.00)",,,,
15:48:08:5762,"(0.00, 0.00)",,,,
15:48:08:6068,"(0.00, 0.00)",,,,
15:48:08:6347,"(0.00, 0.00)",,,,
15:48:08:6597,"(0.00, 0.00)",,,,
15:48:08:6835,"(0.00, 0.00)",,,,
15:48:08:7083,"(0.00, 0.00)",,,,
15:48:08:7324,"(0.00, 0.00)",,,,
15:48:08:7571,"(0.00, 0.00)",,,,
15:48:08:7820,"(0.00, 0.00)",,,,
15:48:08:8088,"(0.00, 0.00)",,,,
15:48:08:8327,"(0.00, 0.00)",,,,
15:48:08:8583,"(0.00, 0.00)",,,,
15:48:08:8825,"(0.00, 0.00)",,,,
15:48:08:9062,"(0.00, 0.00)",,,,
15:48:08:9337,"(0.00, 0.00)",,,,
15:48:08:9579,"(0.00, 0.00)",,,,
15:48:08:9831,"(0.00, 0.00)",,,,
15:48:09:0089,"(0.00, 0.00)",,,,
15:48:09:0325,"(0.00, 0.00)",,,,
15:48:09:0577,"(0.00, 0.00)",,,,
15:48:09:0820,"(0.00, 0.00)",,,,
15:48:09:1066,"(0.00, 0.00)",,,,
15:48:09:1324,"(0.00, 0.00)",,,,
15:48:09:1584,"(0.00, 0.00)",,,,
15:48:09:1831,"(0.00, 0.00)",,,,
15:48:09:2076,"(0.00, 0.00)",,,,
15:48:09:2333,"(0.00, 0.00)",,,,
15:48:09:2577,"(0.00, 0.00)",,,,
15:48:09:2822,"(0.00, 0.00)",,,,
15:48:09:3099,"(0.00, 0.00)",,,,
15:48:09:3344,"(0.00, 0.00)",,,,
15:48:09:3639,"(0.00, 0.00)",,,,
15:48:09:3924,"(0.00, 0.00)",,,,
15:48:09:4273,"(0.00, 0.00)",,,,
15:48:09:4653,"(0.00, 0.00)",,,,
15:48:09:4938,"(0.00, 0.00)",,,,
15:48:09:5288,"(0.00, 0.00)",,,,
15:48:09:5555,"(0.00, 0.00)",,,,
15:48:09:5789,"(0.00, 0.00)",,,,
15:48:09:6033,"(0.00, 0.00)",,,,
15:48:09:6287,"(0.00, 0.00)",,,,
15:48:09:6545,"(0.00, 0.00)",,,,
15:48:09:6798,"(0.00, 0.00)",,,,
15:48:09:7042,"(0.00, 0.00)",,,,
15:48:09:7292,"(0.00, 0.00)",,,,
15:48:09:7550,"(0.00, 0.00)",,,,
15:48:09:7806,"(0.00, 0.00)",,,,
15:48:09:8053,"(0.00, 0.00)",,,,
15:48:09:8293,"(0.00, 0.00)",,,,
15:48:09:8541,"(0.00, 0.00)",,,,
15:48:09:8794,"(0.00, 0.00)",,,,
15:48:09:9038,"(0.00, 0.00)",,,,
15:48:09:9288,"(0.00, 0.00)",,,,
15:48:09:9535,"(0.00, 0.00)",,,,
15:48:09:9776,"(0.00, 0.00)",,,,
15:48:10:0028,"(0.00, 0.00)",,,,
15:48:10:0265,"(0.00, 0.00)",,,,
15:48:10:0518,"(0.00, 0.00)",,,,
15:48:10:0764,"(0.00, 0.00)",,,,
15:48:10:1009,"(0.00, 0.00)",,,,
15:48:10:1261,"(0.00, 0.00)",,,,
15:48:10:1525,"(0.00, 0.00)",,,,
15:48:10:1778,"(0.00, 0.00)",,,,
15:48:10:2012,"(0.00, 0.00)",,,,
15:48:10:2270,"(0.00, 0.00)",,,,
15:48:10:2531,"(0.00, 0.00)",,,,
15:48:10:2787,"(0.00, 0.00)",,,,
15:48:10:3043,"(0.00, 0.00)",,,,
15:48:10:3312,"(0.00, 0.00)",,,,
15:48:10:3596,"(0.00, 0.00)",,,,
15:48:10:3904,"(0.00, 0.00)",,,,
15:48:10:4212,"(0.00, 0.00)",,,,
15:48:10:4551,"(0.00, 0.00)",,,,
15:48:10:5409,"(0.00, 0.00)",,,,
15:48:10:5917,"(0.00, 0.00)",,,,
15:48:10:6425,"(0.00, 0.00)",,,,
15:48:10:6905,"(0.00, 0.00)",,,,
15:48:10:7282,"(0.00, 0.00)",,,,
15:48:10:7635,"(0.00, 0.00)",,,,
15:48:10:7998,"(0.00, 0.00)",,,,
15:48:10:8392,"(0.00, 0.00)",,,,
15:48:10:8726,"(0.00, 0.00)",,,,
15:48:10:9085,"(0.00, 0.00)",,,,
15:48:10:9473,"(0.00, 0.00)",,,,
15:48:10:9832,"(0.00, 0.00)",,,,
15:48:11:0205,"(0.00, 0.00)",,,,
15:48:11:0575,"(0.00, 0.00)",,,,
15:48:11:0946,"(0.00, 0.00)",,,,
15:48:11:1314,"(0.00, 0.00)",,,,
15:48:11:1701,"(0.00, 0.00)",,,,
15:48:11:2067,"(0.00, 0.00)",,,,
15:48:11:2439,"(0.00, 0.00)",,,,
15:48:11:2792,"(0.00, 0.00)",,,,
15:48:11:3187,"(0.00, 0.00)",,,,
15:48:11:3544,"(0.00, 0.00)",,,,
15:48:11:3973,"(0.00, 0.00)",,,,
15:48:11:4501,"(0.00, 0.00)",,,,
15:48:11:5079,"(0.00, 0.00)",,,,
15:48:11:5642,"(0.00, 0.00)",,,,
15:48:11:6182,"(0.00, 0.00)",,,,
15:48:11:6553,"(0.00, 0.00)",,,,
15:48:11:7089,"(0.00, 0.00)",,,,
15:48:11:7341,"(0.00, 0.00)",,,,
15:48:11:7607,"(0.00, 0.00)",,,,
15:48:11:7856,"(0.00, 0.00)",,,,
15:48:11:8116,"(0.00, 0.00)",,,,
15:48:11:8365,"(0.00, 0.00)",,,,
15:48:11:8623,"(0.00, 0.00)",,,,
15:48:11:8887,"(0.00, 0.00)",,,,
15:48:11:9156,"(0.00, 0.00)",,,,
15:48:11:9408,"(0.00, 0.00)",,,,
15:48:11:9666,"(0.00, 0.00)",,,,
15:48:11:9925,"(0.00, 0.00)",,,,
15:48:12:0177,"(0.00, 0.00)",,,,
15:48:12:0430,"(0.00, 0.00)",,,,
15:48:12:0682,"(0.00, 0.00)",,,,
15:48:12:0924,"(0.00, 0.00)",,,,
15:48:12:1182,"(0.00, 0.00)",,,,
15:48:12:1454,"(0.00, 0.00)",,,,
15:48:12:1706,"(0.00, 0.00)",,,,
15:48:12:1969,"(0.00, 0.00)",,,,
15:48:12:2226,"(0.00, 0.00)",,,,
15:48:12:2488,"(0.00, 0.00)",,,,
15:48:12:2733,"(0.00, 0.00)",,,,
15:48:12:2993,"(0.00, 0.00)",,,,
15:48:12:3250,"(0.00, 0.00)",,,,
15:48:12:3515,"(0.00, 0.00)",,,,
15:48:12:3764,"(0.00, 0.00)",,,,
15:48:12:4092,"(0.00, 0.00)",,,,
15:48:12:4399,"(0.00, 0.00)",,,,
15:48:12:4704,"(0.00, 0.00)",,,,
15:48:12:5025,"(0.00, 0.00)",,,,
15:48:12:5374,"(0.00, 0.00)",,,,
15:48:12:5688,"(0.00, 0.00)",,,,
15:48:12:6023,"(0.00, 0.00)",,,,
15:48:12:6344,"(0.00, 0.00)",,,,
15:48:12:6626,"(0.00, 0.00)",,,,
15:48:12:6883,"(0.00, 0.00)",,,,
15:48:12:7143,"(0.00, 0.00)",,,,
15:48:12:7390,"(0.00, 0.00)",,,,
15:48:12:7650,"(0.00, 0.00)",,,,
15:48:12:7898,"(0.00, 0.00)",,,,
15:48:12:8171,"(0.00, 0.00)",,,,
15:48:12:8413,"(0.00, 0.00)",,,,
15:48:12:8663,"(0.00, 0.00)",,,,
15:48:12:8926,"(0.00, 0.00)",,,,
15:48:12:9181,"(0.00, 0.00)",,,,
15:48:12:9442,"(0.00, 0.00)",,,,
15:48:12:9686,"(0.00, 0.00)",,,,
15:48:12:9953,"(0.00, 0.00)",,,,
15:48:13:0217,"(0.00, 0.00)",,,,
15:48:13:0471,"(0.00, 0.00)",,,,
15:48:13:0711,"(0.00, 0.00)",,,,
15:48:13:0974,"(0.00, 0.00)",,,,
15:48:13:1232,"(0.00, 0.00)",,,,
15:48:13:1473,"(0.00, 0.00)",,,,
15:48:13:1726,"(0.00, 0.00)",,,,
15:48:13:1996,"(0.00, 0.00)",,,,
15:48:13:2248,"(0.00, 0.00)",,,,
15:48:13:2514,"(0.00, 0.00)",,,,
15:48:13:2767,"(0.00, 0.00)",,,,
15:48:13:3026,"(0.00, 0.00)",,,,
15:48:13:3280,"(0.00, 0.00)",,,,
15:48:13:3533,"(0.00, 0.00)",,,,
15:48:13:3785,"(0.00, 0.00)",,,,
15:48:13:4093,"(0.00, 0.00)",,,,
15:48:13:4486,"(0.00, 0.00)",,,,
15:48:13:4806,"(0.00, 0.00)",,,,
15:48:13:5148,"(0.00, 0.00)",,,,
15:48:13:5498,"(0.00, 0.00)",,,,
15:48:13:5834,"(0.00, 0.00)",,,,
15:48:13:6213,"(0.00, 0.00)",,,,
15:48:13:6537,"(0.00, 0.00)",,,,
15:48:13:6846,"(0.00, 0.00)",,,,
15:48:13:7187,"(0.00, 0.00)",,,,
15:48:13:7495,"(0.00, 0.00)",,,,
15:48:13:7764,"(0.00, 0.00)",,,,
15:48:13:8023,"(0.00, 0.00)",,,,
15:48:13:8279,"(0.00, 0.00)",,,,
15:48:13:8535,"(0.00, 0.00)",,,,
15:48:13:8799,"(0.00, 0.00)",,,,
15:48:13:9051,"(0.00, 0.00)",,,,
15:48:13:9307,"(0.00, 0.00)",,,,
15:48:13:9565,"(0.00, 0.00)",,,,
15:48:13:9819,"(0.00, 0.00)",,,,
15:48:14:0082,"(0.00, 0.00)",,,,
15:48:14:0333,"(0.00, 0.00)",,,,
15:48:14:0584,"(0.00, 0.00)",,,,
15:48:14:0846,"(0.00, 0.00)",,,,
15:48:14:1105,"(0.00, 0.00)",,,,
15:48:14:1366,"(0.00, 0.00)",,,,
15:48:14:1623,"(0.00, 0.00)",,,,
15:48:14:1879,"(0.00, 0.00)",,,,
15:48:14:2147,"(0.00, 0.00)",,,,
15:48:14:2409,"(0.00, 0.00)",,,,
15:48:14:2676,"(0.00, 0.00)",,,,
15:48:14:2931,"(0.00, 0.00)",,,,
15:48:14:3207,"(0.00, 0.00)",,,,
15:48:14:3461,"(0.00, 0.00)",,,,
15:48:14:3735,"(0.00, 0.00)",,,,
15:48:14:3988,"(0.00, 0.00)",,,,
15:48:14:4305,"(0.00, 0.00)",,,,
15:48:14:4761,"(0.00, 0.00)",,,,
15:48:14:5381,"(0.00, 0.00)",,,,
15:48:14:5944,"(0.00, 0.00)",,,,
15:48:14:6494,"(0.00, 0.00)",,,,
15:48:14:6943,"(0.00, 0.00)",,,,
15:48:14:7373,"(0.00, 0.00)",,,,
15:48:14:7748,"(0.00, 0.00)",,,,
15:48:14:8162,"(0.00, 0.00)",,,,
15:48:14:8482,"(0.00, 0.00)",,,,
15:48:14:8753,"(0.00, 0.00)",,,,
15:48:14:9041,"(0.00, 0.00)",,,,
15:48:14:9307,"(0.00, 0.00)",,,,
15:48:14:9587,"(0.00, 0.00)",,,,
15:48:14:9864,"(0.00, 0.00)",,,,
15:48:15:0182,"(0.00, 0.00)",,,,
15:48:15:0459,"(0.00, 0.00)",,,,
15:48:15:0732,"(0.00, 0.00)",,,,
15:48:15:1001,"(0.00, 0.00)",,,,
15:48:15:1270,"(0.00, 0.00)",,,,
15:48:15:1520,"(0.00, 0.00)",,,,
15:48:15:1772,"(0.00, 0.00)",,,,
15:48:15:2035,"(0.00, 0.00)",,,,
15:48:15:2328,"(0.00, 0.00)",,,,
15:48:15:2636,"(0.00, 0.00)",,,,
15:48:15:2920,"(0.00, 0.00)",,,,
15:48:15:3223,"(0.00, 0.00)",,,,
15:48:15:3574,"(0.00, 0.00)",,,,
15:48:15:3847,"(0.00, 0.00)",,,,
15:48:15:4142,"(0.00, 0.00)",,,,
15:48:15:4540,"(0.00, 0.00)",,,,
15:48:15:4888,"(0.00, 0.00)",,,,
15:48:15:5222,"(0.00, 0.00)",,,,
15:48:15:5569,"(0.00, 0.00)",,,,
15:48:15:5886,"(0.00, 0.00)",,,,
15:48:15:6226,"(0.00, 0.00)",,,,
15:48:15:6568,"(0.00, 0.00)",,,,
15:48:15:6946,"(0.00, 0.00)",,,,
15:48:15:7276,"(0.00, 0.00)",,,,
15:48:15:7587,"(0.00, 0.00)",,,,
15:48:15:7991,"(0.00, 0.00)",,,,
15:48:15:8574,"(0.00, 0.00)",,,,
15:48:15:8821,"(0.00, 0.00)",,,,
15:48:15:9096,"(0.00, 0.00)",,,,
15:48:15:9366,"(0.00, 0.00)",,,,
15:48:15:9612,"(0.00, 0.00)",,,,
15:48:15:9873,"(0.00, 0.00)",,,,
15:48:16:0152,"(0.00, 0.00)",,,,
15:48:16:0432,"(0.00, 0.00)",,,,
15:48:16:0703,"(0.00, 0.00)",,,,
15:48:16:0957,"(0.00, 0.00)",,,,
15:48:16:1224,"(0.00, 0.00)",,,,
15:48:16:1488,"(0.00, 0.00)",,,,
15:48:16:1749,"(0.00, 0.00)",,,,
15:48:16:2005,"(0.00, 0.00)",,,,
15:48:16:2275,"(0.00, 0.00)",,,,
15:48:16:2543,"(0.00, 0.00)",,,,
15:48:16:2798,"(0.00, 0.00)",,,,
15:48:16:3071,"(0.00, 0.00)",,,,
15:48:16:3324,"(0.00, 0.00)",,,,
15:48:16:3578,"(0.00, 0.00)",,,,
15:48:16:3870,"(0.00, 0.00)",,,,
15:48:16:4191,"(0.00, 0.00)",,,,
15:48:16:4610,"(0.00, 0.00)",,,,
15:48:16:5065,"(0.00, 0.00)",,,,
15:48:16:5502,"(0.00, 0.00)",,,,
15:48:16:6007,"(0.00, 0.00)",,,,
15:48:16:6393,"(0.00, 0.00)",,,,
15:48:16:6698,"(0.00, 0.00)",,,,
15:48:16:7007,"(0.00, 0.00)",,,,
15:48:16:7392,"(0.00, 0.00)",,,,
15:48:16:7688,"(0.00, 0.00)",,,,
15:48:16:7975,"(0.00, 0.00)",,,,
15:48:16:8232,"(0.00, 0.00)",,,,
15:48:16:8502,"(0.00, 0.00)",,,,
15:48:16:8763,"(0.00, 0.00)",,,,
15:48:16:9023,"(0.00, 0.00)",,,,
15:48:16:9286,"(0.00, 0.00)",,,,
15:48:16:9534,"(0.00, 0.00)",,,,
15:48:16:9793,"(0.00, 0.00)",,,,
15:48:17:0055,"(0.00, 0.00)",,,,
15:48:17:0317,"(0.00, 0.00)",,,,
15:48:17:0582,"(0.00, 0.00)",,,,
15:48:17:0851,"(0.00, 0.00)",,,,
15:48:17:1111,"(0.00, 0.00)",,,,
15:48:17:1364,"(0.00, 0.00)",,,,
15:48:17:1624,"(0.00, 0.00)",,,,
15:48:17:1885,"(0.00, 0.00)",,,,
15:48:17:2150,"(0.00, 0.00)",,,,
15:48:17:2408,"(0.00, 0.00)",,,,
15:48:17:2684,"(0.00, 0.00)",,,,
15:48:17:2951,"(0.00, 0.00)",,,,
15:48:17:3244,"(0.00, 0.00)",,,,
15:48:17:3523,"(0.00, 0.00)",,,,
15:48:17:3807,"(0.00, 0.00)",,,,
15:48:17:4082,"(0.00, 0.00)",,,,
15:48:17:4365,"(0.00, 0.00)",,,,
15:48:17:4707,"(0.00, 0.00)",,,,
15:48:17:5075,"(0.00, 0.00)",,,,
15:48:17:5451,"(0.00, 0.00)",,,,
15:48:17:5805,"(0.00, 0.00)",,,,
15:48:17:6177,"(0.00, 0.00)",,,,
15:48:17:6503,"(0.00, 0.00)",,,,
15:48:17:6815,"(0.00, 0.00)",,,,
15:48:17:7069,"(0.00, 0.00)",,,,
15:48:17:7337,"(0.00, 0.00)",,,,
15:48:17:7595,"(0.00, 0.00)",,,,
15:48:17:7851,"(0.00, 0.00)",,,,
15:48:17:8130,"(0.00, 0.00)",,,,
15:48:17:8380,"(0.00, 0.00)",,,,
15:48:17:8634,"(0.00, 0.00)",,,,
15:48:17:8907,"(0.00, 0.00)",,,,
15:48:17:9168,"(0.00, 0.00)",,,,
15:48:17:9443,"(0.00, 0.00)",,,,
15:48:17:9712,"(0.00, 0.00)",,,,
15:48:17:9979,"(0.00, 0.00)",,,,
15:48:18:0243,"(0.00, 0.00)",,,,
15:48:18:0505,"(0.00, 0.00)",,,,
15:48:18:0771,"(0.00, 0.00)",,,,
15:48:18:1034,"(0.00, 0.00)",,,,
15:48:18:1301,"(0.00, 0.00)",,,,
15:48:18:1568,"(0.00, 0.00)",,,,
15:48:18:1811,"(0.00, 0.00)",,,,
15:48:18:2084,"(0.00, 0.00)",,,,
15:48:18:2345,"(0.00, 0.00)",,,,
15:48:18:2612,"(0.00, 0.00)",,,,
15:48:18:2879,"(0.00, 0.00)",,,,
15:48:18:3152,"(0.00, 0.00)",,,,
15:48:18:3413,"(0.00, 0.00)",,,,
15:48:18:3671,"(0.00, 0.00)",,,,
15:48:18:3945,"(0.00, 0.00)",,,,
15:48:18:4209,"(0.00, 0.00)",,,,
15:48:18:4602,"(0.00, 0.00)",,,,
15:48:18:4937,"(0.00, 0.00)",,,,
15:48:18:5278,"(0.00, 0.00)",,,,
15:48:18:5601,"(0.00, 0.00)",,,,
15:48:18:5934,"(0.00, 0.00)",,,,
15:48:18:6223,"(0.00, 0.00)",,,,
15:48:18:6494,"(0.00, 0.00)",,,,
15:48:18:6776,"(0.00, 0.00)",,,,
15:48:18:7048,"(0.00, 0.00)",,,,
15:48:18:7325,"(0.00, 0.00)",,,,
15:48:18:7593,"(0.00, 0.00)",,,,
15:48:18:7855,"(0.00, 0.00)",,,,
15:48:18:8121,"(0.00, 0.00)",,,,
15:48:18:8387,"(0.00, 0.00)",,,,
15:48:18:8644,"(0.00, 0.00)",,,,
15:48:18:8906,"(0.00, 0.00)",,,,
15:48:18:9178,"(0.00, 0.00)",,,,
15:48:18:9443,"(0.00, 0.00)",,,,
15:48:18:9699,"(0.00, 0.00)",,,,
15:48:18:9973,"(0.00, 0.00)",,,,
15:48:19:0239,"(0.00, 0.00)",,,,
15:48:19:0502,"(0.00, 0.00)",,,,
15:48:19:0763,"(0.00, 0.00)",,,,
15:48:19:1027,"(0.00, 0.00)",,,,
15:48:19:1305,"(0.00, 0.00)",,,,
15:48:19:1562,"(0.00, 0.00)",,,,
15:48:19:1826,"(0.00, 0.00)",,,,
15:48:19:2104,"(0.00, 0.00)",,,,
15:48:19:2363,"(0.00, 0.00)",,,,
15:48:19:2612,"(0.00, 0.00)",,,,
15:48:19:2882,"(0.00, 0.00)",,,,
15:48:19:3155,"(0.00, 0.00)",,,,
15:48:19:3427,"(0.00, 0.00)",,,,
15:48:19:3683,"(0.00, 0.00)",,,,
15:48:19:3940,"(0.00, 0.00)",,,,
15:48:19:4212,"(0.00, 0.00)",,,,
15:48:19:4480,"(0.00, 0.00)",,,,
15:48:19:4796,"(0.00, 0.00)",,,,
15:48:19:5142,"(0.00, 0.00)",,,,
15:48:19:5473,"(0.00, 0.00)",,,,
15:48:19:5791,"(0.00, 0.00)",,,,
15:48:19:6136,"(0.00, 0.00)",,,,
15:48:19:6567,"(0.00, 0.00)",,,,
15:48:19:6968,"(0.00, 0.00)",,,,
15:48:19:7428,"(0.00, 0.00)",,,,
15:48:19:7806,"(0.00, 0.00)",,,,
15:48:19:8215,"(0.00, 0.00)",,,,
15:48:19:8822,"(0.00, 0.00)",,,,
15:48:19:9098,"(0.00, 0.00)",,,,
15:48:19:9356,"(0.00, 0.00)",,,,
15:48:19:9625,"(0.00, 0.00)",,,,
15:48:19:9886,"(0.00, 0.00)",,,,
15:48:20:0167,"(0.00, 0.00)",,,,
15:48:20:0449,"(0.00, 0.00)",,,,
15:48:20:0699,"(0.00, 0.00)",,,,
15:48:20:0966,"(0.00, 0.00)",,,,
15:48:20:1261,"(0.00, 0.00)",,,,
15:48:20:1578,"(0.00, 0.00)",,,,
15:48:20:1829,"(0.00, 0.00)",,,,
15:48:20:2102,"(0.00, 0.00)",,,,
15:48:20:2375,"(0.00, 0.00)",,,,
15:48:20:2651,"(0.00, 0.00)",,,,
15:48:20:2923,"(0.00, 0.00)",,,,
15:48:20:3175,"(0.00, 0.00)",,,,
15:48:20:3443,"(0.00, 0.00)",,,,
15:48:20:3705,"(0.00, 0.00)",,,,
15:48:20:3975,"(0.00, 0.00)",,,,
15:48:20:4250,"(0.00, 0.00)",,,,
15:48:20:4523,"(0.00, 0.00)",,,,
15:48:20:4825,"(0.00, 0.00)",,,,
15:48:20:5193,"(0.00, 0.00)",,,,
15:48:20:5529,"(0.00, 0.00)",,,,
15:48:20:5839,"(0.00, 0.00)",,,,
15:48:20:6201,"(0.00, 0.00)",,,,
15:48:20:6590,"(0.00, 0.00)",,,,
15:48:20:6866,"(0.00, 0.00)",,,,
15:48:20:7139,"(0.00, 0.00)",,,,
15:48:20:7400,"(0.00, 0.00)",,,,
15:48:20:7670,"(0.00, 0.00)",,,,
15:48:20:7941,"(0.00, 0.00)",,,,
15:48:20:8209,"(0.00, 0.00)",,,,
15:48:20:8476,"(0.00, 0.00)",,,,
15:48:20:8750,"(0.00, 0.00)",,,,
15:48:20:9008,"(0.00, 0.00)",,,,
15:48:20:9281,"(0.00, 0.00)",,,,
15:48:20:9555,"(0.00, 0.00)",,,,
15:48:20:9830,"(0.00, 0.00)",,,,
15:48:21:0093,"(0.00, 0.00)",,,,
15:48:21:0357,"(0.00, 0.00)",,,,
15:48:21:0635,"(0.00, 0.00)",,,,
15:48:21:0908,"(0.00, 0.00)",,,,
15:48:21:1163,"(0.00, 0.00)",,,,
15:48:21:1444,"(0.00, 0.00)",,,,
15:48:21:1717,"(0.00, 0.00)",,,,
15:48:21:1982,"(0.00, 0.00)",,,,
15:48:21:2262,"(0.00, 0.00)",,,,
15:48:21:2524,"(0.00, 0.00)",,,,
15:48:21:2780,"(0.00, 0.00)",,,,
15:48:21:3048,"(0.00, 0.00)",,,,
15:48:21:3329,"(0.00, 0.00)",,,,
15:48:21:3597,"(0.00, 0.00)",,,,
15:48:21:3856,"(0.00, 0.00)",,,,
15:48:21:4126,"(0.00, 0.00)",,,,
15:48:21:4394,"(0.00, 0.00)",,,,
15:48:21:4665,"(0.00, 0.00)",,,,
15:48:21:4977,"(0.00, 0.00)",,,,
15:48:21:5329,"(0.00, 0.00)",,,,
15:48:21:5655,"(0.00, 0.00)",,,,
15:48:21:5986,"(0.00, 0.00)",,,,
15:48:21:6348,"(0.00, 0.00)",,,,
15:48:21:6685,"(0.00, 0.00)",,,,
15:48:21:7060,"(0.00, 0.00)",,,,
15:48:21:7334,"(0.00, 0.00)",,,,
15:48:21:7598,"(0.00, 0.00)",,,,
15:48:21:7918,"(0.00, 0.00)",,,,
15:48:21:8181,"(0.00, 0.00)",,,,
15:48:21:8450,"(0.00, 0.00)",,,,
15:48:21:8713,"(0.00, 0.00)",,,,
15:48:21:8985,"(0.00, 0.00)",,,,
15:48:21:9261,"(0.00, 0.00)",,,,
15:48:21:9534,"(0.00, 0.00)",,,,
15:48:21:9804,"(0.00, 0.00)",,,,
15:48:22:0078,"(0.00, 0.00)",,,,
15:48:22:0336,"(0.00, 0.00)",,,,
15:48:22:0597,"(0.00, 0.00)",,,,
15:48:22:0876,"(0.00, 0.00)",,,,
15:48:22:1146,"(0.00, 0.00)",,,,
15:48:22:1411,"(0.00, 0.00)",,,,
15:48:22:1673,"(0.00, 0.00)",,,,
15:48:22:1954,"(0.00, 0.00)",,,,
15:48:22:2222,"(0.00, 0.00)",,,,
15:48:22:2483,"(0.00, 0.00)",,,,
15:48:22:2762,"(0.00, 0.00)",,,,
15:48:22:3034,"(0.00, 0.00)",,,,
15:48:22:3300,"(0.00, 0.00)",,,,
15:48:22:3566,"(0.00, 0.00)",,,,
15:48:22:3835,"(0.00, 0.00)",,,,
15:48:22:4126,"(0.00, 0.00)",,,,
15:48:22:4391,"(0.00, 0.00)",,,,
15:48:22:4654,"(0.00, 0.00)",,,,
15:48:22:4965,"(0.00, 0.00)",,,,
15:48:22:5328,"(0.00, 0.00)",,,,
15:48:22:5658,"(0.00, 0.00)",,,,
15:48:22:6003,"(0.00, 0.00)",,,,
15:48:22:6408,"(0.00, 0.00)",,,,
15:48:22:6712,"(0.00, 0.00)",,,,
15:48:22:6979,"(0.00, 0.00)",,,,
15:48:22:7305,"(0.00, 0.00)",,,,
15:48:22:7573,"(0.00, 0.00)",,,,
15:48:22:7836,"(0.00, 0.00)",,,,
15:48:22:8106,"(0.00, 0.00)",,,,
15:48:22:8371,"(0.00, 0.00)",,,,
15:48:22:8639,"(0.00, 0.00)",,,,
15:48:22:8911,"(0.00, 0.00)",,,,
15:48:22:9188,"(0.00, 0.00)",,,,
15:48:22:9448,"(0.00, 0.00)",,,,
15:48:22:9722,"(0.00, 0.00)",,,,
15:48:23:0016,"(0.00, 0.00)",,,,
15:48:23:0286,"(0.00, 0.00)",,,,
15:48:23:0542,"(0.00, 0.00)",,,,
15:48:23:0815,"(0.00, 0.00)",,,,
15:48:23:1106,"(0.00, 0.00)",,,,
15:48:23:1364,"(0.00, 0.00)",,,,
15:48:23:1634,"(0.00, 0.00)",,,,
15:48:23:1899,"(0.00, 0.00)",,,,
15:48:23:2178,"(0.00, 0.00)",,,,
15:48:23:2459,"(0.00, 0.00)",,,,
15:48:23:2725,"(0.00, 0.00)",,,,
15:48:23:2997,"(0.00, 0.00)",,,,
15:48:23:3273,"(0.00, 0.00)",,,,
15:48:23:3547,"(0.00, 0.00)",,,,
15:48:23:3812,"(0.00, 0.00)",,,,
15:48:23:4095,"(0.00, 0.00)",,,,
15:48:23:4359,"(0.00, 0.00)",,,,
15:48:23:4631,"(0.00, 0.00)",,,,
15:48:23:4929,"(0.00, 0.00)",,,,
15:48:23:5286,"(0.00, 0.00)",,,,
15:48:23:5725,"(0.00, 0.00)",,,,
15:48:23:6129,"(0.00, 0.00)",,,,
15:48:23:6527,"(0.00, 0.00)",,,,
15:48:23:6887,"(0.00, 0.00)",,,,
15:48:23:7332,"(0.00, 0.00)",,,,
15:48:23:7912,"(0.00, 0.00)",,,,
15:48:23:8199,"(0.00, 0.00)",,,,
15:48:23:8482,"(0.00, 0.00)",,,,
15:48:23:8739,"(0.00, 0.00)",,,,
15:48:23:9008,"(0.00, 0.00)",,,,
15:48:23:9301,"(0.00, 0.00)",,,,
15:48:23:9574,"(0.00, 0.00)",,,,
15:48:23:9849,"(0.00, 0.00)",,,,
15:48:24:0136,"(0.00, 0.00)",,,,
15:48:24:0404,"(0.00, 0.00)",,,,
15:48:24:0670,"(0.00, 0.00)",,,,
15:48:24:0945,"(0.00, 0.00)",,,,
15:48:24:1223,"(0.00, 0.00)",,,,
15:48:24:1497,"(0.00, 0.00)",,,,
15:48:24:1767,"(0.00, 0.00)",,,,
15:48:24:2030,"(0.00, 0.00)",,,,
15:48:24:2317,"(0.00, 0.00)",,,,
15:48:24:2601,"(0.00, 0.00)",,,,
15:48:24:2880,"(0.00, 0.00)",,,,
15:48:24:3154,"(0.00, 0.00)",,,,
15:48:24:3430,"(0.00, 0.00)",,,,
15:48:24:3696,"(0.00, 0.00)",,,,
15:48:24:3974,"(0.00, 0.00)",,,,
15:48:24:4254,"(0.00, 0.00)",,,,
15:48:24:4521,"(0.00, 0.00)",,,,
15:48:24:4781,"(0.00, 0.00)",,,,
15:48:24:5123,"(0.00, 0.00)",,,,
15:48:24:5486,"(0.00, 0.00)",,,,
15:48:24:5824,"(0.00, 0.00)",,,,
15:48:24:6171,"(0.00, 0.00)",,,,
15:48:24:6502,"(0.00, 0.00)",,,,
15:48:24:6825,"(0.00, 0.00)",,,,
15:48:24:7120,"(0.00, 0.00)",,,,
15:48:24:7384,"(0.00, 0.00)",,,,
15:48:24:7655,"(0.00, 0.00)",,,,
15:48:24:7931,"(0.00, 0.00)",,,,
15:48:24:8213,"(0.00, 0.00)",,,,
15:48:24:8490,"(0.00, 0.00)",,,,
15:48:24:8757,"(0.00, 0.00)",,,,
15:48:24:9026,"(0.00, 0.00)",,,,
15:48:24:9309,"(0.00, 0.00)",,,,
15:48:24:9575,"(0.00, 0.00)",,,,
15:48:24:9847,"(0.00, 0.00)",,,,
15:48:25:0111,"(0.00, 0.00)",,,,
15:48:25:0391,"(0.00, 0.00)",,,,
15:48:25:0648,"(0.00, 0.00)",,,,
15:48:25:0924,"(0.00, 0.00)",,,,
15:48:25:1200,"(0.00, 0.00)",,,,
15:48:25:1476,"(0.00, 0.00)",,,,
15:48:25:1755,"(0.00, 0.00)",,,,
15:48:25:2023,"(0.00, 0.00)",,,,
15:48:25:2303,"(0.00, 0.00)",,,,
15:48:25:2582,"(0.00, 0.00)",,,,
15:48:25:2851,"(0.00, 0.00)",,,,
15:48:25:3135,"(0.00, 0.00)",,,,
15:48:25:3401,"(0.00, 0.00)",,,,
15:48:25:3670,"(0.00, 0.00)",,,,
15:48:25:3976,"(0.00, 0.00)",,,,
15:48:25:4307,"(0.00, 0.00)",,,,
15:48:25:4600,"(0.00, 0.00)",,,,
15:48:25:4941,"(0.00, 0.00)",,,,
15:48:25:5389,"(0.00, 0.00)",,,,
15:48:25:5824,"(0.00, 0.00)",,,,
15:48:25:6186,"(0.00, 0.00)",,,,
15:48:25:6534,"(0.00, 0.00)",,,,
15:48:25:6876,"(0.00, 0.00)",,,,
15:48:25:7173,"(0.00, 0.00)",,,,
15:48:25:7451,"(0.00, 0.00)",,,,
15:48:25:7710,"(0.00, 0.00)",,,,
15:48:25:8010,"(0.00, 0.00)",,,,
15:48:25:8298,"(0.00, 0.00)",,,,
15:48:25:8566,"(0.00, 0.00)",,,,
15:48:25:8832,"(0.00, 0.00)",,,,
15:48:25:9124,"(0.00, 0.00)",,,,
15:48:25:9396,"(0.00, 0.00)",,,,
15:48:25:9658,"(0.00, 0.00)",,,,
15:48:25:9939,"(0.00, 0.00)",,,,
15:48:26:0224,"(0.00, 0.00)",,,,
15:48:26:0488,"(0.00, 0.00)",,,,
15:48:26:0766,"(0.00, 0.00)",,,,
15:48:26:1024,"(0.00, 0.00)",,,,
15:48:26:1308,"(0.00, 0.00)",,,,
15:48:26:1590,"(0.00, 0.00)",,,,
15:48:26:1854,"(0.00, 0.00)",,,,
15:48:26:2124,"(0.00, 0.00)",,,,
15:48:26:2411,"(0.00, 0.00)",,,,
15:48:26:2680,"(0.00, 0.00)",,,,
15:48:26:2955,"(0.00, 0.00)",,,,
15:48:26:3245,"(0.00, 0.00)",,,,
15:48:26:3512,"(0.00, 0.00)",,,,
15:48:26:3789,"(0.00, 0.00)",,,,
15:48:26:4064,"(0.00, 0.00)",,,,
15:48:26:4336,"(0.00, 0.00)",,,,
15:48:26:4609,"(0.00, 0.00)",,,,
15:48:26:4900,"(0.00, 0.00)",,,,
15:48:26:5254,"(0.00, 0.00)",,,,
15:48:26:5624,"(0.00, 0.00)",,,,
15:48:26:5975,"(0.00, 0.00)",,,,
15:48:26:6327,"(0.00, 0.00)",,,,
15:48:26:6693,"(0.00, 0.00)",,,,
15:48:26:6976,"(0.00, 0.00)",,,,
15:48:26:7261,"(0.00, 0.00)",,,,
15:48:26:7535,"(0.00, 0.00)",,,,
15:48:26:7803,"(0.00, 0.00)",,,,
15:48:26:8099,"(0.00, 0.00)",,,,
15:48:26:8390,"(0.00, 0.00)",,,,
15:48:26:8677,"(0.00, 0.00)",,,,
15:48:26:8962,"(0.00, 0.00)",,,,
15:48:26:9254,"(0.00, 0.00)",,,,
15:48:26:9519,"(0.00, 0.00)",,,,
15:48:26:9791,"(0.00, 0.00)",,,,
15:48:27:0073,"(0.00, 0.00)",,,,
15:48:27:0351,"(0.00, 0.00)",,,,
15:48:27:0628,"(0.00, 0.00)",,,,
15:48:27:0894,"(0.00, 0.00)",,,,
15:48:27:1178,"(0.00, 0.00)",,,,
15:48:27:1454,"(0.00, 0.00)",,,,
15:48:27:1726,"(0.00, 0.00)",,,,
15:48:27:2003,"(0.00, 0.00)",,,,
15:48:27:2280,"(0.00, 0.00)",,,,
15:48:27:2558,"(0.00, 0.00)",,,,
15:48:27:2826,"(0.00, 0.00)",,,,
15:48:27:3102,"(0.00, 0.00)",,,,
15:48:27:3381,"(0.00, 0.00)",,,,
15:48:27:3670,"(0.00, 0.00)",,,,
15:48:27:3947,"(0.00, 0.00)",,,,
15:48:27:4299,"(0.00, 0.00)",,,,
15:48:27:4624,"(0.00, 0.00)",,,,
15:48:27:5025,"(0.00, 0.00)",,,,
15:48:27:5612,"(0.00, 0.00)",,,,
15:48:27:6545,"(0.00, 0.00)",,,,
15:48:27:6856,"(0.00, 0.00)",,,,
15:48:27:7150,"(0.00, 0.00)",,,,
15:48:27:7426,"(0.00, 0.00)",,,,
15:48:27:7698,"(0.00, 0.00)",,,,
15:48:27:7963,"(0.00, 0.00)",,,,
15:48:27:8278,"(0.00, 0.00)",,,,
15:48:27:8550,"(0.00, 0.00)",,,,
15:48:27:8833,"(0.00, 0.00)",,,,
15:48:27:9115,"(0.00, 0.00)",,,,
15:48:27:9390,"(0.00, 0.00)",,,,
15:48:27:9675,"(0.00, 0.00)",,,,
15:48:27:9951,"(0.00, 0.00)",,,,
15:48:28:0240,"(0.00, 0.00)",,,,
15:48:28:0529,"(0.00, 0.00)",,,,
15:48:28:0800,"(0.00, 0.00)",,,,
15:48:28:1086,"(0.00, 0.00)",,,,
15:48:28:1369,"(0.00, 0.00)",,,,
15:48:28:1634,"(0.00, 0.00)",,,,
15:48:28:1913,"(0.00, 0.00)",,,,
15:48:28:2186,"(0.00, 0.00)",,,,
15:48:28:2477,"(0.00, 0.00)",,,,
15:48:28:2740,"(0.00, 0.00)",,,,
15:48:28:3033,"(0.00, 0.00)",,,,
15:48:28:3304,"(0.00, 0.00)",,,,
15:48:28:3583,"(0.00, 0.00)",,,,
15:48:28:3861,"(0.00, 0.00)",,,,
15:48:28:4139,"(0.00, 0.00)",,,,
15:48:28:4434,"(0.00, 0.00)",,,,
15:48:28:4697,"(0.00, 0.00)",,,,
15:48:28:4970,"(0.00, 0.00)",,,,
15:48:28:5307,"(0.00, 0.00)",,,,
15:48:28:5750,"(0.00, 0.00)",,,,
15:48:28:6197,"(0.00, 0.00)",,,,
15:48:28:6559,"(0.00, 0.00)",,,,
15:48:28:6868,"(0.00, 0.00)",,,,
15:48:28:7141,"(0.00, 0.00)",,,,
15:48:28:7426,"(0.00, 0.00)",,,,
15:48:28:7720,"(0.00, 0.00)",,,,
15:48:28:8005,"(0.00, 0.00)",,,,
15:48:28:8278,"(0.00, 0.00)",,,,
15:48:28:8555,"(0.00, 0.00)",,,,
15:48:28:8824,"(0.00, 0.00)",,,,
15:48:28:9114,"(0.00, 0.00)",,,,
15:48:28:9398,"(0.00, 0.00)",,,,
15:48:28:9669,"(0.00, 0.00)",,,,
15:48:28:9955,"(0.00, 0.00)",,,,
15:48:29:0239,"(0.00, 0.00)",,,,
15:48:29:0514,"(0.00, 0.00)",,,,
15:48:29:0792,"(0.00, 0.00)",,,,
15:48:29:1067,"(0.00, 0.00)",,,,
15:48:29:1344,"(0.00, 0.00)",,,,
15:48:29:1624,"(0.00, 0.00)",,,,
15:48:29:1898,"(0.00, 0.00)",,,,
15:48:29:2185,"(0.00, 0.00)",,,,
15:48:29:2475,"(0.00, 0.00)",,,,
15:48:29:2752,"(0.00, 0.00)",,,,
15:48:29:3061,"(0.00, 0.00)",,,,
15:48:29:3378,"(0.00, 0.00)",,,,
15:48:29:3669,"(0.00, 0.00)",,,,
15:48:29:3948,"(0.00, 0.00)",,,,
15:48:29:4245,"(0.00, 0.00)",,,,
15:48:29:4511,"(0.00, 0.00)",,,,
15:48:29:4803,"(0.00, 0.00)",,,,
15:48:29:5076,"(0.00, 0.00)",,,,
15:48:29:5428,"(0.00, 0.00)",,,,
15:48:29:5771,"(0.00, 0.00)",,,,
15:48:29:6141,"(0.00, 0.00)",,,,
15:48:29:6536,"(0.00, 0.00)",,,,
15:48:29:6878,"(0.00, 0.00)",,,,
15:48:29:7202,"(0.00, 0.00)",,,,
15:48:29:7474,"(0.00, 0.00)",,,,
15:48:29:7751,"(0.00, 0.00)",,,,
15:48:29:8033,"(0.00, 0.00)",,,,
15:48:29:8327,"(0.00, 0.00)",,,,
15:48:29:8596,"(0.00, 0.00)",,,,
15:48:29:8869,"(0.00, 0.00)",,,,
15:48:29:9155,"(0.00, 0.00)",,,,
15:48:29:9436,"(0.00, 0.00)",,,,
15:48:29:9741,"(0.00, 0.00)",,,,
15:48:30:0014,"(0.00, 0.00)",,,,
15:48:30:0294,"(0.00, 0.00)",,,,
15:48:30:0573,"(0.00, 0.00)",,,,
15:48:30:0861,"(0.00, 0.00)",,,,
15:48:30:1159,"(0.00, 0.00)",,,,
15:48:30:1447,"(0.00, 0.00)",,,,
15:48:30:1725,"(0.00, 0.00)",,,,
15:48:30:2001,"(0.00, 0.00)",,,,
15:48:30:2284,"(0.00, 0.00)",,,,
15:48:30:2554,"(0.00, 0.00)",,,,
15:48:30:2834,"(0.00, 0.00)",,,,
15:48:30:3123,"(0.00, 0.00)",,,,
15:48:30:3405,"(0.00, 0.00)",,,,
15:48:30:3679,"(0.00, 0.00)",,,,
15:48:30:3948,"(0.00, 0.00)",,,,
15:48:30:4252,"(0.00, 0.00)",,,,
15:48:30:4532,"(0.00, 0.00)",,,,
15:48:30:4793,"(0.00, 0.00)",,,,
15:48:30:5091,"(0.00, 0.00)",,,,
15:48:30:5394,"(0.00, 0.00)",,,,
15:48:30:5757,"(0.00, 0.00)",,,,
15:48:30:6133,"(0.00, 0.00)",,,,
15:48:30:6489,"(0.00, 0.00)",,,,
15:48:30:6850,"(0.00, 0.00)",,,,
15:48:30:7237,"(0.00, 0.00)",,,,
15:48:30:7551,"(0.00, 0.00)",,,,
15:48:30:7840,"(0.00, 0.00)",,,,
15:48:30:8123,"(0.00, 0.00)",,,,
15:48:30:8408,"(0.00, 0.00)",,,,
15:48:30:8698,"(0.00, 0.00)",,,,
15:48:30:8974,"(0.00, 0.00)",,,,
15:48:30:9254,"(0.00, 0.00)",,,,
15:48:30:9550,"(0.00, 0.00)",,,,
15:48:30:9827,"(0.00, 0.00)",,,,
15:48:31:0112,"(0.00, 0.00)",,,,
15:48:31:0390,"(0.00, 0.00)",,,,
15:48:31:0675,"(0.00, 0.00)",,,,
15:48:31:0960,"(0.00, 0.00)",,,,
15:48:31:1263,"(0.00, 0.00)",,,,
15:48:31:1542,"(0.00, 0.00)",,,,
15:48:31:1823,"(0.00, 0.00)",,,,
15:48:31:2110,"(0.00, 0.00)",,,,
15:48:31:2453,"(0.00, 0.00)",,,,
15:48:31:2787,"(0.00, 0.00)",,,,
15:48:31:3146,"(0.00, 0.00)",,,,
15:48:31:3589,"(0.00, 0.00)",,,,
15:48:31:4309,"(0.00, 0.00)",,,,
15:48:31:4648,"(0.00, 0.00)",,,,
15:48:31:4995,"(0.00, 0.00)",,,,
15:48:31:5364,"(0.00, 0.00)",,,,
15:48:31:5781,"(0.00, 0.00)",,,,
15:48:31:6366,"(0.00, 0.00)",,,,
15:48:31:6871,"(0.00, 0.00)",,,,
15:48:31:7710,"(0.00, 0.00)",,,,
15:48:31:8387,"(0.00, 0.00)",,,,
15:48:31:8780,"(0.00, 0.00)",,,,
15:48:31:9249,"(0.00, 0.00)",,,,
15:48:31:9580,"(0.00, 0.00)",,,,
15:48:31:9985,"(0.00, 0.00)",,,,
15:48:32:0319,"(0.00, 0.00)",,,,
15:48:32:0658,"(0.00, 0.00)",,,,
15:48:32:0971,"(0.00, 0.00)",,,,
15:48:32:1300,"(0.00, 0.00)",,,,
15:48:32:1624,"(0.00, 0.00)",,,,
15:48:32:1943,"(0.00, 0.00)",,,,
15:48:32:2282,"(0.00, 0.00)",,,,
15:48:32:2572,"(0.00, 0.00)",,,,
15:48:32:2856,"(0.00, 0.00)",,,,
15:48:32:3169,"(0.00, 0.00)",,,,
15:48:32:3516,"(0.00, 0.00)",,,,
15:48:32:3808,"(0.00, 0.00)",,,,
15:48:32:4132,"(0.00, 0.00)",,,,
15:48:32:4462,"(0.00, 0.00)",,,,
15:48:32:4768,"(0.00, 0.00)",,,,
15:48:32:5073,"(0.00, 0.00)",,,,
15:48:32:5378,"(0.00, 0.00)",,,,
15:48:32:5862,"(0.00, 0.00)",,,,
15:48:32:6289,"(0.00, 0.00)",,,,
15:48:32:6775,"(0.00, 0.00)",,,,
15:48:32:7190,"(0.00, 0.00)",,,,
15:48:32:7558,"(0.00, 0.00)",,,,
15:48:32:7864,"(0.00, 0.00)",,,,
15:48:32:8173,"(0.00, 0.00)",,,,
15:48:32:8511,"(0.00, 0.00)",,,,
15:48:32:8839,"(0.00, 0.00)",,,,
15:48:32:9122,"(0.00, 0.00)",,,,
15:48:32:9424,"(0.00, 0.00)",,,,
15:48:32:9729,"(0.00, 0.00)",,,,
15:48:33:0078,"(0.00, 0.00)",,,,
15:48:33:0473,"(0.00, 0.00)",,,,
15:48:33:0764,"(0.00, 0.00)",,,,
15:48:33:1066,"(0.00, 0.00)",,,,
15:48:33:1340,"(0.00, 0.00)",,,,
15:48:33:1628,"(0.00, 0.00)",,,,
15:48:33:1907,"(0.00, 0.00)",,,,
15:48:33:2202,"(0.00, 0.00)",,,,
15:48:33:2489,"(0.00, 0.00)",,,,
15:48:33:2778,"(0.00, 0.00)",,,,
15:48:33:3055,"(0.00, 0.00)",,,,
15:48:33:3335,"(0.00, 0.00)",,,,
15:48:33:3623,"(0.00, 0.00)",,,,
15:48:33:3944,"(0.00, 0.00)",,,,
15:48:33:4262,"(0.00, 0.00)",,,,
15:48:33:4567,"(0.00, 0.00)",,,,
15:48:33:4849,"(0.00, 0.00)",,,,
15:48:33:5128,"(0.00, 0.00)",,,,
15:48:33:5411,"(0.00, 0.00)",,,,
15:48:33:5787,"(0.00, 0.00)",,,,
15:48:33:6153,"(0.00, 0.00)",,,,
15:48:33:6511,"(0.00, 0.00)",,,,
15:48:33:6885,"(0.00, 0.00)",,,,
15:48:33:7282,"(0.00, 0.00)",,,,
15:48:33:7637,"(0.00, 0.00)",,,,
15:48:33:7976,"(0.00, 0.00)",,,,
15:48:33:8301,"(0.00, 0.00)",,,,
15:48:33:8584,"(0.00, 0.00)",,,,
15:48:33:8868,"(0.00, 0.00)",,,,
15:48:33:9164,"(0.00, 0.00)",,,,
15:48:33:9466,"(0.00, 0.00)",,,,
15:48:33:9755,"(0.00, 0.00)",,,,
15:48:34:0046,"(0.00, 0.00)",,,,
15:48:34:0323,"(0.00, 0.00)",,,,
15:48:34:0611,"(0.00, 0.00)",,,,
15:48:34:0899,"(0.00, 0.00)",,,,
15:48:34:1213,"(0.00, 0.00)",,,,
15:48:34:1519,"(0.00, 0.00)",,,,
15:48:34:1797,"(0.00, 0.00)",,,,
15:48:34:2100,"(0.00, 0.00)",,,,
15:48:34:2425,"(0.00, 0.00)",,,,
15:48:34:2750,"(0.00, 0.00)",,,,
15:48:34:3036,"(0.00, 0.00)",,,,
15:48:34:3329,"(0.00, 0.00)",,,,
15:48:34:3621,"(0.00, 0.00)",,,,
15:48:34:3900,"(0.00, 0.00)",,,,
15:48:34:4192,"(0.00, 0.00)",,,,
15:48:34:4482,"(0.00, 0.00)",,,,
15:48:34:4767,"(0.00, 0.00)",,,,
15:48:34:5060,"(0.00, 0.00)",,,,
15:48:34:5347,"(0.00, 0.00)",,,,
15:48:34:5626,"(0.00, 0.00)",,,,
15:48:34:5971,"(0.00, 0.00)",,,,
15:48:34:6327,"(0.00, 0.00)",,,,
15:48:34:6674,"(0.00, 0.00)",,,,
15:48:34:7135,"(0.00, 0.00)",,,,
15:48:34:7460,"(0.00, 0.00)",,,,
15:48:34:7734,"(0.00, 0.00)",,,,
15:48:34:8031,"(0.00, 0.00)",,,,
15:48:34:8310,"(0.00, 0.00)",,,,
15:48:34:8588,"(0.00, 0.00)",,,,
15:48:34:8881,"(0.00, 0.00)",,,,
15:48:34:9192,"(0.00, 0.00)",,,,
15:48:34:9484,"(0.00, 0.00)",,,,
15:48:34:9762,"(0.00, 0.00)",,,,
15:48:35:0051,"(0.00, 0.00)",,,,
15:48:35:0348,"(0.00, 0.00)",,,,
15:48:35:0624,"(0.00, 0.00)",,,,
15:48:35:0919,"(0.00, 0.00)",,,,
15:48:35:1208,"(0.00, 0.00)",,,,
15:48:35:1492,"(0.00, 0.00)",,,,
15:48:35:1777,"(0.00, 0.00)",,,,
15:48:35:2075,"(0.00, 0.00)",,,,
15:48:35:2372,"(0.00, 0.00)",,,,
15:48:35:2656,"(0.00, 0.00)",,,,
15:48:35:2936,"(0.00, 0.00)",,,,
15:48:35:3233,"(0.00, 0.00)",,,,
15:48:35:3589,"(0.00, 0.00)",,,,
15:48:35:3923,"(0.00, 0.00)",,,,
15:48:35:4269,"(0.00, 0.00)",,,,
15:48:35:4708,"(0.00, 0.00)",,,,
15:48:35:5322,"(0.00, 0.00)",,,,
15:48:35:5637,"(0.00, 0.00)",,,,
15:48:35:6028,"(0.00, 0.00)",,,,
15:48:35:6525,"(0.00, 0.00)",,,,
15:48:35:6954,"(0.00, 0.00)",,,,
15:48:35:7375,"(0.00, 0.00)",,,,
15:48:35:7729,"(0.00, 0.00)",,,,
15:48:35:8089,"(0.00, 0.00)",,,,
15:48:35:8401,"(0.00, 0.00)",,,,
15:48:35:8695,"(0.00, 0.00)",,,,
15:48:35:8989,"(0.00, 0.00)",,,,
15:48:35:9296,"(0.00, 0.00)",,,,
15:48:35:9584,"(0.00, 0.00)",,,,
15:48:35:9887,"(0.00, 0.00)",,,,
15:48:36:0175,"(0.00, 0.00)",,,,
15:48:36:0460,"(0.00, 0.00)",,,,
15:48:36:0759,"(0.00, 0.00)",,,,
15:48:36:1068,"(0.00, 0.00)",,,,
15:48:36:1362,"(0.00, 0.00)",,,,
15:48:36:1657,"(0.00, 0.00)",,,,
15:48:36:1950,"(0.00, 0.00)",,,,
15:48:36:2248,"(0.00, 0.00)",,,,
15:48:36:2548,"(0.00, 0.00)",,,,
15:48:36:2831,"(0.00, 0.00)",,,,
15:48:36:3126,"(0.00, 0.00)",,,,
15:48:36:3417,"(0.00, 0.00)",,,,
15:48:36:3702,"(0.00, 0.00)",,,,
15:48:36:3991,"(0.00, 0.00)",,,,
15:48:36:4277,"(0.00, 0.00)",,,,
15:48:36:4570,"(0.00, 0.00)",,,,
15:48:36:4853,"(0.00, 0.00)",,,,
15:48:36:5152,"(0.00, 0.00)",,,,
15:48:36:5440,"(0.00, 0.00)",,,,
15:48:36:5723,"(0.00, 0.00)",,,,
15:48:36:6054,"(0.00, 0.00)",,,,
15:48:36:6434,"(0.00, 0.00)",,,,
15:48:36:6859,"(0.00, 0.00)",,,,
15:48:36:7307,"(0.00, 0.00)",,,,
15:48:36:7664,"(0.00, 0.00)",,,,
15:48:36:8011,"(0.00, 0.00)",,,,
15:48:36:8318,"(0.00, 0.00)",,,,
15:48:36:8617,"(0.00, 0.00)",,,,
15:48:36:8905,"(0.00, 0.00)",,,,
15:48:36:9227,"(0.00, 0.00)",,,,
15:48:36:9515,"(0.00, 0.00)",,,,
15:48:36:9808,"(0.00, 0.00)",,,,
15:48:37:0107,"(0.00, 0.00)",,,,
15:48:37:0400,"(0.00, 0.00)",,,,
15:48:37:0673,"(0.00, 0.00)",,,,
15:48:37:0958,"(0.00, 0.00)",,,,
15:48:37:1261,"(0.00, 0.00)",,,,
15:48:37:1590,"(0.00, 0.00)",,,,
15:48:37:1867,"(0.00, 0.00)",,,,
15:48:37:2178,"(0.00, 0.00)",,,,
15:48:37:2480,"(0.00, 0.00)",,,,
15:48:37:2761,"(0.00, 0.00)",,,,
15:48:37:3058,"(0.00, 0.00)",,,,
15:48:37:3355,"(0.00, 0.00)",,,,
15:48:37:3649,"(0.00, 0.00)",,,,
15:48:37:3941,"(0.00, 0.00)",,,,
15:48:37:4222,"(0.00, 0.00)",,,,
15:48:37:4511,"(0.00, 0.00)",,,,
15:48:37:4803,"(0.00, 0.00)",,,,
15:48:37:5099,"(0.00, 0.00)",,,,
15:48:37:5408,"(0.00, 0.00)",,,,
15:48:37:5689,"(0.00, 0.00)",,,,
15:48:37:5997,"(0.00, 0.00)",,,,
15:48:37:6364,"(0.00, 0.00)",,,,
15:48:37:6759,"(0.00, 0.00)",,,,
15:48:37:7134,"(0.00, 0.00)",,,,
15:48:37:7489,"(0.00, 0.00)",,,,
15:48:37:7864,"(0.00, 0.00)",,,,
15:48:37:8236,"(0.00, 0.00)",,,,
15:48:37:8537,"(0.00, 0.00)",,,,
15:48:37:8842,"(0.00, 0.00)",,,,
15:48:37:9136,"(0.00, 0.00)",,,,
15:48:37:9422,"(0.00, 0.00)",,,,
15:48:37:9715,"(0.00, 0.00)",,,,
15:48:38:0006,"(0.00, 0.00)",,,,
15:48:38:0297,"(0.00, 0.00)",,,,
15:48:38:0593,"(0.00, 0.00)",,,,
15:48:38:0883,"(0.00, 0.00)",,,,
15:48:38:1182,"(0.00, 0.00)",,,,
15:48:38:1474,"(0.00, 0.00)",,,,
15:48:38:1772,"(0.00, 0.00)",,,,
15:48:38:2097,"(0.00, 0.00)",,,,
15:48:38:2416,"(0.00, 0.00)",,,,
15:48:38:2704,"(0.00, 0.00)",,,,
15:48:38:2999,"(0.00, 0.00)",,,,
15:48:38:3293,"(0.00, 0.00)",,,,
15:48:38:3584,"(0.00, 0.00)",,,,
15:48:38:3875,"(0.00, 0.00)",,,,
15:48:38:4181,"(0.00, 0.00)",,,,
15:48:38:4475,"(0.00, 0.00)",,,,
15:48:38:4759,"(0.00, 0.00)",,,,
15:48:38:5042,"(0.00, 0.00)",,,,
15:48:38:5349,"(0.00, 0.00)",,,,
15:48:38:5645,"(0.00, 0.00)",,,,
15:48:38:5925,"(0.00, 0.00)",,,,
15:48:38:6253,"(0.00, 0.00)",,,,
15:48:38:6607,"(0.00, 0.00)",,,,
15:48:38:6999,"(0.00, 0.00)",,,,
15:48:38:7375,"(0.00, 0.00)",,,,
15:48:38:7723,"(0.00, 0.00)",,,,
15:48:38:8194,"(0.00, 0.00)",,,,
15:48:38:8528,"(0.00, 0.00)",,,,
15:48:38:8824,"(0.00, 0.00)",,,,
15:48:38:9123,"(0.00, 0.00)",,,,
15:48:38:9422,"(0.00, 0.00)",,,,
15:48:38:9714,"(0.00, 0.00)",,,,
15:48:39:0013,"(0.00, 0.00)",,,,
15:48:39:0312,"(0.00, 0.00)",,,,
15:48:39:0598,"(0.00, 0.00)",,,,
15:48:39:0897,"(0.00, 0.00)",,,,
15:48:39:1183,"(0.00, 0.00)",,,,
15:48:39:1480,"(0.00, 0.00)",,,,
15:48:39:1847,"(0.00, 0.00)",,,,
15:48:39:2203,"(0.00, 0.00)",,,,
15:48:39:2569,"(0.00, 0.00)",,,,
15:48:39:3005,"(0.00, 0.00)",,,,
15:48:39:3623,"(0.00, 0.00)",,,,
15:48:39:3909,"(0.00, 0.00)",,,,
15:48:39:4224,"(0.00, 0.00)",,,,
15:48:39:4505,"(0.00, 0.00)",,,,
15:48:39:4800,"(0.00, 0.00)",,,,
15:48:39:5094,"(0.00, 0.00)",,,,
15:48:39:5404,"(0.00, 0.00)",,,,
15:48:39:5689,"(0.00, 0.00)",,,,
15:48:39:5993,"(0.00, 0.00)",,,,
15:48:39:6316,"(0.00, 0.00)",,,,
15:48:39:6650,"(0.00, 0.00)",,,,
15:48:39:6993,"(0.00, 0.00)",,,,
15:48:39:7352,"(0.00, 0.00)",,,,
15:48:39:7725,"(0.00, 0.00)",,,,
15:48:39:8079,"(0.00, 0.00)",,,,
15:48:39:8411,"(0.00, 0.00)",,,,
15:48:39:8703,"(0.00, 0.00)",,,,
15:48:39:8998,"(0.00, 0.00)",,,,
15:48:39:9313,"(0.00, 0.00)",,,,
15:48:39:9608,"(0.00, 0.00)",,,,
15:48:39:9899,"(0.00, 0.00)",,,,
15:48:40:0215,"(0.00, 0.00)",,,,
15:48:40:0501,"(0.00, 0.00)",,,,
15:48:40:0799,"(0.00, 0.00)",,,,
15:48:40:1110,"(0.00, 0.00)",,,,
15:48:40:1406,"(0.00, 0.00)",,,,
15:48:40:1699,"(0.00, 0.00)",,,,
15:48:40:1998,"(0.00, 0.00)",,,,
15:48:40:2290,"(0.00, 0.00)",,,,
15:48:40:2610,"(0.00, 0.00)",,,,
15:48:40:2936,"(0.00, 0.00)",,,,
15:48:40:3242,"(0.00, 0.00)",,,,
15:48:40:3539,"(0.00, 0.00)",,,,
15:48:40:3823,"(0.00, 0.00)",,,,
15:48:40:4111,"(0.00, 0.00)",,,,
15:48:40:4407,"(0.00, 0.00)",,,,
15:48:40:4696,"(0.00, 0.00)",,,,
15:48:40:5008,"(0.00, 0.00)",,,,
15:48:40:5301,"(0.00, 0.00)",,,,
15:48:40:5594,"(0.00, 0.00)",,,,
15:48:40:5879,"(0.00, 0.00)",,,,
15:48:40:6185,"(0.00, 0.00)",,,,
15:48:40:6501,"(0.00, 0.00)",,,,
15:48:40:6837,"(0.00, 0.00)",,,,
15:48:40:7187,"(0.00, 0.00)",,,,
15:48:40:7585,"(0.00, 0.00)",,,,
15:48:40:8016,"(0.00, 0.00)",,,,
15:48:40:8348,"(0.00, 0.00)",,,,
15:48:40:8645,"(0.00, 0.00)",,,,
15:48:40:8943,"(0.00, 0.00)",,,,
15:48:40:9261,"(0.00, 0.00)",,,,
15:48:40:9570,"(0.00, 0.00)",,,,
15:48:40:9873,"(0.00, 0.00)",,,,
15:48:41:0174,"(0.00, 0.00)",,,,
15:48:41:0513,"(0.00, 0.00)",,,,
15:48:41:0811,"(0.00, 0.00)",,,,
15:48:41:1166,"(0.00, 0.00)",,,,
15:48:41:1460,"(0.00, 0.00)",,,,
15:48:41:1773,"(0.00, 0.00)",,,,
15:48:41:2091,"(0.00, 0.00)",,,,
15:48:41:2423,"(0.00, 0.00)",,,,
15:48:41:2840,"(0.00, 0.00)",,,,
15:48:41:3235,"(0.00, 0.00)",,,,
15:48:41:3541,"(0.00, 0.00)",,,,
15:48:41:3845,"(0.00, 0.00)",,,,
15:48:41:4162,"(0.00, 0.00)",,,,
15:48:41:4466,"(0.00, 0.00)",,,,
15:48:41:4800,"(0.00, 0.00)",,,,
15:48:41:5109,"(0.00, 0.00)",,,,
15:48:41:5404,"(0.00, 0.00)",,,,
15:48:41:5690,"(0.00, 0.00)",,,,
15:48:41:5987,"(0.00, 0.00)",,,,
15:48:41:6281,"(0.00, 0.00)",,,,
15:48:41:6606,"(0.00, 0.00)",,,,
15:48:41:6941,"(0.00, 0.00)",,,,
15:48:41:7335,"(0.00, 0.00)",,,,
15:48:41:7702,"(0.00, 0.00)",,,,
15:48:41:8125,"(0.00, 0.00)",,,,
15:48:41:8462,"(0.00, 0.00)",,,,
15:48:41:8791,"(0.00, 0.00)",,,,
15:48:41:9082,"(0.00, 0.00)",,,,
15:48:41:9408,"(0.00, 0.00)",,,,
15:48:41:9702,"(0.00, 0.00)",,,,
15:48:42:0004,"(0.00, 0.00)",,,,
15:48:42:0308,"(0.00, 0.00)",,,,
15:48:42:0611,"(0.00, 0.00)",,,,
15:48:42:0893,"(0.00, 0.00)",,,,
15:48:42:1203,"(0.00, 0.00)",,,,
15:48:42:1495,"(0.00, 0.00)",,,,
15:48:42:1783,"(0.00, 0.00)",,,,
15:48:42:2076,"(0.00, 0.00)",,,,
15:48:42:2374,"(0.00, 0.00)",,,,
15:48:42:2685,"(0.00, 0.00)",,,,
15:48:42:2980,"(0.00, 0.00)",,,,
15:48:42:3289,"(0.00, 0.00)",,,,
15:48:42:3589,"(0.00, 0.00)",,,,
15:48:42:3926,"(0.00, 0.00)",,,,
15:48:42:4260,"(0.00, 0.00)",,,,
15:48:42:4561,"(0.00, 0.00)",,,,
15:48:42:4884,"(0.00, 0.00)",,,,
15:48:42:5218,"(0.00, 0.00)",,,,
15:48:42:5562,"(0.00, 0.00)",,,,
15:48:42:5950,"(0.00, 0.00)",,,,
15:48:42:6334,"(0.00, 0.00)",,,,
15:48:42:6687,"(0.00, 0.00)",,,,
15:48:42:7036,"(0.00, 0.00)",,,,
15:48:42:7390,"(0.00, 0.00)",,,,
15:48:42:7728,"(0.00, 0.00)",,,,
15:48:42:8127,"(0.00, 0.00)",,,,
15:48:42:8490,"(0.00, 0.00)",,,,
15:48:42:8823,"(0.00, 0.00)",,,,
15:48:42:9203,"(0.00, 0.00)",,,,
15:48:42:9578,"(0.00, 0.00)",,,,
15:48:43:0035,"(0.00, 0.00)",,,,
15:48:43:0395,"(0.00, 0.00)",,,,
15:48:43:0761,"(0.00, 0.00)",,,,
15:48:43:1227,"(0.00, 0.00)",,,,
15:48:43:1855,"(0.00, 0.00)",,,,
15:48:43:2164,"(0.00, 0.00)",,,,
15:48:43:2473,"(0.00, 0.00)",,,,
15:48:43:2772,"(0.00, 0.00)",,,,
15:48:43:3091,"(0.00, 0.00)",,,,
15:48:43:3448,"(0.00, 0.00)",,,,
15:48:43:3749,"(0.00, 0.00)",,,,
15:48:43:4049,"(0.00, 0.00)",,,,
15:48:43:4350,"(0.00, 0.00)",,,,
15:48:43:4649,"(0.00, 0.00)",,,,
15:48:43:4953,"(0.00, 0.00)",,,,
15:48:43:5269,"(0.00, 0.00)",,,,
15:48:43:5571,"(0.00, 0.00)",,,,
15:48:43:5867,"(0.00, 0.00)",,,,
15:48:43:6168,"(0.00, 0.00)",,,,
15:48:43:6474,"(0.00, 0.00)",,,,
15:48:43:6804,"(0.00, 0.00)",,,,
15:48:43:7156,"(0.00, 0.00)",,,,
15:48:43:7498,"(0.00, 0.00)",,,,
15:48:43:7865,"(0.00, 0.00)",,,,
15:48:43:8222,"(0.00, 0.00)",,,,
15:48:43:8561,"(0.00, 0.00)",,,,
15:48:43:8894,"(0.00, 0.00)",,,,
15:48:43:9211,"(0.00, 0.00)",,,,
15:48:43:9514,"(0.00, 0.00)",,,,
15:48:43:9814,"(0.00, 0.00)",,,,
15:48:44:0126,"(0.00, 0.00)",,,,
15:48:44:0424,"(0.00, 0.00)",,,,
15:48:44:0726,"(0.00, 0.00)",,,,
15:48:44:1026,"(0.00, 0.00)",,,,
15:48:44:1326,"(0.00, 0.00)",,,,
15:48:44:1627,"(0.00, 0.00)",,,,
15:48:44:1924,"(0.00, 0.00)",,,,
15:48:44:2225,"(0.00, 0.00)",,,,
15:48:44:2534,"(0.00, 0.00)",,,,
15:48:44:2825,"(0.00, 0.00)",,,,
15:48:44:3141,"(0.00, 0.00)",,,,
15:48:44:3425,"(0.00, 0.00)",,,,
15:48:44:3750,"(0.00, 0.00)",,,,
15:48:44:4055,"(0.00, 0.00)",,,,
15:48:44:4362,"(0.00, 0.00)",,,,
15:48:44:4660,"(0.00, 0.00)",,,,
15:48:44:4977,"(0.00, 0.00)",,,,
15:48:44:5274,"(0.00, 0.00)",,,,
15:48:44:5571,"(0.00, 0.00)",,,,
15:48:44:5856,"(0.00, 0.00)",,,,
15:48:44:6169,"(0.00, 0.00)",,,,
15:48:44:6471,"(0.00, 0.00)",,,,
15:48:44:6783,"(0.00, 0.00)",,,,
15:48:44:7166,"(0.00, 0.00)",,,,
15:48:44:7514,"(0.00, 0.00)",,,,
15:48:44:7863,"(0.00, 0.00)",,,,
15:48:44:8276,"(0.00, 0.00)",,,,
15:48:44:8623,"(0.00, 0.00)",,,,
15:48:44:8996,"(0.00, 0.00)",,,,
15:48:44:9374,"(0.00, 0.00)",,,,
15:48:44:9728,"(0.00, 0.00)",,,,
15:48:45:0108,"(0.00, 0.00)",,,,
15:48:45:0403,"(0.00, 0.00)",,,,
15:48:45:0711,"(0.00, 0.00)",,,,
15:48:45:1018,"(0.00, 0.00)",,,,
15:48:45:1315,"(0.00, 0.00)",,,,
15:48:45:1616,"(0.00, 0.00)",,,,
15:48:45:1925,"(0.00, 0.00)",,,,
15:48:45:2235,"(0.00, 0.00)",,,,
15:48:45:2535,"(0.00, 0.00)",,,,
15:48:45:2839,"(0.00, 0.00)",,,,
15:48:45:3151,"(0.00, 0.00)",,,,
15:48:45:3448,"(0.00, 0.00)",,,,
15:48:45:3753,"(0.00, 0.00)",,,,
15:48:45:4061,"(0.00, 0.00)",,,,
15:48:45:4387,"(0.00, 0.00)",,,,
15:48:45:4681,"(0.00, 0.00)",,,,
15:48:45:4999,"(0.00, 0.00)",,,,
15:48:45:5298,"(0.00, 0.00)",,,,
15:48:45:5604,"(0.00, 0.00)",,,,
15:48:45:5901,"(0.00, 0.00)",,,,
15:48:45:6216,"(0.00, 0.00)",,,,
15:48:45:6508,"(0.00, 0.00)",,,,
15:48:45:6807,"(0.00, 0.00)",,,,
15:48:45:7265,"(0.00, 0.00)",,,,
15:48:45:7815,"(0.00, 0.00)",,,,
15:48:45:8273,"(0.00, 0.00)",,,,
15:48:45:8700,"(0.00, 0.00)",,,,
15:48:45:9211,"(0.00, 0.00)",,,,
15:48:45:9574,"(0.00, 0.00)",,,,
15:48:45:9877,"(0.00, 0.00)",,,,
15:48:46:0180,"(0.00, 0.00)",,,,
15:48:46:0482,"(0.00, 0.00)",,,,
15:48:46:0789,"(0.00, 0.00)",,,,
15:48:46:1112,"(0.00, 0.00)",,,,
15:48:46:1423,"(0.00, 0.00)",,,,
15:48:46:1717,"(0.00, 0.00)",,,,
15:48:46:2022,"(0.00, 0.00)",,,,
15:48:46:2324,"(0.00, 0.00)",,,,
15:48:46:2630,"(0.00, 0.00)",,,,
15:48:46:2924,"(0.00, 0.00)",,,,
15:48:46:3235,"(0.00, 0.00)",,,,
15:48:46:3538,"(0.00, 0.00)",,,,
15:48:46:3836,"(0.00, 0.00)",,,,
15:48:46:4167,"(0.00, 0.00)",,,,
15:48:46:4589,"(0.00, 0.00)",,,,
15:48:46:4939,"(0.00, 0.00)",,,,
15:48:46:5294,"(0.00, 0.00)",,,,
15:48:46:5643,"(0.00, 0.00)",,,,
15:48:46:5980,"(0.00, 0.00)",,,,
15:48:46:6359,"(0.00, 0.00)",,,,
15:48:46:6696,"(0.00, 0.00)",,,,
15:48:46:7068,"(0.00, 0.00)",,,,
15:48:46:7591,"(0.00, 0.00)",,,,
15:48:46:8084,"(0.00, 0.00)",,,,
15:48:46:8529,"(0.00, 0.00)",,,,
15:48:46:8924,"(0.00, 0.00)",,,,
15:48:46:9370,"(0.00, 0.00)",,,,
15:48:46:9864,"(0.00, 0.00)",,,,
15:48:47:0393,"(0.00, 0.00)",,,,
15:48:47:0977,"(0.00, 0.00)",,,,
15:48:47:1302,"(0.00, 0.00)",,,,
15:48:47:1607,"(0.00, 0.00)",,,,
15:48:47:1908,"(0.00, 0.00)",,,,
15:48:47:2225,"(0.00, 0.00)",,,,
15:48:47:2523,"(0.00, 0.00)",,,,
15:48:47:2824,"(0.00, 0.00)",,,,
15:48:47:3127,"(0.00, 0.00)",,,,
15:48:47:3436,"(0.00, 0.00)",,,,
15:48:47:3742,"(0.00, 0.00)",,,,
15:48:47:4047,"(0.00, 0.00)",,,,
15:48:47:4355,"(0.00, 0.00)",,,,
15:48:47:4681,"(0.00, 0.00)",,,,
15:48:47:4986,"(0.00, 0.00)",,,,
15:48:47:5302,"(0.00, 0.00)",,,,
15:48:47:5662,"(0.00, 0.00)",,,,
15:48:47:5976,"(0.00, 0.00)",,,,
15:48:47:6291,"(0.00, 0.00)",,,,
15:48:47:6593,"(0.00, 0.00)",,,,
15:48:47:6929,"(0.00, 0.00)",,,,
15:48:47:7278,"(0.00, 0.00)",,,,
15:48:47:7625,"(0.00, 0.00)",,,,
15:48:47:7977,"(0.00, 0.00)",,,,
15:48:47:8333,"(0.00, 0.00)",,,,
15:48:47:8683,"(0.00, 0.00)",,,,
15:48:47:9037,"(0.00, 0.00)",,,,
15:48:47:9443,"(0.00, 0.00)",,,,
15:48:47:9822,"(0.00, 0.00)",,,,
15:48:48:0163,"(0.00, 0.00)",,,,
15:48:48:0470,"(0.00, 0.00)",,,,
15:48:48:0764,"(0.00, 0.00)",,,,
15:48:48:1077,"(0.00, 0.00)",,,,
15:48:48:1399,"(0.00, 0.00)",,,,
15:48:48:1707,"(0.00, 0.00)",,,,
15:48:48:2013,"(0.00, 0.00)",,,,
15:48:48:2323,"(0.00, 0.00)",,,,
15:48:48:2631,"(0.00, 0.00)",,,,
15:48:48:2930,"(0.00, 0.00)",,,,
15:48:48:3252,"(0.00, 0.00)",,,,
15:48:48:3547,"(0.00, 0.00)",,,,
15:48:48:3878,"(0.00, 0.00)",,,,
15:48:48:4200,"(0.00, 0.00)",,,,
15:48:48:4504,"(0.00, 0.00)",,,,
15:48:48:4809,"(0.00, 0.00)",,,,
15:48:48:5135,"(0.00, 0.00)",,,,
15:48:48:5443,"(0.00, 0.00)",,,,
15:48:48:5764,"(0.00, 0.00)",,,,
15:48:48:6083,"(0.00, 0.00)",,,,
15:48:48:6382,"(0.00, 0.00)",,,,
15:48:48:6676,"(0.00, 0.00)",,,,
15:48:48:6977,"(0.00, 0.00)",,,,
15:48:48:7333,"(0.00, 0.00)",,,,
15:48:48:7670,"(0.00, 0.00)",,,,
15:48:48:8025,"(0.00, 0.00)",,,,
15:48:48:8428,"(0.00, 0.00)",,,,
15:48:48:8793,"(0.00, 0.00)",,,,
15:48:48:9167,"(0.00, 0.00)",,,,
15:48:48:9576,"(0.00, 0.00)",,,,
15:48:48:9894,"(0.00, 0.00)",,,,
15:48:49:0251,"(0.00, 0.00)",,,,
15:48:49:0563,"(0.00, 0.00)",,,,
15:48:49:0863,"(0.00, 0.00)",,,,
15:48:49:1182,"(0.00, 0.00)",,,,
15:48:49:1481,"(0.00, 0.00)",,,,
15:48:49:1788,"(0.00, 0.00)",,,,
15:48:49:2094,"(0.00, 0.00)",,,,
15:48:49:2405,"(0.00, 0.00)",,,,
15:48:49:2712,"(0.00, 0.00)",,,,
15:48:49:3026,"(0.00, 0.00)",,,,
15:48:49:3326,"(0.00, 0.00)",,,,
15:48:49:3639,"(0.00, 0.00)",,,,
15:48:49:3937,"(0.00, 0.00)",,,,
15:48:49:4254,"(0.00, 0.00)",,,,
15:48:49:4566,"(0.00, 0.00)",,,,
15:48:49:4867,"(0.00, 0.00)",,,,
15:48:49:5197,"(0.00, 0.00)",,,,
15:48:49:5514,"(0.00, 0.00)",,,,
15:48:49:5812,"(0.00, 0.00)",,,,
15:48:49:6132,"(0.00, 0.00)",,,,
15:48:49:6437,"(0.00, 0.00)",,,,
15:48:49:6748,"(0.00, 0.00)",,,,
15:48:49:7049,"(0.00, 0.00)",,,,
15:48:49:7393,"(0.00, 0.00)",,,,
15:48:49:7751,"(0.00, 0.00)",,,,
15:48:49:8142,"(0.00, 0.00)",,,,
15:48:49:8491,"(0.00, 0.00)",,,,
15:48:49:8833,"(0.00, 0.00)",,,,
15:48:49:9212,"(0.00, 0.00)",,,,
15:48:49:9609,"(0.00, 0.00)",,,,
15:48:49:9970,"(0.00, 0.00)",,,,
15:48:50:0288,"(0.00, 0.00)",,,,
15:48:50:0603,"(0.00, 0.00)",,,,
15:48:50:0910,"(0.00, 0.00)",,,,
15:48:50:1234,"(0.00, 0.00)",,,,
15:48:50:1545,"(0.00, 0.00)",,,,
15:48:50:1850,"(0.00, 0.00)",,,,
15:48:50:2161,"(0.00, 0.00)",,,,
15:48:50:2478,"(0.00, 0.00)",,,,
15:48:50:2784,"(0.00, 0.00)",,,,
15:48:50:3091,"(0.00, 0.00)",,,,
15:48:50:3404,"(0.00, 0.00)",,,,
15:48:50:3704,"(0.00, 0.00)",,,,
15:48:50:4023,"(0.00, 0.00)",,,,
15:48:50:4323,"(0.00, 0.00)",,,,
15:48:50:4635,"(0.00, 0.00)",,,,
15:48:50:4947,"(0.00, 0.00)",,,,
15:48:50:5253,"(0.00, 0.00)",,,,
15:48:50:5575,"(0.00, 0.00)",,,,
15:48:50:5951,"(0.00, 0.00)",,,,
15:48:50:6330,"(0.00, 0.00)",,,,
15:48:50:6706,"(0.00, 0.00)",,,,
15:48:50:7186,"(0.00, 0.00)",,,,
15:48:50:7998,"(0.00, 0.00)",,,,
15:48:50:8362,"(0.00, 0.00)",,,,
15:48:50:8711,"(0.00, 0.00)",,,,
15:48:50:9064,"(0.00, 0.00)",,,,
15:48:50:9428,"(0.00, 0.00)",,,,
15:48:50:9768,"(0.00, 0.00)",,,,
15:48:51:0079,"(0.00, 0.00)",,,,
15:48:51:0386,"(0.00, 0.00)",,,,
15:48:51:0710,"(0.00, 0.00)",,,,
15:48:51:1059,"(0.00, 0.00)",,,,
15:48:51:1383,"(0.00, 0.00)",,,,
15:48:51:1690,"(0.00, 0.00)",,,,
15:48:51:2009,"(0.00, 0.00)",,,,
15:48:51:2328,"(0.00, 0.00)",,,,
15:48:51:2641,"(0.00, 0.00)",,,,
15:48:51:2938,"(0.00, 0.00)",,,,
15:48:51:3256,"(0.00, 0.00)",,,,
15:48:51:3566,"(0.00, 0.00)",,,,
15:48:51:3875,"(0.00, 0.00)",,,,
15:48:51:4197,"(0.00, 0.00)",,,,
15:48:51:4513,"(0.00, 0.00)",,,,
15:48:51:4823,"(0.00, 0.00)",,,,
15:48:51:5134,"(0.00, 0.00)",,,,
15:48:51:5456,"(0.00, 0.00)",,,,
15:48:51:5760,"(0.00, 0.00)",,,,
15:48:51:6085,"(0.00, 0.00)",,,,
15:48:51:6389,"(0.00, 0.00)",,,,
15:48:51:6714,"(0.00, 0.00)",,,,
15:48:51:7022,"(0.00, 0.00)",,,,
15:48:51:7328,"(0.00, 0.00)",,,,
15:48:51:7665,"(0.00, 0.00)",,,,
15:48:51:8033,"(0.00, 0.00)",,,,
15:48:51:8397,"(0.00, 0.00)",,,,
15:48:51:8779,"(0.00, 0.00)",,,,
15:48:51:9141,"(0.00, 0.00)",,,,
15:48:51:9547,"(0.00, 0.00)",,,,
15:48:51:9866,"(0.00, 0.00)",,,,
15:48:52:0172,"(0.00, 0.00)",,,,
15:48:52:0507,"(0.00, 0.00)",,,,
15:48:52:0825,"(0.00, 0.00)",,,,
15:48:52:1157,"(0.00, 0.00)",,,,
15:48:52:1476,"(0.00, 0.00)",,,,
15:48:52:1783,"(0.00, 0.00)",,,,
15:48:52:2115,"(0.00, 0.00)",,,,
15:48:52:2423,"(0.00, 0.00)",,,,
15:48:52:2734,"(0.00, 0.00)",,,,
15:48:52:3047,"(0.00, 0.00)",,,,
15:48:52:3380,"(0.00, 0.00)",,,,
15:48:52:3684,"(0.00, 0.00)",,,,
15:48:52:4012,"(0.00, 0.00)",,,,
15:48:52:4338,"(0.00, 0.00)",,,,
15:48:52:4654,"(0.00, 0.00)",,,,
15:48:52:4971,"(0.00, 0.00)",,,,
15:48:52:5299,"(0.00, 0.00)",,,,
15:48:52:5614,"(0.00, 0.00)",,,,
15:48:52:5937,"(0.00, 0.00)",,,,
15:48:52:6307,"(0.00, 0.00)",,,,
15:48:52:6630,"(0.00, 0.00)",,,,
15:48:52:6943,"(0.00, 0.00)",,,,
15:48:52:7281,"(0.00, 0.00)",,,,
15:48:52:7601,"(0.00, 0.00)",,,,
15:48:52:8028,"(0.00, 0.00)",,,,
15:48:52:8407,"(0.00, 0.00)",,,,
15:48:52:8869,"(0.00, 0.00)",,,,
15:48:52:9266,"(0.00, 0.00)",,,,
15:48:52:9665,"(0.00, 0.00)",,,,
15:48:53:0084,"(0.00, 0.00)",,,,
15:48:53:0473,"(0.00, 0.00)",,,,
15:48:53:0839,"(0.00, 0.00)",,,,
15:48:53:1266,"(0.00, 0.00)",,,,
15:48:53:1940,"(0.00, 0.00)",,,,
15:48:53:2397,"(0.00, 0.00)",,,,
15:48:53:2781,"(0.00, 0.00)",,,,
15:48:53:3111,"(0.00, 0.00)",,,,
15:48:53:3463,"(0.00, 0.00)",,,,
15:48:53:3784,"(0.00, 0.00)",,,,
15:48:53:4086,"(0.00, 0.00)",,,,
15:48:53:4405,"(0.00, 0.00)",,,,
15:48:53:4714,"(0.00, 0.00)",,,,
15:48:53:5031,"(0.00, 0.00)",,,,
15:48:53:5457,"(0.00, 0.00)",,,,
15:48:53:5823,"(0.00, 0.00)",,,,
15:48:53:6149,"(0.00, 0.00)",,,,
15:48:53:6490,"(0.00, 0.00)",,,,
15:48:53:6833,"(0.00, 0.00)",,,,
15:48:53:7248,"(0.00, 0.00)",,,,
15:48:53:7607,"(0.00, 0.00)",,,,
15:48:53:8006,"(0.00, 0.00)",,,,
15:48:53:8481,"(0.00, 0.00)",,,,
15:48:53:8858,"(0.00, 0.00)",,,,
15:48:53:9271,"(0.00, 0.00)",,,,
15:48:53:9685,"(0.00, 0.00)",,,,
15:48:54:0068,"(0.00, 0.00)",,,,
15:48:54:0459,"(0.00, 0.00)",,,,
15:48:54:0772,"(0.00, 0.00)",,,,
15:48:54:1071,"(0.00, 0.00)",,,,
15:48:54:1391,"(0.00, 0.00)",,,,
15:48:54:1742,"(0.00, 0.00)",,,,
15:48:54:2056,"(0.00, 0.00)",,,,
15:48:54:2365,"(0.00, 0.00)",,,,
15:48:54:2679,"(0.00, 0.00)",,,,
15:48:54:2987,"(0.00, 0.00)",,,,
15:48:54:3292,"(0.00, 0.00)",,,,
15:48:54:3602,"(0.00, 0.00)",,,,
15:48:54:3918,"(0.00, 0.00)",,,,
15:48:54:4226,"(0.00, 0.00)",,,,
15:48:54:4607,"(0.00, 0.00)",,,,
15:48:54:4959,"(0.00, 0.00)",,,,
15:48:54:5331,"(0.00, 0.00)",,,,
15:48:54:5815,"(0.00, 0.00)",,,,
15:48:54:6446,"(0.00, 0.00)",,,,
15:48:54:6766,"(0.00, 0.00)",,,,
15:48:54:7075,"(0.00, 0.00)",,,,
15:48:54:7395,"(0.00, 0.00)",,,,
15:48:54:7698,"(0.00, 0.00)",,,,
15:48:54:8048,"(0.00, 0.00)",,,,
15:48:54:8425,"(0.00, 0.00)",,,,
15:48:54:8801,"(0.00, 0.00)",,,,
15:48:54:9178,"(0.00, 0.00)",,,,
15:48:54:9488,"(0.00, 0.00)",,,,
15:48:54:9795,"(0.00, 0.00)",,,,
15:48:55:0125,"(0.00, 0.00)",,,,
15:48:55:0441,"(0.00, 0.00)",,,,
15:48:55:0750,"(0.00, 0.00)",,,,
15:48:55:1058,"(0.00, 0.00)",,,,
15:48:55:1372,"(0.00, 0.00)",,,,
15:48:55:1703,"(0.00, 0.00)",,,,
15:48:55:2025,"(0.00, 0.00)",,,,
15:48:55:2348,"(0.00, 0.00)",,,,
15:48:55:2656,"(0.00, 0.00)",,,,
15:48:55:2970,"(0.00, 0.00)",,,,
15:48:55:3283,"(0.00, 0.00)",,,,
15:48:55:3600,"(0.00, 0.00)",,,,
15:48:55:3909,"(0.00, 0.00)",,,,
15:48:55:4222,"(0.00, 0.00)",,,,
15:48:55:4539,"(0.00, 0.00)",,,,
15:48:55:4856,"(0.00, 0.00)",,,,
15:48:55:5162,"(0.00, 0.00)",,,,
15:48:55:5468,"(0.00, 0.00)",,,,
15:48:55:5779,"(0.00, 0.00)",,,,
15:48:55:6105,"(0.00, 0.00)",,,,
15:48:55:6417,"(0.00, 0.00)",,,,
15:48:55:6730,"(0.00, 0.00)",,,,
15:48:55:7044,"(0.00, 0.00)",,,,
15:48:55:7364,"(0.00, 0.00)",,,,
15:48:55:7674,"(0.00, 0.00)",,,,
15:48:55:7985,"(0.00, 0.00)",,,,
15:48:55:8452,"(0.00, 0.00)",,,,
15:48:55:8835,"(0.00, 0.00)",,,,
15:48:55:9200,"(0.00, 0.00)",,,,
15:48:55:9569,"(0.00, 0.00)",,,,
15:48:55:9933,"(0.00, 0.00)",,,,
15:48:56:0271,"(0.00, 0.00)",,,,
15:48:56:0614,"(0.00, 0.00)",,,,
15:48:56:0925,"(0.00, 0.00)",,,,
15:48:56:1247,"(0.00, 0.00)",,,,
15:48:56:1570,"(0.00, 0.00)",,,,
15:48:56:1896,"(0.00, 0.00)",,,,
15:48:56:2221,"(0.00, 0.00)",,,,
15:48:56:2542,"(0.00, 0.00)",,,,
15:48:56:2850,"(0.00, 0.00)",,,,
15:48:56:3167,"(0.00, 0.00)",,,,
15:48:56:3491,"(0.00, 0.00)",,,,
15:48:56:3798,"(0.00, 0.00)",,,,
15:48:56:4109,"(0.00, 0.00)",,,,
15:48:56:4424,"(0.00, 0.00)",,,,
15:48:56:4735,"(0.00, 0.00)",,,,
15:48:56:5044,"(0.00, 0.00)",,,,
15:48:56:5361,"(0.00, 0.00)",,,,
15:48:56:5692,"(0.00, 0.00)",,,,
15:48:56:6012,"(0.00, 0.00)",,,,
15:48:56:6323,"(0.00, 0.00)",,,,
15:48:56:6629,"(0.00, 0.00)",,,,
15:48:56:6950,"(0.00, 0.00)",,,,
15:48:56:7279,"(0.00, 0.00)",,,,
15:48:56:7637,"(0.00, 0.00)",,,,
15:48:56:7951,"(0.00, 0.00)",,,,
15:48:56:8312,"(0.00, 0.00)",,,,
15:48:56:8724,"(0.00, 0.00)",,,,
15:48:56:9106,"(0.00, 0.00)",,,,
15:48:56:9531,"(0.00, 0.00)",,,,
15:48:56:9946,"(0.00, 0.00)",,,,
15:48:57:0323,"(0.00, 0.00)",,,,
15:48:57:0638,"(0.00, 0.00)",,,,
15:48:57:0950,"(0.00, 0.00)",,,,
15:48:57:1263,"(0.00, 0.00)",,,,
15:48:57:1584,"(0.00, 0.00)",,,,
15:48:57:1893,"(0.00, 0.00)",,,,
15:48:57:2223,"(0.00, 0.00)",,,,
15:48:57:2545,"(0.00, 0.00)",,,,
15:48:57:2868,"(0.00, 0.00)",,,,
15:48:57:3186,"(0.00, 0.00)",,,,
15:48:57:3506,"(0.00, 0.00)",,,,
15:48:57:3836,"(0.00, 0.00)",,,,
15:48:57:4179,"(0.00, 0.00)",,,,
15:48:57:4508,"(0.00, 0.00)",,,,
15:48:57:4836,"(0.00, 0.00)",,,,
15:48:57:5149,"(0.00, 0.00)",,,,
15:48:57:5476,"(0.00, 0.00)",,,,
15:48:57:5781,"(0.00, 0.00)",,,,
15:48:57:6086,"(0.00, 0.00)",,,,
15:48:57:6422,"(0.00, 0.00)",,,,
15:48:57:6736,"(0.00, 0.00)",,,,
15:48:57:7061,"(0.00, 0.00)",,,,
15:48:57:7371,"(0.00, 0.00)",,,,
15:48:57:7695,"(0.00, 0.00)",,,,
15:48:57:8010,"(0.00, 0.00)",,,,
15:48:57:8391,"(0.00, 0.00)",,,,
15:48:57:8779,"(0.00, 0.00)",,,,
15:48:57:9162,"(0.00, 0.00)",,,,
15:48:57:9646,"(0.00, 0.00)",,,,
15:48:58:0039,"(0.00, 0.00)",,,,
15:48:58:0424,"(0.00, 0.00)",,,,
15:48:58:0739,"(0.00, 0.00)",,,,
15:48:58:1132,"(0.00, 0.00)",,,,
15:48:58:1491,"(0.00, 0.00)",,,,
15:48:58:1881,"(0.00, 0.00)",,,,
15:48:58:2371,"(0.00, 0.00)",,,,
15:48:58:3000,"(0.00, 0.00)",,,,
15:48:58:3325,"(0.00, 0.00)",,,,
15:48:58:3630,"(0.00, 0.00)",,,,
15:48:58:3956,"(0.00, 0.00)",,,,
15:48:58:4284,"(0.00, 0.00)",,,,
15:48:58:4603,"(0.00, 0.00)",,,,
15:48:58:4911,"(0.00, 0.00)",,,,
15:48:58:5255,"(0.00, 0.00)",,,,
15:48:58:5583,"(0.00, 0.00)",,,,
15:48:58:5924,"(0.00, 0.00)",,,,
15:48:58:6258,"(0.00, 0.00)",,,,
15:48:58:6602,"(0.00, 0.00)",,,,
15:48:58:6954,"(0.00, 0.00)",,,,
15:48:58:7291,"(0.00, 0.00)",,,,
15:48:58:7625,"(0.00, 0.00)",,,,
15:48:58:7954,"(0.00, 0.00)",,,,
15:48:58:8297,"(0.00, 0.00)",,,,
15:48:58:8742,"(0.00, 0.00)",,,,
15:48:58:9122,"(0.00, 0.00)",,,,
15:48:58:9446,"(0.00, 0.00)",,,,
15:48:58:9769,"(0.00, 0.00)",,,,
15:48:59:0094,"(0.00, 0.00)",,,,
15:48:59:0412,"(0.00, 0.00)",,,,
15:48:59:0729,"(0.00, 0.00)",,,,
15:48:59:1062,"(0.00, 0.00)",,,,
15:48:59:1402,"(0.00, 0.00)",,,,
15:48:59:1736,"(0.00, 0.00)",,,,
15:48:59:2049,"(0.00, 0.00)",,,,
15:48:59:2384,"(0.00, 0.00)",,,,
15:48:59:2715,"(0.00, 0.00)",,,,
15:48:59:3035,"(0.00, 0.00)",,,,
15:48:59:3368,"(0.00, 0.00)",,,,
15:48:59:3686,"(0.00, 0.00)",,,,
15:48:59:4000,"(0.00, 0.00)",,,,
15:48:59:4324,"(0.00, 0.00)",,,,
15:48:59:4647,"(0.00, 0.00)",,,,
15:48:59:4973,"(0.00, 0.00)",,,,
15:48:59:5301,"(0.00, 0.00)",,,,
15:48:59:5624,"(0.00, 0.00)",,,,
15:48:59:5939,"(0.00, 0.00)",,,,
15:48:59:6262,"(0.00, 0.00)",,,,
15:48:59:6598,"(0.00, 0.00)",,,,
15:48:59:6915,"(0.00, 0.00)",,,,
15:48:59:7271,"(0.00, 0.00)",,,,
15:48:59:7606,"(0.00, 0.00)",,,,
15:48:59:7924,"(0.00, 0.00)",,,,
15:48:59:8262,"(0.00, 0.00)",,,,
15:48:59:8632,"(0.00, 0.00)",,,,
15:48:59:9123,"(0.00, 0.00)",,,,
15:48:59:9528,"(0.00, 0.00)",,,,
15:48:59:9926,"(0.00, 0.00)",,,,
15:49:00:0355,"(0.00, 0.00)",,,,
15:49:00:0785,"(0.00, 0.00)",,,,
15:49:00:1177,"(0.00, 0.00)",,,,
15:49:00:1502,"(0.00, 0.00)",,,,
15:49:00:1831,"(0.00, 0.00)",,,,
15:49:00:2143,"(0.00, 0.00)",,,,
15:49:00:2481,"(0.00, 0.00)",,,,
15:49:00:2807,"(0.00, 0.00)",,,,
15:49:00:3129,"(0.00, 0.00)",,,,
15:49:00:3449,"(0.00, 0.00)",,,,
15:49:00:3778,"(0.00, 0.00)",,,,
15:49:00:4106,"(0.00, 0.00)",,,,
15:49:00:4434,"(0.00, 0.00)",,,,
15:49:00:4755,"(0.00, 0.00)",,,,
15:49:00:5070,"(0.00, 0.00)",,,,
15:49:00:5407,"(0.00, 0.00)",,,,
15:49:00:5727,"(0.00, 0.00)",,,,
15:49:00:6065,"(0.00, 0.00)",,,,
15:49:00:6387,"(0.00, 0.00)",,,,
15:49:00:6714,"(0.00, 0.00)",,,,
15:49:00:7042,"(0.00, 0.00)",,,,
15:49:00:7385,"(0.00, 0.00)",,,,
15:49:00:7769,"(0.00, 0.00)",,,,
15:49:00:8075,"(0.00, 0.00)",,,,
15:49:00:8441,"(0.00, 0.00)",,,,
15:49:00:8905,"(0.00, 0.00)",,,,
15:49:00:9299,"(0.00, 0.00)",,,,
15:49:00:9685,"(0.00, 0.00)",,,,
15:49:01:0097,"(0.00, 0.00)",,,,
15:49:01:0457,"(0.00, 0.00)",,,,
15:49:01:0779,"(0.00, 0.00)",,,,
15:49:01:1098,"(0.00, 0.00)",,,,
15:49:01:1425,"(0.00, 0.00)",,,,
15:49:01:1747,"(0.00, 0.00)",,,,
15:49:01:2067,"(0.00, 0.00)",,,,
15:49:01:2388,"(0.00, 0.00)",,,,
15:49:01:2742,"(0.00, 0.00)",,,,
15:49:01:3066,"(0.00, 0.00)",,,,
15:49:01:3408,"(0.00, 0.00)",,,,
15:49:01:3746,"(0.00, 0.00)",,,,
15:49:01:4065,"(0.00, 0.00)",,,,
15:49:01:4372,"(0.00, 0.00)",,,,
15:49:01:4773,"(0.00, 0.00)",,,,
15:49:01:5121,"(0.00, 0.00)",,,,
15:49:01:5494,"(0.00, 0.00)",,,,
15:49:01:5924,"(0.00, 0.00)",,,,
15:49:01:6303,"(0.00, 0.00)",,,,
15:49:01:6655,"(0.00, 0.00)",,,,
15:49:01:7024,"(0.00, 0.00)",,,,
15:49:01:7488,"(0.00, 0.00)",,,,
15:49:01:7910,"(0.00, 0.00)",,,,
15:49:01:8324,"(0.00, 0.00)",,,,
15:49:01:8779,"(0.00, 0.00)",,,,
15:49:01:9268,"(0.00, 0.00)",,,,
15:49:01:9898,"(0.00, 0.00)",,,,
15:49:02:0415,"(0.00, 0.00)",,,,
15:49:02:0988,"(0.00, 0.00)",,,,
15:49:02:1338,"(0.00, 0.00)",,,,
15:49:02:1664,"(0.00, 0.00)",,,,
15:49:02:2001,"(0.00, 0.00)",,,,
15:49:02:2329,"(0.00, 0.00)",,,,
15:49:02:2662,"(0.00, 0.00)",,,,
15:49:02:2994,"(0.00, 0.00)",,,,
15:49:02:3338,"(0.00, 0.00)",,,,
15:49:02:3675,"(0.00, 0.00)",,,,
15:49:02:4010,"(0.00, 0.00)",,,,
15:49:02:4350,"(0.00, 0.00)",,,,
15:49:02:4681,"(0.00, 0.00)",,,,
15:49:02:5008,"(0.00, 0.00)",,,,
15:49:02:5322,"(0.00, 0.00)",,,,
15:49:02:5658,"(0.00, 0.00)",,,,
15:49:02:5974,"(0.00, 0.00)",,,,
15:49:02:6303,"(0.00, 0.00)",,,,
15:49:02:6664,"(0.00, 0.00)",,,,
15:49:02:6994,"(0.00, 0.00)",,,,
15:49:02:7354,"(0.00, 0.00)",,,,
15:49:02:7678,"(0.00, 0.00)",,,,
15:49:02:8034,"(0.00, 0.00)",,,,
15:49:02:8372,"(0.00, 0.00)",,,,
15:49:02:8752,"(0.00, 0.00)",,,,
15:49:02:9189,"(0.00, 0.00)",,,,
15:49:02:9585,"(0.00, 0.00)",,,,
15:49:03:0035,"(0.00, 0.00)",,,,
15:49:03:0447,"(0.00, 0.00)",,,,
15:49:03:0815,"(0.00, 0.00)",,,,
15:49:03:1131,"(0.00, 0.00)",,,,
15:49:03:1472,"(0.00, 0.00)",,,,
15:49:03:1805,"(0.00, 0.00)",,,,
15:49:03:2154,"(0.00, 0.00)",,,,
15:49:03:2488,"(0.00, 0.00)",,,,
15:49:03:2817,"(0.00, 0.00)",,,,
15:49:03:3141,"(0.00, 0.00)",,,,
15:49:03:3467,"(0.00, 0.00)",,,,
15:49:03:3803,"(0.00, 0.00)",,,,
15:49:03:4150,"(0.00, 0.00)",,,,
15:49:03:4466,"(0.00, 0.00)",,,,
15:49:03:4792,"(0.00, 0.00)",,,,
15:49:03:5136,"(0.00, 0.00)",,,,
15:49:03:5451,"(0.00, 0.00)",,,,
15:49:03:5776,"(0.00, 0.00)",,,,
15:49:03:6099,"(0.00, 0.00)",,,,
15:49:03:6426,"(0.00, 0.00)",,,,
15:49:03:6749,"(0.00, 0.00)",,,,
15:49:03:7072,"(0.00, 0.00)",,,,
15:49:03:7407,"(0.00, 0.00)",,,,
15:49:03:7762,"(0.00, 0.00)",,,,
15:49:03:8127,"(0.00, 0.00)",,,,
15:49:03:8457,"(0.00, 0.00)",,,,
15:49:03:8865,"(0.00, 0.00)",,,,
15:49:03:9397,"(0.00, 0.00)",,,,
15:49:03:9962,"(0.00, 0.00)",,,,
15:49:04:0361,"(0.00, 0.00)",,,,
15:49:04:0683,"(0.00, 0.00)",,,,
15:49:04:1010,"(0.00, 0.00)",,,,
15:49:04:1344,"(0.00, 0.00)",,,,
15:49:04:1680,"(0.00, 0.00)",,,,
15:49:04:2071,"(0.00, 0.00)",,,,
15:49:04:2436,"(0.00, 0.00)",,,,
15:49:04:2830,"(0.00, 0.00)",,,,
15:49:04:3200,"(0.00, 0.00)",,,,
15:49:04:3588,"(0.00, 0.00)",,,,
15:49:04:3906,"(0.00, 0.00)",,,,
15:49:04:4251,"(0.00, 0.00)",,,,
15:49:04:4591,"(0.00, 0.00)",,,,
15:49:04:4924,"(0.00, 0.00)",,,,
15:49:04:5268,"(0.00, 0.00)",,,,
15:49:04:5598,"(0.00, 0.00)",,,,
15:49:04:5922,"(0.00, 0.00)",,,,
15:49:04:6236,"(0.00, 0.00)",,,,
15:49:04:6590,"(0.00, 0.00)",,,,
15:49:04:6931,"(0.00, 0.00)",,,,
15:49:04:7276,"(0.00, 0.00)",,,,
15:49:04:7618,"(0.00, 0.00)",,,,
15:49:04:7943,"(0.00, 0.00)",,,,
15:49:04:8263,"(0.00, 0.00)",,,,
15:49:04:8606,"(0.00, 0.00)",,,,
15:49:04:9026,"(0.00, 0.00)",,,,
15:49:04:9449,"(0.00, 0.00)",,,,
15:49:04:9939,"(0.00, 0.00)",,,,
15:49:05:0336,"(0.00, 0.00)",,,,
15:49:05:0782,"(0.00, 0.00)",,,,
15:49:05:1265,"(0.00, 0.00)",,,,
15:49:05:1603,"(0.00, 0.00)",,,,
15:49:05:1937,"(0.00, 0.00)",,,,
15:49:05:2267,"(0.00, 0.00)",,,,
15:49:05:2606,"(0.00, 0.00)",,,,
15:49:05:2951,"(0.00, 0.00)",,,,
15:49:05:3301,"(0.00, 0.00)",,,,
15:49:05:3614,"(0.00, 0.00)",,,,
15:49:05:3959,"(0.00, 0.00)",,,,
15:49:05:4306,"(0.00, 0.00)",,,,
15:49:05:4628,"(0.00, 0.00)",,,,
15:49:05:4960,"(0.00, 0.00)",,,,
15:49:05:5284,"(0.00, 0.00)",,,,
15:49:05:5607,"(0.00, 0.00)",,,,
15:49:05:5941,"(0.00, 0.00)",,,,
15:49:05:6373,"(0.00, 0.00)",,,,
15:49:05:6765,"(0.00, 0.00)",,,,
15:49:05:7176,"(0.00, 0.00)",,,,
15:49:05:7702,"(0.00, 0.00)",,,,
15:49:05:8342,"(0.00, 0.00)",,,,
15:49:05:8681,"(0.00, 0.00)",,,,
15:49:05:9102,"(0.00, 0.00)",,,,
15:49:05:9606,"(0.00, 0.00)",,,,
15:49:06:0124,"(0.00, 0.00)",,,,
15:49:06:0621,"(0.00, 0.00)",,,,
15:49:06:1245,"(0.00, 0.00)",,,,
15:49:06:1687,"(0.00, 0.00)",,,,
15:49:06:2071,"(0.00, 0.00)",,,,
15:49:06:2431,"(0.00, 0.00)",,,,
15:49:06:2765,"(0.00, 0.00)",,,,
15:49:06:3095,"(0.00, 0.00)",,,,
15:49:06:3421,"(0.00, 0.00)",,,,
15:49:06:3768,"(0.00, 0.00)",,,,
15:49:06:4087,"(0.00, 0.00)",,,,
15:49:06:4422,"(0.00, 0.00)",,,,
15:49:06:4768,"(0.00, 0.00)",,,,
15:49:06:5096,"(0.00, 0.00)",,,,
15:49:06:5429,"(0.00, 0.00)",,,,
15:49:06:5766,"(0.00, 0.00)",,,,
15:49:06:6095,"(0.00, 0.00)",,,,
15:49:06:6421,"(0.00, 0.00)",,,,
15:49:06:6750,"(0.00, 0.00)",,,,
15:49:06:7077,"(0.00, 0.00)",,,,
15:49:06:7403,"(0.00, 0.00)",,,,
15:49:06:7725,"(0.00, 0.00)",,,,
15:49:06:8071,"(0.00, 0.00)",,,,
15:49:06:8398,"(0.00, 0.00)",,,,
15:49:06:8732,"(0.00, 0.00)",,,,
15:49:06:9122,"(0.00, 0.00)",,,,
15:49:06:9521,"(0.00, 0.00)",,,,
15:49:06:9951,"(0.00, 0.00)",,,,
15:49:07:0349,"(0.00, 0.00)",,,,
15:49:07:0762,"(0.00, 0.00)",,,,
15:49:07:1087,"(0.00, 0.00)",,,,
15:49:07:1425,"(0.00, 0.00)",,,,
15:49:07:1756,"(0.00, 0.00)",,,,
15:49:07:2077,"(0.00, 0.00)",,,,
15:49:07:2408,"(0.00, 0.00)",,,,
15:49:07:2735,"(0.00, 0.00)",,,,
15:49:07:3076,"(0.00, 0.00)",,,,
15:49:07:3392,"(0.00, 0.00)",,,,
15:49:07:3725,"(0.00, 0.00)",,,,
15:49:07:4060,"(0.00, 0.00)",,,,
15:49:07:4391,"(0.00, 0.00)",,,,
15:49:07:4716,"(0.00, 0.00)",,,,
15:49:07:5052,"(0.00, 0.00)",,,,
15:49:07:5387,"(0.00, 0.00)",,,,
15:49:07:5768,"(0.00, 0.00)",,,,
15:49:07:6085,"(0.00, 0.00)",,,,
15:49:07:6432,"(0.00, 0.00)",,,,
15:49:07:6806,"(0.00, 0.00)",,,,
15:49:07:7152,"(0.00, 0.00)",,,,
15:49:07:7493,"(0.00, 0.00)",,,,
15:49:07:7856,"(0.00, 0.00)",,,,
15:49:07:8224,"(0.00, 0.00)",,,,
15:49:07:8573,"(0.00, 0.00)",,,,
15:49:07:8929,"(0.00, 0.00)",,,,
15:49:07:9375,"(0.00, 0.00)",,,,
15:49:07:9812,"(0.00, 0.00)",,,,
15:49:08:0361,"(0.00, 0.00)",,,,
15:49:08:0847,"(0.00, 0.00)",,,,
15:49:08:1254,"(0.00, 0.00)",,,,
15:49:08:1595,"(0.00, 0.00)",,,,
15:49:08:1932,"(0.00, 0.00)",,,,
15:49:08:2313,"(0.00, 0.00)",,,,
15:49:08:2690,"(0.00, 0.00)",,,,
15:49:08:3024,"(0.00, 0.00)",,,,
15:49:08:3376,"(0.00, 0.00)",,,,
15:49:08:3701,"(0.00, 0.00)",,,,
15:49:08:4032,"(0.00, 0.00)",,,,
15:49:08:4363,"(0.00, 0.00)",,,,
15:49:08:4696,"(0.00, 0.00)",,,,
15:49:08:5030,"(0.00, 0.00)",,,,
15:49:08:5353,"(0.00, 0.00)",,,,
15:49:08:5709,"(0.00, 0.00)",,,,
15:49:08:6107,"(0.00, 0.00)",,,,
15:49:08:6452,"(0.00, 0.00)",,,,
15:49:08:6771,"(0.00, 0.00)",,,,
15:49:08:7118,"(0.00, 0.00)",,,,
15:49:08:7454,"(0.00, 0.00)",,,,
15:49:08:7796,"(0.00, 0.00)",,,,
15:49:08:8132,"(0.00, 0.00)",,,,
15:49:08:8475,"(0.00, 0.00)",,,,
15:49:08:8806,"(0.00, 0.00)",,,,
15:49:08:9268,"(0.00, 0.00)",,,,
15:49:08:9745,"(0.00, 0.00)",,,,
15:49:09:0143,"(0.00, 0.00)",,,,
15:49:09:0560,"(0.00, 0.00)",,,,
15:49:09:0998,"(0.00, 0.00)",,,,
15:49:09:1432,"(0.00, 0.00)",,,,
15:49:09:1778,"(0.00, 0.00)",,,,
15:49:09:2114,"(0.00, 0.00)",,,,
15:49:09:2443,"(0.00, 0.00)",,,,
15:49:09:2786,"(0.00, 0.00)",,,,
15:49:09:3122,"(0.00, 0.00)",,,,
15:49:09:3446,"(0.00, 0.00)",,,,
15:49:09:3950,"(0.00, 0.00)",,,,
15:49:09:4432,"(0.00, 0.00)",,,,
15:49:09:5100,"(0.00, 0.00)",,,,
15:49:09:5630,"(0.00, 0.00)",,,,
15:49:09:6157,"(0.00, 0.00)",,,,
15:49:09:6703,"(0.00, 0.00)",,,,
15:49:09:7864,"(0.00, 0.00)",,,,
15:49:09:8207,"(0.00, 0.00)",,,,
15:49:09:8578,"(0.00, 0.00)",,,,
15:49:09:8926,"(0.00, 0.00)",,,,
15:49:09:9747,"(0.00, 0.00)",,,,
15:49:10:0412,"(0.00, 0.00)",,,,
15:49:10:2129,"(0.00, 0.00)",,,,
15:49:10:3980,"(0.00, 0.00)",,,,
15:49:10:5415,"(0.00, 0.00)",,,,
15:49:10:6410,"(0.00, 0.00)",,,,
15:49:10:8744,"(0.00, 0.00)",,,,
15:49:11:0083,"(0.00, 0.00)",,,,
15:49:11:0920,"(0.00, 0.00)",,,,
15:49:11:2956,"(0.00, 0.00)",,,,
15:49:11:4963,"(0.00, 0.00)",,,,
15:49:11:5732,"(0.00, 0.00)",,,,
15:49:11:6658,"(0.00, 0.00)",,,,
15:49:11:7863,"(0.00, 0.00)",,,,
15:49:11:8752,"(0.00, 0.00)",,,,
15:49:11:9632,"(0.00, 0.00)",,,,
15:49:12:0547,"(0.00, 0.00)",,,,
15:49:12:1469,"(0.00, 0.00)",,,,
15:49:12:2997,"(0.00, 0.00)",,,,
15:49:12:3886,"(0.00, 0.00)",,,,
15:49:12:4559,"(0.00, 0.00)",,,,
15:49:12:5163,"(0.00, 0.00)",,,,
15:49:12:5834,"(0.00, 0.00)",,,,
15:49:12:8476,"(0.00, 0.00)",,,,
15:49:13:0567,"(0.00, 0.00)",,,,
15:49:13:1803,"(0.00, 0.00)",,,,
15:49:13:2638,"(0.00, 0.00)",,,,
15:49:13:3894,"(0.00, 0.00)",,,,
15:49:13:4278,"(0.00, 0.00)",,,,
15:49:13:4747,"(0.00, 0.00)",,,,
15:49:13:5112,"(0.00, 0.00)",,,,
15:49:13:5446,"(0.00, 0.00)",,,,
15:49:13:5783,"(0.00, 0.00)",,,,
15:49:13:6150,"(0.00, 0.00)",,,,
15:49:13:6522,"(0.00, 0.00)",,,,
15:49:13:6864,"(0.00, 0.00)",,,,
15:49:13:7231,"(0.00, 0.00)",,,,
15:49:13:7580,"(0.00, 0.00)",,,,
15:49:13:7943,"(0.00, 0.00)",,,,
15:49:13:8307,"(0.00, 0.00)",,,,
15:49:13:8656,"(0.00, 0.00)",,,,
15:49:13:9005,"(0.00, 0.00)",,,,
15:49:13:9401,"(0.00, 0.00)",,,,
15:49:13:9992,"(0.00, 0.00)",,,,
15:49:14:0459,"(0.00, 0.00)",,,,
15:49:14:0853,"(0.00, 0.00)",,,,
15:49:14:1186,"(0.00, 0.00)",,,,
15:49:14:1510,"(0.00, 0.00)",,,,
15:49:14:1839,"(0.00, 0.00)",,,,
15:49:14:2183,"(0.00, 0.00)",,,,
15:49:14:2534,"(0.00, 0.00)",,,,
15:49:14:2867,"(0.00, 0.00)",,,,
15:49:14:3199,"(0.00, 0.00)",,,,
15:49:14:3557,"(0.00, 0.00)",,,,
15:49:14:3894,"(0.00, 0.00)",,,,
15:49:14:4283,"(0.00, 0.00)",,,,
15:49:14:4995,"(0.00, 0.00)",,,,
15:49:14:6128,"(0.00, 0.00)",,,,
15:49:14:6756,"(0.00, 0.00)",,,,
15:49:14:7352,"(0.00, 0.00)",,,,
15:49:14:8375,"(0.00, 0.00)",,,,
15:49:14:9979,"(0.00, 0.00)",,,,
15:49:15:1329,"(0.00, 0.00)",,,,
15:49:15:2285,"(0.00, 0.00)",,,,
15:49:15:3296,"(0.00, 0.00)",,,,
15:49:15:4013,"(0.00, 0.00)",,,,
15:49:15:4790,"(0.00, 0.00)",,,,
15:49:15:5236,"(0.00, 0.00)",,,,
15:49:15:5687,"(0.00, 0.00)",,,,
15:49:15:6723,"(0.00, 0.00)",,,,
15:49:15:7422,"(0.00, 0.00)",,,,
15:49:15:8221,"(0.00, 0.00)",,,,
15:49:15:9531,"(0.00, 0.00)",,,,
15:49:16:0937,"(0.00, 0.00)",,,,
15:49:16:2199,"(0.00, 0.00)",,,,
15:49:16:3061,"(0.00, 0.00)",,,,
15:49:16:4056,"(0.00, 0.00)",,,,
15:49:16:5263,"(0.00, 0.00)",,,,
15:49:16:6081,"(0.00, 0.00)",,,,
15:49:16:6690,"(0.00, 0.00)",,,,
15:49:16:8148,"(0.00, 0.00)",,,,
15:49:16:8909,"(0.00, 0.00)",,,,
15:49:16:9538,"(0.00, 0.00)",,,,
15:49:17:1528,"(0.00, 0.00)",,,,
15:49:17:2549,"(0.00, 0.00)",,,,
15:49:17:3651,"(0.00, 0.00)",,,,
15:49:17:4940,"(0.00, 0.00)",,,,
15:49:17:6029,"(0.00, 0.00)",,,,
15:49:17:7178,"(0.00, 0.00)",,,,
15:49:17:8771,"(0.00, 0.00)",,,,
15:49:18:0150,"(0.00, 0.00)",,,,
15:49:18:3365,"(0.00, 0.00)",,,,
15:49:18:5923,"(0.00, 0.00)",,,,
15:49:18:8224,"(0.00, 0.00)",,,,
15:49:18:9859,"(0.00, 0.00)",,,,
15:49:19:2208,"(0.00, 0.00)",,,,
15:49:19:4002,"(0.00, 0.00)",,,,
15:49:19:5579,"(0.00, 0.00)",,,,
15:49:19:7229,"(0.00, 0.00)",,,,
15:49:19:7932,"(0.00, 0.00)",,,,
15:49:19:8557,"(0.00, 0.00)",,,,
15:49:19:9056,"(0.00, 0.00)",,,,
15:49:19:9979,"(0.00, 0.00)",,,,
15:49:20:0500,"(0.00, 0.00)",,,,
15:49:20:1735,"(0.00, 0.00)",,,,
15:49:20:2421,"(0.00, 0.00)",,,,
15:49:20:2867,"(0.00, 0.00)",,,,
15:49:20:3296,"(0.00, 0.00)",,,,
15:49:20:3946,"(0.00, 0.00)",,,,
15:49:20:4672,"(0.00, 0.00)",,,,
15:49:20:5273,"(0.00, 0.00)",,,,
15:49:20:5831,"(0.00, 0.00)",,,,
15:49:20:6372,"(0.00, 0.00)",,,,
15:49:20:6876,"(0.00, 0.00)",,,,
15:49:20:7267,"(0.00, 0.00)",,,,
15:49:20:7614,"(0.00, 0.00)",,,,
15:49:20:7966,"(0.00, 0.00)",,,,
15:49:20:8345,"(0.00, 0.00)",,,,
15:49:20:8745,"(0.00, 0.00)",,,,
15:49:20:9113,"(0.00, 0.00)",,,,
15:49:20:9467,"(0.00, 0.00)",,,,
15:49:20:9872,"(0.00, 0.00)",,,,
15:49:21:0450,"(0.00, 0.00)",,,,
15:49:21:0936,"(0.00, 0.00)",,,,
15:49:21:1433,"(0.00, 0.00)",,,,
15:49:21:1950,"(0.00, 0.00)",,,,
15:49:21:2325,"(0.00, 0.00)",,,,
15:49:21:2680,"(0.00, 0.00)",,,,
15:49:21:3048,"(0.00, 0.00)",,,,
15:49:21:3407,"(0.00, 0.00)",,,,
15:49:21:3785,"(0.00, 0.00)",,,,
15:49:21:4147,"(0.00, 0.00)",,,,
15:49:21:4492,"(0.00, 0.00)",,,,
15:49:21:4829,"(0.00, 0.00)",,,,
15:49:21:5186,"(0.00, 0.00)",,,,
15:49:21:5526,"(0.00, 0.00)",,,,
15:49:21:5902,"(0.00, 0.00)",,,,
15:49:21:6244,"(0.00, 0.00)",,,,
15:49:21:6828,"(0.00, 0.00)",,,,
15:49:21:7336,"(0.00, 0.00)",,,,
15:49:21:7816,"(0.00, 0.00)",,,,
15:49:21:8308,"(0.00, 0.00)",,,,
15:49:21:8883,"(0.00, 0.00)",,,,
15:49:21:9396,"(0.00, 0.00)",,,,
15:49:21:9923,"(0.00, 0.00)",,,,
15:49:22:0829,"(0.00, 0.00)",,,,
15:49:22:1497,"(0.00, 0.00)",,,,
15:49:22:2104,"(0.00, 0.00)",,,,
15:49:22:3634,"(0.00, 0.00)",,,,
15:49:22:4386,"(0.00, 0.00)",,,,
15:49:22:4862,"(0.00, 0.00)",,,,
15:49:22:5252,"(0.00, 0.00)",,,,
15:49:22:5615,"(0.00, 0.00)",,,,
15:49:22:5987,"(0.00, 0.00)",,,,
15:49:22:6360,"(0.00, 0.00)",,,,
15:49:22:6709,"(0.00, 0.00)",,,,
15:49:22:7062,"(0.00, 0.00)",,,,
15:49:22:7413,"(0.00, 0.00)",,,,
15:49:22:7763,"(0.00, 0.00)",,,,
15:49:22:8165,"(0.00, 0.00)",,,,
15:49:22:8546,"(0.00, 0.00)",,,,
15:49:22:8991,"(0.00, 0.00)",,,,
15:49:22:9380,"(0.00, 0.00)",,,,
15:49:22:9736,"(0.00, 0.00)",,,,
15:49:23:0249,"(0.00, 0.00)",,,,
15:49:23:0749,"(0.00, 0.00)",,,,
15:49:23:1362,"(0.00, 0.00)",,,,
15:49:23:1784,"(0.00, 0.00)",,,,
15:49:23:2214,"(0.00, 0.00)",,,,
15:49:23:2560,"(0.00, 0.00)",,,,
15:49:23:2899,"(0.00, 0.00)",,,,
15:49:23:3236,"(0.00, 0.00)",,,,
15:49:23:3580,"(0.00, 0.00)",,,,
15:49:23:3923,"(0.00, 0.00)",,,,
15:49:23:4258,"(0.00, 0.00)",,,,
15:49:23:4602,"(0.00, 0.00)",,,,
15:49:23:4939,"(0.00, 0.00)",,,,
15:49:23:5279,"(0.00, 0.00)",,,,
15:49:23:5625,"(0.00, 0.00)",,,,
15:49:23:5966,"(0.00, 0.00)",,,,
15:49:23:6309,"(0.00, 0.00)",,,,
15:49:23:6809,"(0.00, 0.00)",,,,
15:49:23:7272,"(0.00, 0.00)",,,,
15:49:23:7769,"(0.00, 0.00)",,,,
15:49:23:8255,"(0.00, 0.00)",,,,
15:49:23:8740,"(0.00, 0.00)",,,,
15:49:23:9244,"(0.00, 0.00)",,,,
15:49:23:9662,"(0.00, 0.00)",,,,
15:49:24:0359,"(0.00, 0.00)",,,,
15:49:24:0888,"(0.00, 0.00)",,,,
15:49:24:1421,"(0.00, 0.00)",,,,
15:49:24:1911,"(0.00, 0.00)",,,,
15:49:24:2424,"(0.00, 0.00)",,,,
15:49:24:3007,"(0.00, 0.00)",,,,
15:49:24:3508,"(0.00, 0.00)",,,,
15:49:24:3926,"(0.00, 0.00)",,,,
15:49:24:4564,"(0.00, 0.00)",,,,
15:49:24:5273,"(0.00, 0.00)",,,,
15:49:24:5628,"(0.00, 0.00)",,,,
15:49:24:5961,"(0.00, 0.00)",,,,
15:49:24:6413,"(0.00, 0.00)",,,,
15:49:24:6810,"(0.00, 0.00)",,,,
15:49:24:7192,"(0.00, 0.00)",,,,
15:49:24:7578,"(0.00, 0.00)",,,,
15:49:24:7981,"(0.00, 0.00)",,,,
15:49:24:8409,"(0.00, 0.00)",,,,
15:49:24:8827,"(0.00, 0.00)",,,,
15:49:24:9362,"(0.00, 0.00)",,,,
15:49:24:9756,"(0.00, 0.00)",,,,
15:49:25:0197,"(0.00, 0.00)",,,,
15:49:25:0766,"(0.00, 0.00)",,,,
15:49:25:1209,"(0.00, 0.00)",,,,
15:49:25:1742,"(0.00, 0.00)",,,,
15:49:25:2538,"(0.00, 0.00)",,,,
15:49:25:3294,"(0.00, 0.00)",,,,
15:49:25:3954,"(0.00, 0.00)",,,,
15:49:25:4393,"(0.00, 0.00)",,,,
15:49:25:4893,"(0.00, 0.00)",,,,
15:49:25:5514,"(0.00, 0.00)",,,,
15:49:25:5937,"(0.00, 0.00)",,,,
15:49:25:6308,"(0.00, 0.00)",,,,
15:49:25:6663,"(0.00, 0.00)",,,,
15:49:25:7007,"(0.00, 0.00)",,,,
15:49:25:7374,"(0.00, 0.00)",,,,
15:49:25:7755,"(0.00, 0.00)",,,,
15:49:25:8114,"(0.00, 0.00)",,,,
15:49:25:8494,"(0.00, 0.00)",,,,
15:49:25:8856,"(0.00, 0.00)",,,,
15:49:25:9226,"(0.00, 0.00)",,,,
15:49:25:9594,"(0.00, 0.00)",,,,
15:49:25:9957,"(0.00, 0.00)",,,,
15:49:26:0305,"(0.00, 0.00)",,,,
15:49:26:0910,"(0.00, 0.00)",,,,
15:49:26:1903,"(0.00, 0.00)",,,,
15:49:26:3628,"(0.00, 0.00)",,,,
15:49:26:4611,"(0.00, 0.00)",,,,
15:49:26:6239,"(0.00, 0.00)",,,,
15:49:26:7023,"(0.00, 0.00)",,,,
15:49:26:7512,"(0.00, 0.00)",,,,
15:49:26:8001,"(0.00, 0.00)",,,,
15:49:26:8407,"(0.00, 0.00)",,,,
15:49:26:8802,"(0.00, 0.00)",,,,
15:49:26:9225,"(0.00, 0.00)",,,,
15:49:26:9624,"(0.00, 0.00)",,,,
15:49:26:9995,"(0.00, 0.00)",,,,
15:49:27:0358,"(0.00, 0.00)",,,,
15:49:27:0803,"(0.00, 0.00)",,,,
15:49:27:1342,"(0.00, 0.00)",,,,
15:49:27:1823,"(0.00, 0.00)",,,,
15:49:27:2480,"(0.00, 0.00)",,,,
15:49:27:3139,"(0.00, 0.00)",,,,
15:49:27:3685,"(0.00, 0.00)",,,,
15:49:27:4143,"(0.00, 0.00)",,,,
15:49:27:4531,"(0.00, 0.00)",,,,
15:49:27:4930,"(0.00, 0.00)",,,,
15:49:27:5312,"(0.00, 0.00)",,,,
15:49:27:5691,"(0.00, 0.00)",,,,
15:49:27:6045,"(0.00, 0.00)",,,,
15:49:27:6397,"(0.00, 0.00)",,,,
15:49:27:6747,"(0.00, 0.00)",,,,
15:49:27:7108,"(0.00, 0.00)",,,,
15:49:27:7510,"(0.00, 0.00)",,,,
15:49:27:7893,"(0.00, 0.00)",,,,
15:49:27:8263,"(0.00, 0.00)",,,,
15:49:27:8621,"(0.00, 0.00)",,,,
15:49:27:8965,"(0.00, 0.00)",,,,
15:49:27:9333,"(0.00, 0.00)",,,,
15:49:27:9686,"(0.00, 0.00)",,,,
15:49:28:0036,"(0.00, 0.00)",,,,
15:49:28:0381,"(0.00, 0.00)",,,,
15:49:28:0824,"(0.00, 0.00)",,,,
15:49:28:1314,"(0.00, 0.00)",,,,
15:49:28:1782,"(0.00, 0.00)",,,,
15:49:28:2324,"(0.00, 0.00)",,,,
15:49:28:2689,"(0.00, 0.00)",,,,
15:49:28:3043,"(0.00, 0.00)",,,,
15:49:28:3394,"(0.00, 0.00)",,,,
15:49:28:3737,"(0.00, 0.00)",,,,
15:49:28:4080,"(0.00, 0.00)",,,,
15:49:28:4470,"(0.00, 0.00)",,,,
15:49:28:4812,"(0.00, 0.00)",,,,
15:49:28:5157,"(0.00, 0.00)",,,,
15:49:28:5509,"(0.00, 0.00)",,,,
15:49:28:5858,"(0.00, 0.00)",,,,
15:49:28:6214,"(0.00, 0.00)",,,,
15:49:28:6568,"(0.00, 0.00)",,,,
15:49:28:6922,"(0.00, 0.00)",,,,
15:49:28:7275,"(0.00, 0.00)",,,,
15:49:28:7607,"(0.00, 0.00)",,,,
15:49:28:7976,"(0.00, 0.00)",,,,
15:49:28:8322,"(0.00, 0.00)",,,,
15:49:28:8761,"(0.00, 0.00)",,,,
15:49:28:9151,"(0.00, 0.00)",,,,
15:49:28:9569,"(0.00, 0.00)",,,,
15:49:29:0102,"(0.00, 0.00)",,,,
15:49:29:0728,"(0.00, 0.00)",,,,
15:49:29:1217,"(0.00, 0.00)",,,,
15:49:29:1636,"(0.00, 0.00)",,,,
15:49:29:2060,"(0.00, 0.00)",,,,
15:49:29:2542,"(0.00, 0.00)",,,,
15:49:29:2911,"(0.00, 0.00)",,,,
15:49:29:3274,"(0.00, 0.00)",,,,
15:49:29:3658,"(0.00, 0.00)",,,,
15:49:29:4010,"(0.00, 0.00)",,,,
15:49:29:4401,"(0.00, 0.00)",,,,
15:49:29:4763,"(0.00, 0.00)",,,,
15:49:29:5122,"(0.00, 0.00)",,,,
15:49:29:5474,"(0.00, 0.00)",,,,
15:49:29:5821,"(0.00, 0.00)",,,,
15:49:29:6186,"(0.00, 0.00)",,,,
15:49:29:6563,"(0.00, 0.00)",,,,
15:49:29:6912,"(0.00, 0.00)",,,,
15:49:29:7274,"(0.00, 0.00)",,,,
15:49:29:7632,"(0.00, 0.00)",,,,
15:49:29:7964,"(0.00, 0.00)",,,,
15:49:29:8322,"(0.00, 0.00)",,,,
15:49:29:8673,"(0.00, 0.00)",,,,
15:49:29:9033,"(0.00, 0.00)",,,,
15:49:29:9380,"(0.00, 0.00)",,,,
15:49:29:9730,"(0.00, 0.00)",,,,
15:49:30:0079,"(0.00, 0.00)",,,,
15:49:30:0422,"(0.00, 0.00)",,,,
15:49:30:0770,"(0.00, 0.00)",,,,
15:49:30:1172,"(0.00, 0.00)",,,,
15:49:30:1621,"(0.00, 0.00)",,,,
15:49:30:2169,"(0.00, 0.00)",,,,
15:49:30:2551,"(0.00, 0.00)",,,,
15:49:30:2890,"(0.00, 0.00)",,,,
15:49:30:3251,"(0.00, 0.00)",,,,
15:49:30:3631,"(0.00, 0.00)",,,,
15:49:30:3994,"(0.00, 0.00)",,,,
15:49:30:4362,"(0.00, 0.00)",,,,
15:49:30:4722,"(0.00, 0.00)",,,,
15:49:30:5091,"(0.00, 0.00)",,,,
15:49:30:5467,"(0.00, 0.00)",,,,
15:49:30:5823,"(0.00, 0.00)",,,,
15:49:30:6165,"(0.00, 0.00)",,,,
15:49:30:6509,"(0.00, 0.00)",,,,
15:49:30:6865,"(0.00, 0.00)",,,,
15:49:30:7204,"(0.00, 0.00)",,,,
15:49:30:7564,"(0.00, 0.00)",,,,
15:49:30:7909,"(0.00, 0.00)",,,,
15:49:30:8253,"(0.00, 0.00)",,,,
15:49:30:8607,"(0.00, 0.00)",,,,
15:49:30:8951,"(0.00, 0.00)",,,,
15:49:30:9303,"(0.00, 0.00)",,,,
15:49:30:9657,"(0.00, 0.00)",,,,
15:49:31:0001,"(0.00, 0.00)",,,,
15:49:31:0343,"(0.00, 0.00)",,,,
15:49:31:0723,"(0.00, 0.00)",,,,
15:49:31:1122,"(0.00, 0.00)",,,,
15:49:31:1554,"(0.00, 0.00)",,,,
15:49:31:2001,"(0.00, 0.00)",,,,
15:49:31:2507,"(0.00, 0.00)",,,,
15:49:31:2995,"(0.00, 0.00)",,,,
15:49:31:3444,"(0.00, 0.00)",,,,
15:49:31:3810,"(0.00, 0.00)",,,,
15:49:31:4161,"(0.00, 0.00)",,,,
15:49:31:4504,"(0.00, 0.00)",,,,
15:49:31:4866,"(0.00, 0.00)",,,,
15:49:31:5202,"(0.00, 0.00)",,,,
15:49:31:5565,"(0.00, 0.00)",,,,
15:49:31:5919,"(0.00, 0.00)",,,,
15:49:31:6272,"(0.00, 0.00)",,,,
15:49:31:6620,"(0.00, 0.00)",,,,
15:49:31:6966,"(0.00, 0.00)",,,,
15:49:31:7327,"(0.00, 0.00)",,,,
15:49:31:7683,"(0.00, 0.00)",,,,
15:49:31:8021,"(0.00, 0.00)",,,,
15:49:31:8377,"(0.00, 0.00)",,,,
15:49:31:8729,"(0.00, 0.00)",,,,
15:49:31:9096,"(0.00, 0.00)",,,,
15:49:31:9444,"(0.00, 0.00)",,,,
15:49:31:9808,"(0.00, 0.00)",,,,
15:49:32:0157,"(0.00, 0.00)",,,,
15:49:32:0502,"(0.00, 0.00)",,,,
15:49:32:0863,"(0.00, 0.00)",,,,
15:49:32:1246,"(0.00, 0.00)",,,,
15:49:32:1672,"(0.00, 0.00)",,,,
15:49:32:2127,"(0.00, 0.00)",,,,
15:49:32:2633,"(0.00, 0.00)",,,,
15:49:32:3209,"(0.00, 0.00)",,,,
15:49:32:3802,"(0.00, 0.00)",,,,
15:49:32:4236,"(0.00, 0.00)",,,,
15:49:32:4682,"(0.00, 0.00)",,,,
15:49:32:5079,"(0.00, 0.00)",,,,
15:49:32:5479,"(0.00, 0.00)",,,,
15:49:32:5926,"(0.00, 0.00)",,,,
15:49:32:6320,"(0.00, 0.00)",,,,
15:49:32:6734,"(0.00, 0.00)",,,,
15:49:32:7340,"(0.00, 0.00)",,,,
15:49:32:8003,"(0.00, 0.00)",,,,
15:49:32:8363,"(0.00, 0.00)",,,,
15:49:32:8706,"(0.00, 0.00)",,,,
15:49:32:9073,"(0.00, 0.00)",,,,
15:49:32:9432,"(0.00, 0.00)",,,,
15:49:32:9792,"(0.00, 0.00)",,,,
15:49:33:0143,"(0.00, 0.00)",,,,
15:49:33:0523,"(0.00, 0.00)",,,,
15:49:33:0883,"(0.00, 0.00)",,,,
15:49:33:1268,"(0.00, 0.00)",,,,
15:49:33:1739,"(0.00, 0.00)",,,,
15:49:33:2207,"(0.00, 0.00)",,,,
15:49:33:2605,"(0.00, 0.00)",,,,
15:49:33:3052,"(0.00, 0.00)",,,,
15:49:33:3453,"(0.00, 0.00)",,,,
15:49:33:3788,"(0.00, 0.00)",,,,
15:49:33:4160,"(0.00, 0.00)",,,,
15:49:33:4521,"(0.00, 0.00)",,,,
15:49:33:4873,"(0.00, 0.00)",,,,
15:49:33:5244,"(0.00, 0.00)",,,,
15:49:33:5607,"(0.00, 0.00)",,,,
15:49:33:5965,"(0.00, 0.00)",,,,
15:49:33:6335,"(0.00, 0.00)",,,,
15:49:33:6679,"(0.00, 0.00)",,,,
15:49:33:7046,"(0.00, 0.00)",,,,
15:49:33:7412,"(0.00, 0.00)",,,,
15:49:33:7946,"(0.00, 0.00)",,,,
15:49:33:8370,"(0.00, 0.00)",,,,
15:49:33:8738,"(0.00, 0.00)",,,,
15:49:33:9146,"(0.00, 0.00)",,,,
15:49:33:9526,"(0.00, 0.00)",,,,
15:49:33:9888,"(0.00, 0.00)",,,,
15:49:34:0456,"(0.00, 0.00)",,,,
15:49:34:1187,"(0.00, 0.00)",,,,
15:49:34:2088,"(0.00, 0.00)",,,,
15:49:34:3374,"(0.00, 0.00)",,,,
15:49:34:4565,"(0.00, 0.00)",,,,
15:49:34:5587,"(0.00, 0.00)",,,,
15:49:34:6093,"(0.00, 0.00)",,,,
15:49:34:6870,"(0.00, 0.00)",,,,
15:49:34:7373,"(0.00, 0.00)",,,,
15:49:34:8275,"(0.00, 0.00)",,,,
15:49:34:9577,"(0.00, 0.00)",,,,
15:49:35:0253,"(0.00, 0.00)",,,,
15:49:35:1243,"(0.00, 0.00)",,,,
15:49:35:1750,"(0.00, 0.00)",,,,
15:49:35:2397,"(0.00, 0.00)",,,,
15:49:35:3725,"(0.00, 0.00)",,,,
15:49:35:4132,"(0.00, 0.00)",,,,
15:49:35:4604,"(0.00, 0.00)",,,,
15:49:35:5144,"(0.00, 0.00)",,,,
15:49:35:5680,"(0.00, 0.00)",,,,
15:49:35:6181,"(0.00, 0.00)",,,,
15:49:35:6791,"(0.00, 0.00)",,,,
15:49:35:7211,"(0.00, 0.00)",,,,
15:49:35:7628,"(0.00, 0.00)",,,,
15:49:35:8064,"(0.00, 0.00)",,,,
15:49:35:8712,"(0.00, 0.00)",,,,
15:49:35:9361,"(0.00, 0.00)",,,,
15:49:35:9973,"(0.00, 0.00)",,,,
15:49:36:0582,"(0.00, 0.00)",,,,
15:49:36:1195,"(0.00, 0.00)",,,,
15:49:36:1815,"(0.00, 0.00)",,,,
15:49:36:2543,"(0.00, 0.00)",,,,
15:49:36:3242,"(0.00, 0.00)",,,,
15:49:36:3898,"(0.00, 0.00)",,,,
15:49:36:4563,"(0.00, 0.00)",,,,
15:49:36:5160,"(0.00, 0.00)",,,,
15:49:36:5761,"(0.00, 0.00)",,,,
15:49:36:6367,"(0.00, 0.00)",,,,
15:49:36:7359,"(0.00, 0.00)",,,,
15:49:36:9027,"(0.00, 0.00)",,,,
15:49:37:1753,"(0.00, 0.00)",,,,
15:49:37:2859,"(0.00, 0.00)",,,,
15:49:37:5017,"(0.00, 0.00)",,,,
15:49:37:6125,"(0.00, 0.00)",,,,
15:49:37:7168,"(0.00, 0.00)",,,,
15:49:37:8030,"(0.00, 0.00)",,,,
15:49:37:9541,"(0.00, 0.00)",,,,
15:49:38:0107,"(0.00, 0.00)",,,,
15:49:38:5066,"(0.00, 0.00)",,,,
15:49:38:8181,"(0.00, 0.00)",,,,
15:49:38:8741,"(0.00, 0.00)",,,,
15:49:38:9346,"(0.00, 0.00)",,,,
15:49:38:9983,"(0.00, 0.00)",,,,
15:49:39:0737,"(0.00, 0.00)",,,,
15:49:39:1766,"(0.00, 0.00)",,,,
15:49:39:2950,"(0.00, 0.00)",,,,
15:49:39:3793,"(0.00, 0.00)",,,,
15:49:39:5352,"(0.00, 0.00)",,,,
15:49:39:6004,"(0.00, 0.00)",,,,
15:49:39:6565,"(0.00, 0.00)",,,,
15:49:39:7091,"(0.00, 0.00)",,,,
15:49:39:7626,"(0.00, 0.00)",,,,
15:49:39:8149,"(0.00, 0.00)",,,,
15:49:39:9082,"(107.75, 369.50)",,,,
15:49:39:9748,"(107.75, 369.50)",,,,
15:49:40:0323,"(107.75, 369.50)",,,,
15:49:40:0898,"(107.75, 369.50)",,,,
15:49:40:1474,"(95.75, 367.50)",,,,
15:49:40:2031,"(88.75, 360.50)",,,,
15:49:40:2852,"(88.75, 360.50)",,,,
15:49:40:3508,"(88.75, 360.50)",,,,
15:49:40:4135,"(88.75, 360.50)",,,,
15:49:40:4645,"(88.75, 360.50)",,,,
15:49:40:5161,"(88.75, 360.50)",,,,
15:49:40:5800,"(50.75, 307.50)",,,,
15:49:40:6467,"(-71.25, 177.50)",,,,
15:49:40:7147,"(-151.25, 80.50)",,,,
15:49:40:7522,"(-181.25, 70.50)",,,,
15:49:40:7951,"(-216.25, 62.50)",,,,
15:49:40:8635,"(-241.25, 57.50)",,,,
15:49:40:9292,"(-334.25, 22.50)",,,,
15:49:40:9986,"(-404.25, 7.50)",,,,
15:49:41:0677,"(-434.25, -2.50)",,,,
15:49:41:1344,"(-436.25, -2.50)",,,,
15:49:41:1980,"(-436.25, -2.50)",,,,
15:49:41:2663,"(-417.25, -9.50)",,,,
15:49:41:3357,"(-409.25, -12.50)",,,,
15:49:41:3975,"(-409.25, -12.50)",,,,
15:49:41:4583,"(-409.25, -12.50)",,,,
15:49:41:5164,"(-409.25, -12.50)",,,,
15:49:41:5741,"(-409.25, -12.50)",,,,
15:49:41:6379,"(-384.25, -12.50)",,,,
15:49:41:7143,"(-269.25, -12.50)",,,,
15:49:41:7843,"(-217.25, -12.50)",,,,
15:49:41:8535,"(-169.25, -12.50)",,,,
15:49:41:9176,"(-162.25, -12.50)",,,,
15:49:42:3144,"(-162.25, -12.50)",,,,
15:49:42:5364,"(-162.25, -12.50)",,,,
15:49:42:5930,"(-162.25, -12.50)",,,,
15:49:42:6389,"(-162.25, -12.50)",,,,
15:49:42:6808,"(-162.25, -12.50)",,,,
15:49:42:7205,"(-162.25, -12.50)",,,,
15:49:42:7581,"(-162.25, -12.50)",,,,
15:49:42:7939,"(-162.25, -12.50)",,,,
15:49:42:8298,"(-162.25, -12.50)",,,,
15:49:42:8656,"(-162.25, -12.50)",,,,
15:49:42:9060,"(-162.25, -12.50)",,,,
15:49:42:9451,"(-162.25, -12.50)",,,,
15:49:42:9857,"(-162.25, -12.50)",,,,
15:49:43:0251,"(-162.25, -12.50)",,,,
15:49:43:0604,"(-162.25, -12.50)",,,,
15:49:43:0956,"(-162.25, -12.50)",,,,
15:49:43:1320,"(-162.25, -12.50)",,,,
15:49:43:1704,"(-162.25, -12.50)",,,,
15:49:43:2089,"(-162.25, -12.50)",,,,
15:49:43:2624,"(-162.25, -12.50)",,,,
15:49:43:3132,"(-162.25, -12.50)",,,,
15:49:43:3606,"(-162.25, -12.50)",,,,
15:49:43:4054,"(-162.25, -12.50)",,,,
15:49:43:4455,"(-162.25, -12.50)",,,,
15:49:43:4813,"(-162.25, -12.50)",,,,
15:49:43:5168,"(-162.25, -12.50)",,,,
15:49:43:5538,"(-162.25, -12.50)",,,,
15:49:43:5932,"(-162.25, -12.50)",,,,
15:49:43:6366,"(-162.25, -12.50)",,,,
15:49:43:6774,"(-162.25, -12.50)",,,,
15:49:43:7156,"(-162.25, -12.50)",,,,
15:49:43:7532,"(-162.25, -12.50)",,,,
15:49:43:7898,"(-162.25, -12.50)",,,,
15:49:43:8332,"(-162.25, -12.50)",,,,
15:49:43:8751,"(-162.25, -12.50)",,,,
15:49:43:9143,"(-162.25, -12.50)",,,,
15:49:43:9525,"(-162.25, -12.50)",,,,
15:49:44:0011,"(-162.25, -12.50)",,,,
15:49:44:0551,"(-162.25, -12.50)",,,,
15:49:44:1251,"(-162.25, -12.50)",,,,
15:49:44:2295,"(-162.25, -12.50)",,,,
15:49:44:3146,"(-162.25, -12.50)",,,,
15:49:44:3689,"(-162.25, -12.50)",,,,
15:49:44:4232,"(-162.25, -12.50)",,,,
15:49:44:4741,"(-162.25, -12.50)",,,,
15:49:44:5223,"(-162.25, -12.50)",,,,
15:49:44:5631,"(-162.25, -12.50)",,,,
15:49:44:6043,"(-162.25, -12.50)",,,,
15:49:44:6450,"(-162.25, -12.50)",,,,
15:49:44:6857,"(-162.25, -12.50)",,,,
15:49:44:7373,"(-162.25, -12.50)",,,,
15:49:44:7968,"(-162.25, -12.50)",,,,
15:49:44:8381,"(-162.25, -12.50)",,,,
15:49:44:8780,"(-162.25, -12.50)",,,,
15:49:44:9194,"(-162.25, -12.50)",,,,
15:49:44:9594,"(-162.25, -12.50)",,,,
15:49:45:0006,"(-162.25, -12.50)",,,,
15:49:45:0395,"(-162.25, -12.50)",,,,
15:49:45:0822,"(-162.25, -12.50)",,,,
15:49:45:1215,"(-162.25, -12.50)",,,,
15:49:45:1617,"(-162.25, -12.50)",,,,
15:49:45:1995,"(-162.25, -12.50)",,,,
15:49:45:2420,"(-162.25, -12.50)",,,,
15:49:45:3121,"(-162.25, -12.50)",,,,
15:49:45:3688,"(-162.25, -12.50)",,,,
15:49:45:4547,"(-162.25, -12.50)",,,,
15:49:45:5676,"(-162.25, -12.50)",,,,
15:49:45:6673,"(-162.25, -12.50)",,,,
15:49:45:7105,"(-162.25, -12.50)",,,,
15:49:45:7526,"(-162.25, -12.50)",,,,
15:49:45:7940,"(-162.25, -12.50)",,,,
15:49:45:8361,"(-162.25, -12.50)",,,,
15:49:45:8848,"(-162.25, -12.50)",,,,
15:49:45:9599,"(-162.25, -12.50)",,,,
15:49:46:0273,"(-162.25, -12.50)",,,,
15:49:46:0789,"(-162.25, -12.50)",,,,
15:49:46:1437,"(-162.25, -12.50)",,,,
15:49:46:1910,"(-162.25, -12.50)",,,,
15:49:46:2330,"(-162.25, -12.50)",,,,
15:49:46:2839,"(-162.25, -12.50)",,,,
15:49:46:3348,"(-162.25, -12.50)",,,,
15:49:46:3875,"(-162.25, -12.50)",,,,
15:49:46:4351,"(-162.25, -12.50)",,,,
15:49:46:4801,"(-162.25, -12.50)",,,,
15:49:46:5207,"(-162.25, -12.50)",,,,
15:49:46:5606,"(-162.25, -12.50)",,,,
15:49:46:6045,"(-162.25, -12.50)",,,,
15:49:46:6549,"(-162.25, -12.50)",,,,
15:49:46:7010,"(-162.25, -12.50)",,,,
15:49:46:7477,"(-162.25, -12.50)",,,,
15:49:46:7968,"(-162.25, -12.50)",,,,
15:49:46:8441,"(-162.25, -12.50)",,,,
15:49:46:8898,"(-162.25, -12.50)",,,,
15:49:46:9361,"(-162.25, -12.50)",,,,
15:49:46:9826,"(-162.25, -12.50)",,,,
15:49:47:0285,"(-162.25, -12.50)",,,,
15:49:47:0762,"(-162.25, -12.50)",,,,
15:49:47:1305,"(-162.25, -12.50)",,,,
15:49:47:1822,"(-162.25, -12.50)",,,,
15:49:47:2304,"(-162.25, -12.50)",,,,
15:49:47:2867,"(-162.25, -12.50)",,,,
15:49:47:3489,"(-162.25, -12.50)",,,,
15:49:47:4168,"(-162.25, -12.50)",,,,
15:49:47:4841,"(-162.25, -12.50)",,,,
15:49:47:5431,"(-162.25, -12.50)",,,,
15:49:47:5941,"(-162.25, -12.50)",,,,
15:49:47:6423,"(-162.25, -12.50)",,,,
15:49:47:6886,"(-162.25, -12.50)",,,,
15:49:47:7383,"(-162.25, -12.50)",,,,
15:49:47:7895,"(-162.25, -12.50)",,,,
15:49:47:8401,"(-162.25, -12.50)",,,,
15:49:47:8891,"(-162.25, -12.50)",,,,
15:49:47:9364,"(-162.25, -12.50)",,,,
15:49:47:9838,"(-162.25, -12.50)",,,,
15:49:48:0301,"(-162.25, -12.50)",,,,
15:49:48:0758,"(-162.25, -12.50)",,,,
15:49:48:1223,"(-162.25, -12.50)",,,,
15:49:48:1689,"(-162.25, -12.50)",,,,
15:49:48:2173,"(-162.25, -12.50)",,,,
15:49:48:2689,"(-162.25, -12.50)",,,,
15:49:48:3320,"(-162.25, -12.50)",,,,
15:49:48:3956,"(-162.25, -12.50)",,,,
15:49:48:4568,"(-162.25, -12.50)",,,,
15:49:48:5049,"(-162.25, -12.50)",,,,
15:49:48:5521,"(-162.25, -12.50)",,,,
15:49:48:5979,"(-162.25, -12.50)",,,,
15:49:48:6427,"(-162.25, -12.50)",,,,
15:49:48:6912,"(-162.25, -12.50)",,,,
15:49:48:7392,"(-162.25, -12.50)",,,,
15:49:48:7891,"(-162.25, -12.50)",,,,
15:49:48:8396,"(-162.25, -12.50)",,,,
15:49:48:8914,"(-162.25, -12.50)",,,,
15:49:48:9439,"(-162.25, -12.50)",,,,
15:49:48:9954,"(-162.25, -12.50)",,,,
15:49:49:0437,"(-162.25, -12.50)",,,,
15:49:49:0883,"(-162.25, -12.50)",,,,
15:49:49:1391,"(-162.25, -12.50)",,,,
15:49:49:1869,"(-162.25, -12.50)",,,,
15:49:49:2330,"(-162.25, -12.50)",,,,
15:49:49:2797,"(-162.25, -12.50)",,,,
15:49:49:3403,"(-162.25, -12.50)",,,,
15:49:49:4012,"(-162.25, -12.50)",,,,
15:49:49:4625,"(-162.25, -12.50)",,,,
15:49:49:5222,"(-162.25, -12.50)",,,,
15:49:49:5801,"(-162.25, -12.50)",,,,
15:49:49:6270,"(-162.25, -12.50)",,,,
15:49:49:6739,"(-162.25, -12.50)",,,,
15:49:49:7202,"(-162.25, -12.50)",,,,
15:49:49:7686,"(-162.25, -12.50)",,,,
15:49:49:8185,"(-162.25, -12.50)",,,,
15:49:49:8675,"(-162.25, -12.50)",,,,
15:49:49:9183,"(-162.25, -12.50)",,,,
15:49:49:9678,"(-162.25, -12.50)",,,,
15:49:50:0169,"(-162.25, -12.50)",,,,
15:49:50:0715,"(-162.25, -12.50)",,,,
15:49:50:1257,"(-162.25, -12.50)",,,,
15:49:50:1859,"(-162.25, -12.50)",,,,
15:49:50:2550,"(-162.25, -12.50)",,,,
15:49:50:3621,"(-162.25, -12.50)",,,,
15:49:50:4276,"(-162.25, -12.50)",,,,
15:49:50:4939,"(-162.25, -12.50)",,,,
15:49:50:5585,"(-162.25, -12.50)",,,,
15:49:50:6059,"(-162.25, -12.50)",,,,
15:49:50:6558,"(-162.25, -12.50)",,,,
15:49:50:7050,"(-162.25, -12.50)",,,,
15:49:50:7531,"(-162.25, -12.50)",,,,
15:49:50:7986,"(-162.25, -12.50)",,,,
15:49:50:8455,"(-162.25, -12.50)",,,,
15:49:50:8929,"(-162.25, -12.50)",,,,
15:49:50:9406,"(-162.25, -12.50)",,,,
15:49:50:9905,"(-162.25, -12.50)",,,,
15:49:51:0393,"(-162.25, -12.50)",,,,
15:49:51:0876,"(-162.25, -12.50)",,,,
15:49:51:1347,"(-162.25, -12.50)",,,,
15:49:51:1809,"(-162.25, -12.50)",,,,
15:49:51:2302,"(-162.25, -12.50)",,,,
15:49:51:2767,"(-162.25, -12.50)",,,,
15:49:51:3322,"(-162.25, -12.50)",,,,
15:49:51:4033,"(-162.25, -12.50)",,,,
15:49:51:4793,"(-162.25, -12.50)",,,,
15:49:51:5405,"(-162.25, -12.50)",,,,
15:49:51:5903,"(-162.25, -12.50)",,,,
15:49:51:6370,"(-162.25, -12.50)",,,,
15:49:51:6835,"(-162.25, -12.50)",,,,
15:49:51:7298,"(-162.25, -12.50)",,,,
15:49:51:7758,"(-162.25, -12.50)",,,,
15:49:51:8213,"(-162.25, -12.50)",,,,
15:49:51:8649,"(-162.25, -12.50)",,,,
15:49:51:9124,"(-162.25, -12.50)",,,,
15:49:51:9622,"(-162.25, -12.50)",,,,
15:49:52:0063,"(-162.25, -12.50)",,,,
15:49:52:0532,"(-162.25, -12.50)",,,,
15:49:52:0982,"(-162.25, -12.50)",,,,
15:49:52:1447,"(-162.25, -12.50)",,,,
15:49:52:1919,"(-162.25, -12.50)",,,,
15:49:52:2385,"(-162.25, -12.50)",,,,
15:49:52:2847,"(-162.25, -12.50)",,,,
15:49:52:3422,"(-162.25, -12.50)",,,,
15:49:52:4065,"(-162.25, -12.50)",,,,
15:49:52:4646,"(-162.25, -12.50)",,,,
15:49:52:5227,"(-162.25, -12.50)",,,,
15:49:52:5703,"(-162.25, -12.50)",,,,
15:49:52:6157,"(-162.25, -12.50)",,,,
15:49:52:6624,"(-162.25, -12.50)",,,,
15:49:52:7087,"(-162.25, -12.50)",,,,
15:49:52:7554,"(-162.25, -12.50)",,,,
15:49:52:8012,"(-162.25, -12.50)",,,,
15:49:52:8470,"(-162.25, -12.50)",,,,
15:49:52:8924,"(-162.25, -12.50)",,,,
15:49:52:9393,"(-162.25, -12.50)",,,,
15:49:52:9863,"(-162.25, -12.50)",,,,
15:49:53:0327,"(-162.25, -12.50)",,,,
15:49:53:0787,"(-162.25, -12.50)",,,,
15:49:53:1255,"(-162.25, -12.50)",,,,
15:49:53:1719,"(-162.25, -12.50)",,,,
15:49:53:2216,"(-162.25, -12.50)",,,,
15:49:53:2721,"(-162.25, -12.50)",,,,
15:49:53:3273,"(-162.25, -12.50)",,,,
15:49:53:4038,"(-162.25, -12.50)",,,,
15:49:53:4884,"(-162.25, -12.50)",,,,
15:49:53:5626,"(-162.25, -12.50)",,,,
15:49:53:6415,"(-162.25, -12.50)",,,,
15:49:53:7161,"(-162.25, -12.50)",,,,
15:49:53:7691,"(-162.25, -12.50)",,,,
15:49:53:8173,"(-162.25, -12.50)",,,,
15:49:53:8662,"(-162.25, -12.50)",,,,
15:49:53:9197,"(-162.25, -12.50)",,,,
15:49:53:9704,"(-162.25, -12.50)",,,,
15:49:54:0201,"(-162.25, -12.50)",,,,
15:49:54:0725,"(-162.25, -12.50)",,,,
15:49:54:1215,"(-162.25, -12.50)",,,,
15:49:54:1681,"(-162.25, -12.50)",,,,
15:49:54:2138,"(-162.25, -12.50)",,,,
15:49:54:2650,"(-162.25, -12.50)",,,,
15:49:54:3156,"(-162.25, -12.50)",,,,
15:49:54:3878,"(-162.25, -12.50)",,,,
15:49:54:4606,"(-162.25, -12.50)",,,,
15:49:54:5329,"(-162.25, -12.50)",,,,
15:49:54:5903,"(-162.25, -12.50)",,,,
15:49:54:6384,"(-162.25, -12.50)",,,,
15:49:54:6863,"(-162.25, -12.50)",,,,
15:49:54:7363,"(-162.25, -12.50)",,,,
15:49:54:7904,"(-162.25, -12.50)",,,,
15:49:54:8408,"(-162.25, -12.50)",,,,
15:49:54:8864,"(-162.25, -12.50)",,,,
15:49:54:9409,"(-162.25, -12.50)",,,,
15:49:54:9957,"(-162.25, -12.50)",,,,
15:49:55:0566,"(-162.25, -12.50)",,,,
15:49:55:1256,"(-162.25, -12.50)",,,,
15:49:55:2029,"(-162.25, -12.50)",,,,
15:49:55:2505,"(-162.25, -12.50)",,,,
15:49:55:2989,"(-162.25, -12.50)",,,,
15:49:55:3460,"(-162.25, -12.50)",,,,
15:49:55:4035,"(-162.25, -12.50)",,,,
15:49:55:4628,"(-162.25, -12.50)",,,,
15:49:55:5279,"(-162.25, -12.50)",,,,
15:49:55:5939,"(-162.25, -12.50)",,,,
15:49:55:6496,"(-162.25, -12.50)",,,,
15:49:55:7158,"(0.00, 0.00)",,,,
