timestamp,PointerPosition,SubState,missionName,lastMissionState,missionEvent
15:27:11:6310,"(0.00, 0.00)",,W-50_S-1,,nextMission
15:27:14:8482,"(0.00, 0.00)",,,,
15:27:15:2132,"(0.00, 0.00)",,,,
15:27:15:2412,"(0.00, 0.00)",,,,
15:27:15:2518,"(0.00, 0.00)",,,,
15:27:15:2646,"(0.00, 0.00)",,,,
15:27:15:2750,"(0.00, 0.00)",,,,
15:27:15:2840,"(0.00, 0.00)",,,,
15:27:15:2924,"(0.00, 0.00)",,,,
15:27:15:3006,"(0.00, 0.00)",,,,
15:27:15:3093,"(0.00, 0.00)",,,,
15:27:15:3180,"(0.00, 0.00)",,,,
15:27:15:3274,"(0.00, 0.00)",,,,
15:27:15:3411,"(0.00, 0.00)",,,,
15:27:15:3504,"(0.00, 0.00)",,,,
15:27:15:3592,"(0.00, 0.00)",,,,
15:27:15:3701,"(0.00, 0.00)",,,,
15:27:15:3793,"(0.00, 0.00)",,,,
15:27:15:3876,"(0.00, 0.00)",,,,
15:27:15:4004,"(0.00, 0.00)",,,,
15:27:15:4091,"(0.00, 0.00)",,,,
15:27:15:4184,"(0.00, 0.00)",,,,
15:27:15:4277,"(0.00, 0.00)",,,,
15:27:15:4383,"(0.00, 0.00)",,,,
15:27:15:4474,"(0.00, 0.00)",,,,
15:27:15:4561,"(0.00, 0.00)",,,,
15:27:15:4663,"(0.00, 0.00)",,,,
15:27:15:4746,"(0.00, 0.00)",,,,
15:27:15:4827,"(0.00, 0.00)",,,,
15:27:15:4933,"(0.00, 0.00)",,,,
15:27:15:5026,"(0.00, 0.00)",,,,
15:27:15:5161,"(0.00, 0.00)",,,,
15:27:15:5278,"(0.00, 0.00)",,,,
15:27:15:5390,"(0.00, 0.00)",,,,
15:27:15:5517,"(0.00, 0.00)",,,,
15:27:15:5630,"(0.00, 0.00)",,,,
15:27:15:5751,"(0.00, 0.00)",,,,
15:27:15:5893,"(0.00, 0.00)",,,,
15:27:15:6065,"(0.00, 0.00)",,,,
15:27:15:6249,"(0.00, 0.00)",,,,
15:27:15:6432,"(0.00, 0.00)",,,,
15:27:15:6625,"(0.00, 0.00)",,,,
15:27:15:6781,"(0.00, 0.00)",,,,
15:27:15:6970,"(0.00, 0.00)",,,,
15:27:15:7127,"(0.00, 0.00)",,,,
15:27:15:7309,"(0.00, 0.00)",,,,
15:27:15:7482,"(0.00, 0.00)",,,,
15:27:15:7644,"(0.00, 0.00)",,,,
15:27:15:7836,"(0.00, 0.00)",,,,
15:27:15:8015,"(0.00, 0.00)",,,,
15:27:15:8192,"(0.00, 0.00)",,,,
15:27:15:8356,"(0.00, 0.00)",,,,
15:27:15:8506,"(0.00, 0.00)",,,,
15:27:15:8647,"(0.00, 0.00)",,,,
15:27:15:8808,"(0.00, 0.00)",,,,
15:27:15:8980,"(0.00, 0.00)",,,,
15:27:15:9142,"(0.00, 0.00)",,,,
15:27:15:9274,"(0.00, 0.00)",,,,
15:27:15:9438,"(0.00, 0.00)",,,,
15:27:15:9556,"(0.00, 0.00)",,,,
15:27:15:9672,"(0.00, 0.00)",,,,
15:27:15:9781,"(0.00, 0.00)",,,,
15:27:15:9883,"(0.00, 0.00)",,,,
15:27:16:0005,"(0.00, 0.00)",,,,
15:27:16:0111,"(0.00, 0.00)",,,,
15:27:16:0220,"(0.00, 0.00)",,,,
15:27:16:0346,"(0.00, 0.00)",,,,
15:27:16:0468,"(0.00, 0.00)",,,,
15:27:16:0579,"(0.00, 0.00)",,,,
15:27:16:0683,"(0.00, 0.00)",,,,
15:27:16:0809,"(0.00, 0.00)",,,,
15:27:16:0897,"(0.00, 0.00)",,,,
15:27:16:1028,"(0.00, 0.00)",,,,
15:27:16:1139,"(0.00, 0.00)",,,,
15:27:16:1246,"(0.00, 0.00)",,,,
15:27:16:1343,"(0.00, 0.00)",,,,
15:27:16:1444,"(0.00, 0.00)",,,,
15:27:16:1567,"(0.00, 0.00)",,,,
15:27:16:1680,"(0.00, 0.00)",,,,
15:27:16:1776,"(0.00, 0.00)",,,,
15:27:16:1871,"(0.00, 0.00)",,,,
15:27:16:1977,"(0.00, 0.00)",,,,
15:27:16:2088,"(0.00, 0.00)",,,,
15:27:16:2164,"(0.00, 0.00)",,,,
15:27:16:2239,"(0.00, 0.00)",,,,
15:27:16:2318,"(0.00, 0.00)",,,,
15:27:16:2394,"(0.00, 0.00)",,,,
15:27:16:2476,"(0.00, 0.00)",,,,
15:27:16:2558,"(0.00, 0.00)",,,,
15:27:16:2641,"(0.00, 0.00)",,,,
15:27:16:2712,"(0.00, 0.00)",,,,
15:27:16:2794,"(0.00, 0.00)",,,,
15:27:16:2869,"(0.00, 0.00)",,,,
15:27:16:2946,"(0.00, 0.00)",,,,
15:27:16:3030,"(0.00, 0.00)",,,,
15:27:16:3117,"(0.00, 0.00)",,,,
15:27:16:3192,"(0.00, 0.00)",,,,
15:27:16:3290,"(0.00, 0.00)",,,,
15:27:16:3369,"(0.00, 0.00)",,,,
15:27:16:3456,"(0.00, 0.00)",,,,
15:27:16:3537,"(0.00, 0.00)",,,,
15:27:16:3617,"(0.00, 0.00)",,,,
15:27:16:3690,"(0.00, 0.00)",,,,
15:27:16:3766,"(0.00, 0.00)",,,,
15:27:16:3855,"(0.00, 0.00)",,,,
15:27:16:3927,"(0.00, 0.00)",,,,
15:27:16:4019,"(0.00, 0.00)",,,,
15:27:16:4091,"(0.00, 0.00)",,,,
15:27:16:4172,"(0.00, 0.00)",,,,
15:27:16:4244,"(0.00, 0.00)",,,,
15:27:16:4332,"(0.00, 0.00)",,,,
15:27:16:4404,"(0.00, 0.00)",,,,
15:27:16:4491,"(0.00, 0.00)",,,,
15:27:16:4569,"(0.00, 0.00)",,,,
15:27:16:4662,"(0.00, 0.00)",,,,
15:27:16:4739,"(0.00, 0.00)",,,,
15:27:16:4805,"(0.00, 0.00)",,,,
15:27:16:4881,"(0.00, 0.00)",,,,
15:27:16:4979,"(0.00, 0.00)",,,,
15:27:16:5045,"(0.00, 0.00)",,,,
15:27:16:5123,"(0.00, 0.00)",,,,
15:27:16:5193,"(0.00, 0.00)",,,,
15:27:16:5291,"(0.00, 0.00)",,,,
15:27:16:5361,"(0.00, 0.00)",,,,
15:27:16:5461,"(0.00, 0.00)",,,,
15:27:16:5548,"(0.00, 0.00)",,,,
15:27:16:5639,"(0.00, 0.00)",,,,
15:27:16:5709,"(0.00, 0.00)",,,,
15:27:16:5801,"(0.00, 0.00)",,,,
15:27:16:5878,"(0.00, 0.00)",,,,
15:27:16:5999,"(0.00, 0.00)",,,,
15:27:16:6109,"(0.00, 0.00)",,,,
15:27:16:6241,"(0.00, 0.00)",,,,
15:27:16:6349,"(0.00, 0.00)",,,,
15:27:16:6478,"(0.00, 0.00)",,,,
15:27:16:6584,"(0.00, 0.00)",,,,
15:27:16:6706,"(0.00, 0.00)",,,,
15:27:16:6842,"(0.00, 0.00)",,,,
15:27:16:6964,"(0.00, 0.00)",,,,
15:27:16:7071,"(0.00, 0.00)",,,,
15:27:16:7189,"(0.00, 0.00)",,,,
15:27:16:7312,"(0.00, 0.00)",,,,
15:27:16:7428,"(0.00, 0.00)",,,,
15:27:16:7558,"(0.00, 0.00)",,,,
15:27:16:7681,"(0.00, 0.00)",,,,
15:27:16:7807,"(0.00, 0.00)",,,,
15:27:16:7924,"(0.00, 0.00)",,,,
15:27:16:8047,"(0.00, 0.00)",,,,
15:27:16:8182,"(0.00, 0.00)",,,,
15:27:16:8305,"(0.00, 0.00)",,,,
15:27:16:8431,"(0.00, 0.00)",,,,
15:27:16:8573,"(0.00, 0.00)",,,,
15:27:16:8678,"(0.00, 0.00)",,,,
15:27:16:8809,"(0.00, 0.00)",,,,
15:27:16:8931,"(0.00, 0.00)",,,,
15:27:16:9064,"(0.00, 0.00)",,,,
15:27:16:9212,"(0.00, 0.00)",,,,
15:27:16:9343,"(0.00, 0.00)",,,,
15:27:16:9470,"(0.00, 0.00)",,,,
15:27:16:9593,"(0.00, 0.00)",,,,
15:27:16:9716,"(0.00, 0.00)",,,,
15:27:16:9827,"(0.00, 0.00)",,,,
15:27:16:9948,"(0.00, 0.00)",,,,
15:27:17:0065,"(0.00, 0.00)",,,,
15:27:17:0200,"(0.00, 0.00)",,,,
15:27:17:0338,"(0.00, 0.00)",,,,
15:27:17:0482,"(0.00, 0.00)",,,,
15:27:17:0625,"(0.00, 0.00)",,,,
15:27:17:0768,"(0.00, 0.00)",,,,
15:27:17:0916,"(0.00, 0.00)",,,,
15:27:17:1028,"(0.00, 0.00)",,,,
15:27:17:1158,"(0.00, 0.00)",,,,
15:27:17:1281,"(0.00, 0.00)",,,,
15:27:17:1408,"(0.00, 0.00)",,,,
15:27:17:1534,"(0.00, 0.00)",,,,
15:27:17:1659,"(0.00, 0.00)",,,,
15:27:17:1792,"(0.00, 0.00)",,,,
15:27:17:1914,"(0.00, 0.00)",,,,
15:27:17:2031,"(0.00, 0.00)",,,,
15:27:17:2164,"(0.00, 0.00)",,,,
15:27:17:2276,"(0.00, 0.00)",,,,
15:27:17:2403,"(0.00, 0.00)",,,,
15:27:17:2528,"(0.00, 0.00)",,,,
15:27:17:2664,"(0.00, 0.00)",,,,
15:27:17:2735,"(0.00, 0.00)",,,,
15:27:17:2825,"(0.00, 0.00)",,,,
15:27:17:2935,"(0.00, 0.00)",,,,
15:27:17:3024,"(0.00, 0.00)",,,,
15:27:17:3116,"(0.00, 0.00)",,,,
15:27:17:3192,"(0.00, 0.00)",,,,
15:27:17:3279,"(0.00, 0.00)",,,,
15:27:17:3348,"(0.00, 0.00)",,,,
15:27:17:3440,"(0.00, 0.00)",,,,
15:27:17:3526,"(0.00, 0.00)",,,,
15:27:17:3618,"(0.00, 0.00)",,,,
15:27:17:3704,"(0.00, 0.00)",,,,
15:27:17:3793,"(0.00, 0.00)",,,,
15:27:17:3876,"(0.00, 0.00)",,,,
15:27:17:3962,"(0.00, 0.00)",,,,
15:27:17:4049,"(0.00, 0.00)",,,,
15:27:17:4128,"(0.00, 0.00)",,,,
15:27:17:4231,"(0.00, 0.00)",,,,
15:27:17:4323,"(0.00, 0.00)",,,,
15:27:17:4403,"(0.00, 0.00)",,,,
15:27:17:4493,"(0.00, 0.00)",,,,
15:27:17:4577,"(0.00, 0.00)",,,,
15:27:17:4674,"(0.00, 0.00)",,,,
15:27:17:4772,"(0.00, 0.00)",,,,
15:27:17:4853,"(0.00, 0.00)",,,,
15:27:17:4940,"(0.00, 0.00)",,,,
15:27:17:5026,"(0.00, 0.00)",,,,
15:27:17:5115,"(0.00, 0.00)",,,,
15:27:17:5212,"(0.00, 0.00)",,,,
15:27:17:5300,"(0.00, 0.00)",,,,
15:27:17:5371,"(0.00, 0.00)",,,,
15:27:17:5471,"(0.00, 0.00)",,,,
15:27:17:5568,"(0.00, 0.00)",,,,
15:27:17:5644,"(0.00, 0.00)",,,,
15:27:17:5751,"(0.00, 0.00)",,,,
15:27:17:5842,"(0.00, 0.00)",,,,
15:27:17:5928,"(0.00, 0.00)",,,,
15:27:17:6020,"(0.00, 0.00)",,,,
15:27:17:6158,"(0.00, 0.00)",,,,
15:27:17:6311,"(0.00, 0.00)",,,,
15:27:17:6476,"(0.00, 0.00)",,,,
15:27:17:6644,"(0.00, 0.00)",,,,
15:27:17:6859,"(0.00, 0.00)",,,,
15:27:17:7042,"(0.00, 0.00)",,,,
15:27:17:7199,"(0.00, 0.00)",,,,
15:27:17:7351,"(0.00, 0.00)",,,,
15:27:17:7529,"(0.00, 0.00)",,,,
15:27:17:7696,"(0.00, 0.00)",,,,
15:27:17:7869,"(0.00, 0.00)",,,,
15:27:17:8030,"(0.00, 0.00)",,,,
15:27:17:8192,"(0.00, 0.00)",,,,
15:27:17:8384,"(0.00, 0.00)",,,,
15:27:17:8561,"(0.00, 0.00)",,,,
15:27:17:8724,"(0.00, 0.00)",,,,
15:27:17:8891,"(0.00, 0.00)",,,,
15:27:17:9053,"(0.00, 0.00)",,,,
15:27:17:9230,"(0.00, 0.00)",,,,
15:27:17:9362,"(0.00, 0.00)",,,,
15:27:17:9504,"(0.00, 0.00)",,,,
15:27:17:9647,"(0.00, 0.00)",,,,
15:27:17:9779,"(0.00, 0.00)",,,,
15:27:17:9948,"(0.00, 0.00)",,,,
15:27:18:0090,"(0.00, 0.00)",,,,
15:27:18:0268,"(0.00, 0.00)",,,,
15:27:18:0417,"(0.00, 0.00)",,,,
15:27:18:0564,"(0.00, 0.00)",,,,
15:27:18:0699,"(0.00, 0.00)",,,,
15:27:18:0843,"(0.00, 0.00)",,,,
15:27:18:1019,"(0.00, 0.00)",,,,
15:27:18:1166,"(0.00, 0.00)",,,,
15:27:18:1307,"(0.00, 0.00)",,,,
15:27:18:1470,"(0.00, 0.00)",,,,
15:27:18:1607,"(0.00, 0.00)",,,,
15:27:18:1766,"(0.00, 0.00)",,,,
15:27:18:1918,"(0.00, 0.00)",,,,
15:27:18:2071,"(0.00, 0.00)",,,,
15:27:18:2213,"(0.00, 0.00)",,,,
15:27:18:2375,"(0.00, 0.00)",,,,
15:27:18:2514,"(0.00, 0.00)",,,,
15:27:18:2641,"(0.00, 0.00)",,,,
15:27:18:2742,"(0.00, 0.00)",,,,
15:27:18:2854,"(0.00, 0.00)",,,,
15:27:18:2978,"(0.00, 0.00)",,,,
15:27:18:3084,"(0.00, 0.00)",,,,
15:27:18:3191,"(0.00, 0.00)",,,,
15:27:18:3308,"(0.00, 0.00)",,,,
15:27:18:3403,"(0.00, 0.00)",,,,
15:27:18:3539,"(0.00, 0.00)",,,,
15:27:18:3655,"(0.00, 0.00)",,,,
15:27:18:3801,"(0.00, 0.00)",,,,
15:27:18:3977,"(0.00, 0.00)",,,,
15:27:18:4102,"(0.00, 0.00)",,,,
15:27:18:4230,"(0.00, 0.00)",,,,
15:27:18:4318,"(0.00, 0.00)",,,,
15:27:18:4415,"(0.00, 0.00)",,,,
15:27:18:4528,"(0.00, 0.00)",,,,
15:27:18:4612,"(0.00, 0.00)",,,,
15:27:18:4692,"(0.00, 0.00)",,,,
15:27:18:4769,"(0.00, 0.00)",,,,
15:27:18:4846,"(0.00, 0.00)",,,,
15:27:18:4935,"(0.00, 0.00)",,,,
15:27:18:5012,"(0.00, 0.00)",,,,
15:27:18:5101,"(0.00, 0.00)",,,,
15:27:18:5187,"(0.00, 0.00)",,,,
15:27:18:5264,"(0.00, 0.00)",,,,
15:27:18:5383,"(0.00, 0.00)",,,,
15:27:18:5473,"(0.00, 0.00)",,,,
15:27:18:5571,"(0.00, 0.00)",,,,
15:27:18:5656,"(0.00, 0.00)",,,,
15:27:18:5742,"(0.00, 0.00)",,,,
15:27:18:5828,"(0.00, 0.00)",,,,
15:27:18:5919,"(0.00, 0.00)",,,,
15:27:18:6020,"(0.00, 0.00)",,,,
15:27:18:6132,"(0.00, 0.00)",,,,
15:27:18:6311,"(0.00, 0.00)",,,,
15:27:18:6459,"(0.00, 0.00)",,,,
15:27:18:6667,"(0.00, 0.00)",,,,
15:27:18:6862,"(0.00, 0.00)",,,,
15:27:18:6975,"(0.00, 0.00)",,,,
15:27:18:7106,"(0.00, 0.00)",,,,
15:27:18:7232,"(0.00, 0.00)",,,,
15:27:18:7354,"(0.00, 0.00)",,,,
15:27:18:7477,"(0.00, 0.00)",,,,
15:27:18:7594,"(0.00, 0.00)",,,,
15:27:18:7721,"(0.00, 0.00)",,,,
15:27:18:7842,"(0.00, 0.00)",,,,
15:27:18:7975,"(0.00, 0.00)",,,,
15:27:18:8096,"(0.00, 0.00)",,,,
15:27:18:8238,"(0.00, 0.00)",,,,
15:27:18:8401,"(0.00, 0.00)",,,,
15:27:18:8528,"(0.00, 0.00)",,,,
15:27:18:8708,"(0.00, 0.00)",,,,
15:27:18:8854,"(0.00, 0.00)",,,,
15:27:18:9002,"(0.00, 0.00)",,,,
15:27:18:9156,"(0.00, 0.00)",,,,
15:27:18:9362,"(0.00, 0.00)",,,,
15:27:18:9530,"(0.00, 0.00)",,,,
15:27:18:9682,"(0.00, 0.00)",,,,
15:27:18:9921,"(0.00, 0.00)",,,,
15:27:19:0047,"(0.00, 0.00)",,,,
15:27:19:0191,"(0.00, 0.00)",,,,
15:27:19:0393,"(0.00, 0.00)",,,,
15:27:19:0525,"(0.00, 0.00)",,,,
15:27:19:0646,"(0.00, 0.00)",,,,
15:27:19:0799,"(0.00, 0.00)",,,,
15:27:19:0944,"(0.00, 0.00)",,,,
15:27:19:1126,"(0.00, 0.00)",,,,
15:27:19:1294,"(0.00, 0.00)",,,,
15:27:19:1513,"(0.00, 0.00)",,,,
15:27:19:1675,"(0.00, 0.00)",,,,
15:27:19:1793,"(0.00, 0.00)",,,,
15:27:19:1905,"(0.00, 0.00)",,,,
15:27:19:2005,"(0.00, 0.00)",,,,
15:27:19:2126,"(0.00, 0.00)",,,,
15:27:19:2238,"(0.00, 0.00)",,,,
15:27:19:2350,"(0.00, 0.00)",,,,
15:27:19:2448,"(0.00, 0.00)",,,,
15:27:19:2564,"(0.00, 0.00)",,,,
15:27:19:2664,"(0.00, 0.00)",,,,
15:27:19:2773,"(0.00, 0.00)",,,,
15:27:19:2886,"(0.00, 0.00)",,,,
15:27:19:3056,"(0.00, 0.00)",,,,
15:27:19:3162,"(0.00, 0.00)",,,,
15:27:19:3331,"(0.00, 0.00)",,,,
15:27:19:3443,"(0.00, 0.00)",,,,
15:27:19:3576,"(0.00, 0.00)",,,,
15:27:19:3673,"(0.00, 0.00)",,,,
15:27:19:3819,"(0.00, 0.00)",,,,
15:27:19:3914,"(0.00, 0.00)",,,,
15:27:19:4005,"(0.00, 0.00)",,,,
15:27:19:4091,"(0.00, 0.00)",,,,
15:27:19:4211,"(0.00, 0.00)",,,,
15:27:19:4318,"(0.00, 0.00)",,,,
15:27:19:4426,"(0.00, 0.00)",,,,
15:27:19:4508,"(0.00, 0.00)",,,,
15:27:19:4597,"(0.00, 0.00)",,,,
15:27:19:4679,"(0.00, 0.00)",,,,
15:27:19:4761,"(0.00, 0.00)",,,,
15:27:19:4843,"(0.00, 0.00)",,,,
15:27:19:4935,"(0.00, 0.00)",,,,
15:27:19:5012,"(0.00, 0.00)",,,,
15:27:19:5103,"(0.00, 0.00)",,,,
15:27:19:5197,"(0.00, 0.00)",,,,
15:27:19:5289,"(0.00, 0.00)",,,,
15:27:19:5382,"(0.00, 0.00)",,,,
15:27:19:5466,"(0.00, 0.00)",,,,
15:27:19:5559,"(0.00, 0.00)",,,,
15:27:19:5637,"(0.00, 0.00)",,,,
15:27:19:5717,"(0.00, 0.00)",,,,
15:27:19:5817,"(0.00, 0.00)",,,,
15:27:19:5894,"(0.00, 0.00)",,,,
15:27:19:5977,"(0.00, 0.00)",,,,
15:27:19:6074,"(0.00, 0.00)",,,,
15:27:19:6156,"(0.00, 0.00)",,,,
15:27:19:6235,"(0.00, 0.00)",,,,
15:27:19:6372,"(0.00, 0.00)",,,,
15:27:19:6513,"(0.00, 0.00)",,,,
15:27:19:9768,"(0.00, 0.00)",,,,
15:27:20:1624,"(0.00, 0.00)",,,,
15:27:20:1940,"(0.00, 0.00)",,,,
15:27:20:2309,"(0.00, 0.00)",,,,
15:27:20:2468,"(0.00, 0.00)",,,,
15:27:20:2733,"(0.00, 0.00)",,,,
15:27:20:2873,"(0.00, 0.00)",,,,
15:27:20:3023,"(0.00, 0.00)",,,,
15:27:20:3108,"(0.00, 0.00)",,,,
15:27:20:3205,"(0.00, 0.00)",,,,
15:27:20:3296,"(0.00, 0.00)",,,,
15:27:20:3391,"(0.00, 0.00)",,,,
15:27:20:3481,"(0.00, 0.00)",,,,
15:27:20:3569,"(0.00, 0.00)",,,,
15:27:20:3650,"(0.00, 0.00)",,,,
15:27:20:3747,"(0.00, 0.00)",,,,
15:27:20:3828,"(0.00, 0.00)",,,,
15:27:20:3925,"(0.00, 0.00)",,,,
15:27:20:4006,"(0.00, 0.00)",,,,
15:27:20:4093,"(0.00, 0.00)",,,,
15:27:20:4175,"(0.00, 0.00)",,,,
15:27:20:4270,"(0.00, 0.00)",,,,
15:27:20:4357,"(0.00, 0.00)",,,,
15:27:20:4454,"(0.00, 0.00)",,,,
15:27:20:4545,"(0.00, 0.00)",,,,
15:27:20:4644,"(0.00, 0.00)",,,,
15:27:20:4727,"(0.00, 0.00)",,,,
15:27:20:4820,"(0.00, 0.00)",,,,
15:27:20:4903,"(0.00, 0.00)",,,,
15:27:20:5002,"(0.00, 0.00)",,,,
15:27:20:5095,"(0.00, 0.00)",,,,
15:27:20:5187,"(0.00, 0.00)",,,,
15:27:20:5270,"(0.00, 0.00)",,,,
15:27:20:5369,"(0.00, 0.00)",,,,
15:27:20:5459,"(0.00, 0.00)",,,,
15:27:20:5550,"(0.00, 0.00)",,,,
15:27:20:5647,"(0.00, 0.00)",,,,
15:27:20:5729,"(0.00, 0.00)",,,,
15:27:20:5823,"(0.00, 0.00)",,,,
15:27:20:5922,"(0.00, 0.00)",,,,
15:27:20:6015,"(0.00, 0.00)",,,,
15:27:20:6102,"(0.00, 0.00)",,,,
15:27:20:6194,"(0.00, 0.00)",,,,
15:27:20:6325,"(0.00, 0.00)",,,,
15:27:20:6684,"(0.00, 0.00)",,,,
15:27:20:7131,"(0.00, 0.00)",,,,
15:27:20:7345,"(0.00, 0.00)",,,,
15:27:20:7496,"(0.00, 0.00)",,,,
15:27:20:7647,"(0.00, 0.00)",,,,
15:27:20:7817,"(0.00, 0.00)",,,,
15:27:20:7966,"(0.00, 0.00)",,,,
15:27:20:8148,"(0.00, 0.00)",,,,
15:27:20:8323,"(0.00, 0.00)",,,,
15:27:20:8470,"(0.00, 0.00)",,,,
15:27:20:8634,"(0.00, 0.00)",,,,
15:27:20:8779,"(0.00, 0.00)",,,,
15:27:20:8936,"(0.00, 0.00)",,,,
15:27:20:9089,"(0.00, 0.00)",,,,
15:27:20:9246,"(0.00, 0.00)",,,,
15:27:20:9441,"(0.00, 0.00)",,,,
15:27:20:9628,"(0.00, 0.00)",,,,
15:27:20:9826,"(0.00, 0.00)",,,,
15:27:20:9967,"(0.00, 0.00)",,,,
15:27:21:0100,"(0.00, 0.00)",,,,
15:27:21:0206,"(0.00, 0.00)",,,,
15:27:21:0292,"(0.00, 0.00)",,,,
15:27:21:0383,"(0.00, 0.00)",,,,
15:27:21:0479,"(0.00, 0.00)",,,,
15:27:21:0569,"(0.00, 0.00)",,,,
15:27:21:0660,"(0.00, 0.00)",,,,
15:27:21:0756,"(0.00, 0.00)",,,,
15:27:21:0846,"(0.00, 0.00)",,,,
15:27:21:0947,"(0.00, 0.00)",,,,
15:27:21:1042,"(0.00, 0.00)",,,,
15:27:21:1128,"(0.00, 0.00)",,,,
15:27:21:1223,"(0.00, 0.00)",,,,
15:27:21:1314,"(0.00, 0.00)",,,,
15:27:21:1403,"(0.00, 0.00)",,,,
15:27:21:1498,"(0.00, 0.00)",,,,
15:27:21:1599,"(0.00, 0.00)",,,,
15:27:21:1715,"(0.00, 0.00)",,,,
15:27:21:1806,"(0.00, 0.00)",,,,
15:27:21:1898,"(0.00, 0.00)",,,,
15:27:21:1984,"(0.00, 0.00)",,,,
15:27:21:2066,"(0.00, 0.00)",,,,
15:27:21:2165,"(0.00, 0.00)",,,,
15:27:21:2292,"(0.00, 0.00)",,,,
15:27:21:2423,"(0.00, 0.00)",,,,
15:27:21:2542,"(0.00, 0.00)",,,,
15:27:21:2658,"(0.00, 0.00)",,,,
15:27:21:2744,"(0.00, 0.00)",,,,
15:27:21:2869,"(0.00, 0.00)",,,,
15:27:21:2990,"(0.00, 0.00)",,,,
15:27:21:3109,"(0.00, 0.00)",,,,
15:27:21:3225,"(0.00, 0.00)",,,,
15:27:21:3335,"(0.00, 0.00)",,,,
15:27:21:3456,"(0.00, 0.00)",,,,
15:27:21:3563,"(0.00, 0.00)",,,,
15:27:21:3665,"(0.00, 0.00)",,,,
15:27:21:3777,"(0.00, 0.00)",,,,
15:27:21:3896,"(0.00, 0.00)",,,,
15:27:21:3993,"(0.00, 0.00)",,,,
15:27:21:4119,"(0.00, 0.00)",,,,
15:27:21:4225,"(0.00, 0.00)",,,,
15:27:21:4353,"(0.00, 0.00)",,,,
15:27:21:4451,"(0.00, 0.00)",,,,
15:27:21:4569,"(0.00, 0.00)",,,,
15:27:21:4674,"(0.00, 0.00)",,,,
15:27:21:4784,"(0.00, 0.00)",,,,
15:27:21:4901,"(0.00, 0.00)",,,,
15:27:21:5007,"(0.00, 0.00)",,,,
15:27:21:5146,"(0.00, 0.00)",,,,
15:27:21:5296,"(0.00, 0.00)",,,,
15:27:21:5451,"(0.00, 0.00)",,,,
15:27:21:5614,"(0.00, 0.00)",,,,
15:27:21:5761,"(0.00, 0.00)",,,,
15:27:21:6074,"(0.00, 0.00)",,,,
15:27:21:6229,"(0.00, 0.00)",,,,
15:27:21:6346,"(0.00, 0.00)",,,,
15:27:21:6691,"(0.00, 0.00)",,,,
15:27:21:6894,"(0.00, 0.00)",,,,
15:27:21:7081,"(0.00, 0.00)",,,,
15:27:21:7233,"(0.00, 0.00)",,,,
15:27:21:7380,"(0.00, 0.00)",,,,
15:27:21:7542,"(0.00, 0.00)",,,,
15:27:21:7713,"(0.00, 0.00)",,,,
15:27:21:7905,"(0.00, 0.00)",,,,
15:27:21:8060,"(0.00, 0.00)",,,,
15:27:21:8253,"(0.00, 0.00)",,,,
15:27:21:8705,"(0.00, 0.00)",,,,
15:27:21:9171,"(0.00, 0.00)",,,,
15:27:21:9603,"(0.00, 0.00)",,,,
15:27:21:9866,"(0.00, 0.00)",,,,
15:27:22:0089,"(0.00, 0.00)",,,,
15:27:22:0262,"(0.00, 0.00)",,,,
15:27:22:0428,"(0.00, 0.00)",,,,
15:27:22:0676,"(0.00, 0.00)",,,,
15:27:22:0895,"(0.00, 0.00)",,,,
15:27:22:1053,"(0.00, 0.00)",,,,
15:27:22:1238,"(0.00, 0.00)",,,,
15:27:22:1415,"(0.00, 0.00)",,,,
15:27:22:1580,"(0.00, 0.00)",,,,
15:27:22:1745,"(0.00, 0.00)",,,,
15:27:22:1926,"(0.00, 0.00)",,,,
15:27:22:2104,"(0.00, 0.00)",,,,
15:27:22:2225,"(0.00, 0.00)",,,,
15:27:22:2340,"(0.00, 0.00)",,,,
15:27:22:2427,"(0.00, 0.00)",,,,
15:27:22:2524,"(0.00, 0.00)",,,,
15:27:22:2633,"(0.00, 0.00)",,,,
15:27:22:2747,"(0.00, 0.00)",,,,
15:27:22:2838,"(0.00, 0.00)",,,,
15:27:22:2938,"(0.00, 0.00)",,,,
15:27:22:3045,"(0.00, 0.00)",,,,
15:27:22:3125,"(0.00, 0.00)",,,,
15:27:22:3221,"(0.00, 0.00)",,,,
15:27:22:3317,"(0.00, 0.00)",,,,
15:27:22:3418,"(0.00, 0.00)",,,,
15:27:22:3518,"(0.00, 0.00)",,,,
15:27:22:3625,"(0.00, 0.00)",,,,
15:27:22:3720,"(0.00, 0.00)",,,,
15:27:22:3816,"(0.00, 0.00)",,,,
15:27:22:3906,"(0.00, 0.00)",,,,
15:27:22:4017,"(0.00, 0.00)",,,,
15:27:22:4105,"(0.00, 0.00)",,,,
15:27:22:4212,"(0.00, 0.00)",,,,
15:27:22:4308,"(0.00, 0.00)",,,,
15:27:22:4394,"(0.00, 0.00)",,,,
15:27:22:4493,"(0.00, 0.00)",,,,
15:27:22:4591,"(0.00, 0.00)",,,,
15:27:22:4689,"(0.00, 0.00)",,,,
15:27:22:4790,"(0.00, 0.00)",,,,
15:27:22:4892,"(0.00, 0.00)",,,,
15:27:22:4985,"(0.00, 0.00)",,,,
15:27:22:5081,"(0.00, 0.00)",,,,
15:27:22:5173,"(0.00, 0.00)",,,,
15:27:22:5280,"(0.00, 0.00)",,,,
15:27:22:5394,"(0.00, 0.00)",,,,
15:27:22:5493,"(0.00, 0.00)",,,,
15:27:22:5594,"(0.00, 0.00)",,,,
15:27:22:5690,"(0.00, 0.00)",,,,
15:27:22:5792,"(0.00, 0.00)",,,,
15:27:22:5879,"(0.00, 0.00)",,,,
15:27:22:5993,"(0.00, 0.00)",,,,
15:27:22:6088,"(0.00, 0.00)",,,,
15:27:22:6181,"(0.00, 0.00)",,,,
15:27:22:6289,"(0.00, 0.00)",,,,
15:27:22:6381,"(0.00, 0.00)",,,,
15:27:22:6473,"(0.00, 0.00)",,,,
15:27:22:6566,"(0.00, 0.00)",,,,
15:27:22:6732,"(0.00, 0.00)",,,,
15:27:22:6879,"(0.00, 0.00)",,,,
15:27:22:7019,"(0.00, 0.00)",,,,
15:27:22:7212,"(0.00, 0.00)",,,,
15:27:22:7349,"(0.00, 0.00)",,,,
15:27:22:7480,"(0.00, 0.00)",,,,
15:27:22:7664,"(0.00, 0.00)",,,,
15:27:22:7876,"(0.00, 0.00)",,,,
15:27:22:8058,"(0.00, 0.00)",,,,
15:27:22:8224,"(0.00, 0.00)",,,,
15:27:22:8396,"(0.00, 0.00)",,,,
15:27:22:8542,"(0.00, 0.00)",,,,
15:27:22:8683,"(0.00, 0.00)",,,,
15:27:22:8824,"(0.00, 0.00)",,,,
15:27:22:8965,"(0.00, 0.00)",,,,
15:27:22:9116,"(0.00, 0.00)",,,,
15:27:22:9292,"(0.00, 0.00)",,,,
15:27:22:9442,"(0.00, 0.00)",,,,
15:27:22:9604,"(0.00, 0.00)",,,,
15:27:22:9786,"(0.00, 0.00)",,,,
15:27:23:0007,"(0.00, 0.00)",,,,
15:27:23:0253,"(0.00, 0.00)",,,,
15:27:23:0553,"(0.00, 0.00)",,,,
15:27:23:0752,"(0.00, 0.00)",,,,
15:27:23:0926,"(0.00, 0.00)",,,,
15:27:23:1087,"(0.00, 0.00)",,,,
15:27:23:1204,"(0.00, 0.00)",,,,
15:27:23:1294,"(0.00, 0.00)",,,,
15:27:23:1394,"(0.00, 0.00)",,,,
15:27:23:1505,"(0.00, 0.00)",,,,
15:27:23:1601,"(0.00, 0.00)",,,,
15:27:23:1698,"(0.00, 0.00)",,,,
15:27:23:1802,"(0.00, 0.00)",,,,
15:27:23:1905,"(0.00, 0.00)",,,,
15:27:23:2004,"(0.00, 0.00)",,,,
15:27:23:2102,"(0.00, 0.00)",,,,
15:27:23:2195,"(0.00, 0.00)",,,,
15:27:23:2300,"(0.00, 0.00)",,,,
15:27:23:2409,"(0.00, 0.00)",,,,
15:27:23:2500,"(0.00, 0.00)",,,,
15:27:23:2601,"(0.00, 0.00)",,,,
15:27:23:2718,"(0.00, 0.00)",,,,
15:27:23:2806,"(0.00, 0.00)",,,,
15:27:23:2908,"(0.00, 0.00)",,,,
15:27:23:3012,"(0.00, 0.00)",,,,
15:27:23:3108,"(0.00, 0.00)",,,,
15:27:23:3217,"(0.00, 0.00)",,,,
15:27:23:3309,"(0.00, 0.00)",,,,
15:27:23:3411,"(0.00, 0.00)",,,,
15:27:23:3519,"(0.00, 0.00)",,,,
15:27:23:3616,"(0.00, 0.00)",,,,
15:27:23:3716,"(0.00, 0.00)",,,,
15:27:23:3817,"(0.00, 0.00)",,,,
15:27:23:3919,"(0.00, 0.00)",,,,
15:27:23:4007,"(0.00, 0.00)",,,,
15:27:23:4116,"(0.00, 0.00)",,,,
15:27:23:4220,"(0.00, 0.00)",,,,
15:27:23:4324,"(0.00, 0.00)",,,,
15:27:23:4414,"(0.00, 0.00)",,,,
15:27:23:4527,"(0.00, 0.00)",,,,
15:27:23:4625,"(0.00, 0.00)",,,,
15:27:23:4718,"(0.00, 0.00)",,,,
15:27:23:4821,"(0.00, 0.00)",,,,
15:27:23:4919,"(0.00, 0.00)",,,,
15:27:23:5019,"(0.00, 0.00)",,,,
15:27:23:5125,"(0.00, 0.00)",,,,
15:27:23:5228,"(0.00, 0.00)",,,,
15:27:23:5330,"(0.00, 0.00)",,,,
15:27:23:5429,"(0.00, 0.00)",,,,
15:27:23:5542,"(0.00, 0.00)",,,,
15:27:23:5648,"(0.00, 0.00)",,,,
15:27:23:5770,"(0.00, 0.00)",,,,
15:27:23:5892,"(0.00, 0.00)",,,,
15:27:23:5993,"(0.00, 0.00)",,,,
15:27:23:6123,"(0.00, 0.00)",,,,
15:27:23:6234,"(0.00, 0.00)",,,,
15:27:23:6372,"(0.00, 0.00)",,,,
15:27:23:6505,"(0.00, 0.00)",,,,
15:27:23:6649,"(0.00, 0.00)",,,,
15:27:23:6821,"(0.00, 0.00)",,,,
15:27:23:7035,"(0.00, 0.00)",,,,
15:27:23:7190,"(0.00, 0.00)",,,,
15:27:23:7376,"(0.00, 0.00)",,,,
15:27:23:7540,"(0.00, 0.00)",,,,
15:27:23:7707,"(0.00, 0.00)",,,,
15:27:23:7877,"(0.00, 0.00)",,,,
15:27:23:8054,"(0.00, 0.00)",,,,
15:27:23:8218,"(0.00, 0.00)",,,,
15:27:23:8405,"(0.00, 0.00)",,,,
15:27:23:8577,"(0.00, 0.00)",,,,
15:27:23:8744,"(0.00, 0.00)",,,,
15:27:23:8944,"(0.00, 0.00)",,,,
15:27:23:9124,"(0.00, 0.00)",,,,
15:27:23:9346,"(0.00, 0.00)",,,,
15:27:23:9523,"(0.00, 0.00)",,,,
15:27:23:9762,"(0.00, 0.00)",,,,
15:27:23:9965,"(0.00, 0.00)",,,,
15:27:24:0123,"(0.00, 0.00)",,,,
15:27:24:0269,"(0.00, 0.00)",,,,
15:27:24:0427,"(0.00, 0.00)",,,,
15:27:24:0569,"(0.00, 0.00)",,,,
15:27:24:0723,"(0.00, 0.00)",,,,
15:27:24:0884,"(0.00, 0.00)",,,,
15:27:24:1031,"(0.00, 0.00)",,,,
15:27:24:1177,"(0.00, 0.00)",,,,
15:27:24:1310,"(0.00, 0.00)",,,,
15:27:24:1469,"(0.00, 0.00)",,,,
15:27:24:1628,"(0.00, 0.00)",,,,
15:27:24:1764,"(0.00, 0.00)",,,,
15:27:24:1927,"(0.00, 0.00)",,,,
15:27:24:2080,"(0.00, 0.00)",,,,
15:27:24:2230,"(0.00, 0.00)",,,,
15:27:24:2418,"(0.00, 0.00)",,,,
15:27:24:2599,"(0.00, 0.00)",,,,
15:27:24:2838,"(0.00, 0.00)",,,,
15:27:24:2991,"(0.00, 0.00)",,,,
15:27:24:3117,"(0.00, 0.00)",,,,
15:27:24:3232,"(0.00, 0.00)",,,,
15:27:24:3369,"(0.00, 0.00)",,,,
15:27:24:3476,"(0.00, 0.00)",,,,
15:27:24:3572,"(0.00, 0.00)",,,,
15:27:24:3689,"(0.00, 0.00)",,,,
15:27:24:3792,"(0.00, 0.00)",,,,
15:27:24:3895,"(0.00, 0.00)",,,,
15:27:24:4010,"(0.00, 0.00)",,,,
15:27:24:4107,"(0.00, 0.00)",,,,
15:27:24:4208,"(0.00, 0.00)",,,,
15:27:24:4336,"(0.00, 0.00)",,,,
15:27:24:4433,"(0.00, 0.00)",,,,
15:27:24:4536,"(0.00, 0.00)",,,,
15:27:24:4691,"(0.00, 0.00)",,,,
15:27:24:4833,"(0.00, 0.00)",,,,
15:27:24:4974,"(0.00, 0.00)",,,,
15:27:24:5104,"(0.00, 0.00)",,,,
15:27:24:5228,"(0.00, 0.00)",,,,
15:27:24:5359,"(0.00, 0.00)",,,,
15:27:24:5506,"(0.00, 0.00)",,,,
15:27:24:5608,"(0.00, 0.00)",,,,
15:27:24:5745,"(0.00, 0.00)",,,,
15:27:24:5892,"(0.00, 0.00)",,,,
15:27:24:6048,"(0.00, 0.00)",,,,
15:27:24:6180,"(0.00, 0.00)",,,,
15:27:24:6319,"(0.00, 0.00)",,,,
15:27:24:6436,"(0.00, 0.00)",,,,
15:27:24:6559,"(0.00, 0.00)",,,,
15:27:24:6671,"(0.00, 0.00)",,,,
15:27:24:6796,"(0.00, 0.00)",,,,
15:27:24:6940,"(0.00, 0.00)",,,,
15:27:24:7091,"(0.00, 0.00)",,,,
15:27:24:7248,"(0.00, 0.00)",,,,
15:27:24:7400,"(0.00, 0.00)",,,,
15:27:24:7548,"(0.00, 0.00)",,,,
15:27:24:8151,"(-54.25, 94.50)",,,,
15:27:24:8343,"(-54.25, 94.50)",,,,
15:27:24:8507,"(-54.25, 94.50)",,,,
15:27:24:8719,"(-54.25, 94.50)",,,,
15:27:24:8902,"(-54.25, 94.50)",,,,
15:27:24:9110,"(-54.25, 94.50)",,,,
15:27:24:9264,"(-54.25, 94.50)",,,,
15:27:24:9423,"(-54.25, 94.50)",,,,
15:27:24:9620,"(-54.25, 89.50)",,,,
15:27:24:9807,"(-56.25, 67.50)",,,,
15:27:24:9979,"(-66.25, 39.50)",,,,
15:27:25:0177,"(-79.25, 4.50)",,,,
15:27:25:0369,"(-84.25, -10.50)",,,,
15:27:25:0546,"(-84.25, -22.50)",,,,
15:27:25:0724,"(-84.25, -22.50)",,,,
15:27:25:0934,"(-84.25, -25.50)",,,,
15:27:25:1085,"(-84.25, -25.50)",,,,
15:27:25:1262,"(-84.25, -30.50)",,,,
15:27:25:1419,"(-84.25, -30.50)",,,,
15:27:25:1552,"(-84.25, -32.50)",,,,
15:27:25:1713,"(-84.25, -32.50)",,,,
15:27:25:1856,"(-84.25, -32.50)",,,,
15:27:25:1966,"(-84.25, -32.50)",,,,
15:27:25:2078,"(-84.25, -32.50)",,,,
15:27:25:2206,"(-84.25, -35.50)",,,,
15:27:25:2383,"(-84.25, -42.50)",,,,
15:27:25:2506,"(-84.25, -47.50)",,,,
15:27:25:2639,"(-84.25, -50.50)",,,,
15:27:25:2737,"(-84.25, -50.50)",,,,
15:27:25:2855,"(-84.25, -50.50)",,,,
15:27:25:2955,"(-84.25, -50.50)",,,,
15:27:25:3064,"(-84.25, -50.50)",,,,
15:27:25:3192,"(-84.25, -50.50)",,,,
15:27:25:3290,"(-84.25, -50.50)",,,,
15:27:25:3398,"(-84.25, -50.50)",,,,
15:27:25:3516,"(-84.25, -50.50)",,,,
15:27:25:3618,"(-84.25, -50.50)",,,,
15:27:25:3725,"(-84.25, -50.50)",,,,
15:27:25:3917,"(-84.25, -50.50)",,,,
15:27:25:4058,"(-84.25, -50.50)",,,,
15:27:25:4199,"(-84.25, -50.50)",,,,
15:27:25:4445,"(-84.25, -50.50)",,,,
15:27:25:4643,"(-84.25, -50.50)",,,,
15:27:25:4849,"(-84.25, -50.50)",,,,
15:27:25:5016,"(-84.25, -50.50)",,,,
15:27:25:5193,"(-84.25, -50.50)",,,,
15:27:25:5353,"(-84.25, -50.50)",,,,
15:27:25:5563,"(-84.25, -50.50)",,,,
15:27:25:5945,"(-84.25, -50.50)",,,,
15:27:25:6384,"(-84.25, -50.50)",,,,
15:27:25:6542,"(-84.25, -50.50)",,,,
15:27:25:6640,"(-84.25, -50.50)",,,,
15:27:25:6755,"(-84.25, -50.50)",,,,
15:27:25:6868,"(-84.25, -50.50)",,,,
15:27:25:7025,"(-84.25, -50.50)",,,,
15:27:25:7169,"(-84.25, -50.50)",,,,
15:27:25:7342,"(-84.25, -50.50)",,,,
15:27:25:7492,"(-84.25, -50.50)",,,,
15:27:25:7656,"(-84.25, -50.50)",,,,
15:27:25:7821,"(-84.25, -50.50)",,,,
15:27:25:7978,"(-84.25, -50.50)",,,,
15:27:25:8131,"(-84.25, -50.50)",,,,
15:27:25:8300,"(-84.25, -50.50)",,,,
15:27:25:8441,"(-84.25, -50.50)",,,,
15:27:25:8602,"(-84.25, -50.50)",,,,
15:27:25:8759,"(-84.25, -50.50)",,,,
15:27:25:8941,"(-84.25, -50.50)",,,,
15:27:25:9103,"(-84.25, -50.50)",,,,
15:27:25:9266,"(-84.25, -50.50)",,,,
15:27:25:9422,"(-84.25, -50.50)",,,,
15:27:25:9568,"(-84.25, -50.50)",,,,
15:27:25:9730,"(-84.25, -50.50)",,,,
15:27:25:9917,"(-84.25, -50.50)",,,,
15:27:26:0090,"(-84.25, -50.50)",,,,
15:27:26:0245,"(-84.25, -50.50)",,,,
15:27:26:0395,"(-84.25, -50.50)",,,,
15:27:26:0565,"(-84.25, -50.50)",,,,
15:27:26:0722,"(-84.25, -50.50)",,,,
15:27:26:0884,"(-84.25, -50.50)",,,,
15:27:26:1027,"(-84.25, -50.50)",,,,
15:27:26:1183,"(-84.25, -50.50)",,,,
15:27:26:1342,"(-84.25, -50.50)",,,,
15:27:26:1546,"(-84.25, -50.50)",,,,
15:27:26:1823,"(-84.25, -50.50)",,,,
15:27:26:2038,"(-84.25, -50.50)",,,,
15:27:26:2248,"(-84.25, -50.50)",,,,
15:27:26:2427,"(-84.25, -50.50)",,,,
15:27:26:2631,"(-84.25, -50.50)",,,,
15:27:26:2820,"(-84.25, -50.50)",,,,
15:27:26:2948,"(-84.25, -50.50)",,,,
15:27:26:3080,"(-84.25, -50.50)",,,,
15:27:26:3209,"(-84.25, -50.50)",,,,
15:27:26:3307,"(-84.25, -50.50)",,,,
15:27:26:3424,"(-84.25, -50.50)",,,,
15:27:26:3538,"(-84.25, -50.50)",,,,
15:27:26:3650,"(-84.25, -50.50)",,,,
15:27:26:3754,"(-84.25, -50.50)",,,,
15:27:26:3862,"(-84.25, -50.50)",,,,
15:27:26:3977,"(-84.25, -50.50)",,,,
15:27:26:4095,"(-84.25, -50.50)",,,,
15:27:26:4209,"(-84.25, -50.50)",,,,
15:27:26:4320,"(-84.25, -50.50)",,,,
15:27:26:4428,"(-84.25, -50.50)",,,,
15:27:26:4565,"(-84.25, -50.50)",,,,
15:27:26:4717,"(-84.25, -50.50)",,,,
15:27:26:4859,"(-84.25, -50.50)",,,,
15:27:26:5019,"(-84.25, -50.50)",,,,
15:27:26:5151,"(-84.25, -50.50)",,,,
15:27:26:5279,"(-84.25, -50.50)",,,,
15:27:26:5416,"(-84.25, -50.50)",,,,
15:27:26:5550,"(-84.25, -50.50)",,,,
15:27:26:5679,"(-84.25, -50.50)",,,,
15:27:26:5812,"(-84.25, -50.50)",,,,
15:27:26:5963,"(-84.25, -50.50)",,,,
15:27:26:6091,"(-84.25, -50.50)",,,,
15:27:26:6237,"(-84.25, -50.50)",,,,
15:27:26:6367,"(-84.25, -50.50)",,,,
15:27:26:6506,"(-84.25, -50.50)",,,,
15:27:26:6641,"(-84.25, -50.50)",,,,
15:27:26:6773,"(-84.25, -50.50)",,,,
15:27:26:6908,"(-84.25, -50.50)",,,,
15:27:26:7133,"(-84.25, -50.50)",,,,
15:27:26:7381,"(-84.25, -50.50)",,,,
15:27:26:7537,"(-84.25, -50.50)",,,,
15:27:26:7709,"(-84.25, -50.50)",,,,
15:27:26:7921,"(-84.25, -50.50)",,,,
15:27:26:8078,"(-84.25, -50.50)",,,,
15:27:26:8276,"(-84.25, -50.50)",,,,
15:27:26:8506,"(-84.25, -50.50)",,,,
15:27:26:8703,"(-84.25, -50.50)",,,,
15:27:26:8904,"(-84.25, -50.50)",,,,
15:27:26:9103,"(-84.25, -50.50)",,,,
15:27:26:9378,"(-84.25, -50.50)",,,,
15:27:26:9632,"(-84.25, -50.50)",,,,
15:27:26:9824,"(-84.25, -50.50)",,,,
15:27:27:0015,"(-84.25, -50.50)",,,,
15:27:27:0182,"(-84.25, -50.50)",,,,
15:27:27:0344,"(-84.25, -50.50)",,,,
15:27:27:0501,"(-84.25, -50.50)",,,,
15:27:27:0652,"(-84.25, -50.50)",,,,
15:27:27:0778,"(-84.25, -50.50)",,,,
15:27:27:0891,"(-84.25, -50.50)",,,,
15:27:27:1035,"(-84.25, -50.50)",,,,
15:27:27:1151,"(-84.25, -50.50)",,,,
15:27:27:1255,"(-84.25, -50.50)",,,,
15:27:27:1363,"(-84.25, -50.50)",,,,
15:27:27:1476,"(-84.25, -50.50)",,,,
15:27:27:1584,"(-84.25, -50.50)",,,,
15:27:27:1692,"(-84.25, -50.50)",,,,
15:27:27:1811,"(-84.25, -50.50)",,,,
15:27:27:1929,"(-84.25, -50.50)",,,,
15:27:27:2043,"(-84.25, -50.50)",,,,
15:27:27:2150,"(-84.25, -50.50)",,,,
15:27:27:2258,"(-84.25, -50.50)",,,,
15:27:27:2403,"(-84.25, -50.50)",,,,
15:27:27:2511,"(-84.25, -50.50)",,,,
15:27:27:2624,"(-84.25, -50.50)",,,,
15:27:27:2746,"(-84.25, -50.50)",,,,
15:27:27:2859,"(-84.25, -50.50)",,,,
15:27:27:2984,"(-84.25, -50.50)",,,,
15:27:27:3092,"(-84.25, -50.50)",,,,
15:27:27:3211,"(-84.25, -50.50)",,,,
15:27:27:3325,"(-84.25, -50.50)",,,,
15:27:27:3429,"(-84.25, -50.50)",,,,
15:27:27:3538,"(-84.25, -50.50)",,,,
15:27:27:3658,"(-84.25, -50.50)",,,,
15:27:27:3760,"(-84.25, -50.50)",,,,
15:27:27:3884,"(-84.25, -50.50)",,,,
15:27:27:4007,"(-84.25, -50.50)",,,,
15:27:27:4183,"(-84.25, -50.50)",,,,
15:27:27:4332,"(-84.25, -50.50)",,,,
15:27:27:4455,"(-84.25, -50.50)",,,,
15:27:27:4570,"(-84.25, -50.50)",,,,
15:27:27:4692,"(-84.25, -50.50)",,,,
15:27:27:4809,"(-84.25, -50.50)",,,,
15:27:27:4924,"(-84.25, -50.50)",,,,
15:27:27:5038,"(-84.25, -50.50)",,,,
15:27:27:5153,"(-84.25, -50.50)",,,,
15:27:27:5262,"(-84.25, -50.50)",,,,
15:27:27:5429,"(-84.25, -50.50)",,,,
15:27:27:5548,"(-84.25, -50.50)",,,,
15:27:27:5656,"(-84.25, -50.50)",,,,
15:27:27:5773,"(-84.25, -50.50)",,,,
15:27:27:5904,"(-84.25, -50.50)",,,,
15:27:27:6012,"(-84.25, -50.50)",,,,
15:27:27:6130,"(-84.25, -50.50)",,,,
15:27:27:6268,"(-84.25, -50.50)",,,,
15:27:27:6430,"(-84.25, -50.50)",,,,
15:27:27:6574,"(-84.25, -50.50)",,,,
15:27:27:6692,"(-84.25, -50.50)",,,,
15:27:27:6813,"(-84.25, -50.50)",,,,
15:27:27:6935,"(-84.25, -50.50)",,,,
15:27:27:7047,"(-84.25, -50.50)",,,,
15:27:27:7211,"(-84.25, -50.50)",,,,
15:27:27:7422,"(-84.25, -50.50)",,,,
15:27:27:7932,"(-84.25, -50.50)",,,,
15:27:27:8519,"(-84.25, -50.50)",,,,
15:27:27:9462,"(-84.25, -50.50)",,,,
15:27:28:0370,"(-84.25, -50.50)",,,,
15:27:28:0778,"(-84.25, -50.50)",,,,
15:27:28:1058,"(-84.25, -50.50)",,,,
15:27:28:1282,"(-84.25, -50.50)",,,,
15:27:28:1512,"(-84.25, -50.50)",,,,
15:27:28:1730,"(-84.25, -50.50)",,,,
15:27:28:1941,"(-84.25, -50.50)",,,,
15:27:28:2167,"(-84.25, -50.50)",,,,
15:27:28:2407,"(-84.25, -50.50)",,,,
15:27:28:2668,"(-84.25, -50.50)",,,,
15:27:28:2878,"(-84.25, -50.50)",,,,
15:27:28:3090,"(-84.25, -50.50)",,,,
15:27:28:3309,"(-84.25, -50.50)",,,,
15:27:28:3519,"(-84.25, -50.50)",,,,
15:27:28:3740,"(-84.25, -50.50)",,,,
15:27:28:3893,"(-84.25, -50.50)",,,,
15:27:28:4058,"(-84.25, -50.50)",,,,
15:27:28:4222,"(-84.25, -50.50)",,,,
15:27:28:4479,"(-84.25, -50.50)",,,,
15:27:28:5118,"(-84.25, -50.50)",,,,
15:27:28:5746,"(-84.25, -50.50)",,,,
15:27:28:6206,"(-84.25, -50.50)",,,,
15:27:28:6501,"(-84.25, -50.50)",,,,
15:27:28:6891,"(-84.25, -50.50)",,,,
15:27:28:7056,"(-84.25, -50.50)",,,,
15:27:28:7254,"(-84.25, -50.50)",,,,
15:27:28:7452,"(-84.25, -50.50)",,,,
15:27:28:7651,"(-84.25, -50.50)",,,,
15:27:28:7930,"(-84.25, -50.50)",,,,
15:27:28:8141,"(-84.25, -50.50)",,,,
15:27:28:8353,"(-84.25, -50.50)",,,,
15:27:28:8565,"(-84.25, -50.50)",,,,
15:27:28:8772,"(-84.25, -50.50)",,,,
15:27:28:8982,"(-84.25, -50.50)",,,,
15:27:28:9197,"(-84.25, -50.50)",,,,
15:27:28:9394,"(-84.25, -50.50)",,,,
15:27:28:9617,"(-84.25, -50.50)",,,,
15:27:28:9828,"(-84.25, -50.50)",,,,
15:27:29:0025,"(-84.25, -50.50)",,,,
15:27:29:0231,"(-84.25, -50.50)",,,,
15:27:29:0460,"(-84.25, -50.50)",,,,
15:27:29:0641,"(-84.25, -50.50)",,,,
15:27:29:0864,"(-84.25, -50.50)",,,,
15:27:29:1271,"(-84.25, -50.50)",,,,
15:27:29:2197,"(-84.25, -50.50)",,,,
15:27:29:2642,"(-84.25, -50.50)",,,,
15:27:29:2836,"(-84.25, -50.50)",,,,
15:27:29:3007,"(-84.25, -50.50)",,,,
15:27:29:3169,"(-84.25, -50.50)",,,,
15:27:29:3347,"(-84.25, -50.50)",,,,
15:27:29:3518,"(-84.25, -50.50)",,,,
15:27:29:3679,"(-84.25, -50.50)",,,,
15:27:29:3850,"(-84.25, -50.50)",,,,
15:27:29:4011,"(-84.25, -50.50)",,,,
15:27:29:4192,"(-84.25, -50.50)",,,,
15:27:29:4358,"(-84.25, -50.50)",,,,
15:27:29:4527,"(-84.25, -50.50)",,,,
15:27:29:4679,"(-84.25, -50.50)",,,,
15:27:29:4856,"(-84.25, -50.50)",,,,
15:27:29:5017,"(-84.25, -50.50)",,,,
15:27:29:5188,"(-84.25, -50.50)",,,,
15:27:29:5354,"(-84.25, -50.50)",,,,
15:27:29:5511,"(-84.25, -50.50)",,,,
15:27:29:5704,"(-84.25, -50.50)",,,,
15:27:29:5955,"(-84.25, -50.50)",,,,
15:27:29:6390,"(-84.25, -50.50)",,,,
15:27:29:6764,"(-84.25, -50.50)",,,,
15:27:29:6971,"(-84.25, -50.50)",,,,
15:27:29:7135,"(-84.25, -50.50)",,,,
15:27:29:7353,"(-84.25, -50.50)",,,,
15:27:29:7626,"(-84.25, -50.50)",,,,
15:27:29:7955,"(-84.25, -50.50)",,,,
15:27:29:8293,"(-84.25, -50.50)",,,,
15:27:29:8612,"(-84.25, -50.50)",,,,
15:27:29:8854,"(-84.25, -50.50)",,,,
15:27:29:9102,"(-84.25, -50.50)",,,,
15:27:29:9358,"(-84.25, -50.50)",,,,
15:27:29:9595,"(-84.25, -50.50)",,,,
15:27:29:9909,"(-84.25, -50.50)",,,,
15:27:30:0224,"(-84.25, -50.50)",,,,
15:27:30:0612,"(-84.25, -50.50)",,,,
15:27:30:0912,"(-84.25, -50.50)",,,,
15:27:30:1180,"(-84.25, -50.50)",,,,
15:27:30:1474,"(-84.25, -50.50)",,,,
15:27:30:1770,"(-84.25, -50.50)",,,,
15:27:30:2021,"(-84.25, -50.50)",,,,
15:27:30:2217,"(-84.25, -50.50)",,,,
15:27:30:2416,"(-84.25, -50.50)",,,,
15:27:30:2567,"(-84.25, -50.50)",,,,
15:27:30:2740,"(-84.25, -50.50)",,,,
15:27:30:2899,"(-84.25, -50.50)",,,,
15:27:30:3065,"(-84.25, -50.50)",,,,
15:27:30:3239,"(-84.25, -50.50)",,,,
15:27:30:3422,"(-84.25, -50.50)",,,,
15:27:30:3594,"(-84.25, -50.50)",,,,
15:27:30:3755,"(-84.25, -50.50)",,,,
15:27:30:3931,"(-84.25, -50.50)",,,,
15:27:30:4096,"(-84.25, -50.50)",,,,
15:27:30:4262,"(-84.25, -50.50)",,,,
15:27:30:4428,"(-84.25, -50.50)",,,,
15:27:30:4594,"(-84.25, -50.50)",,,,
15:27:30:4766,"(-84.25, -50.50)",,,,
15:27:30:4968,"(-84.25, -50.50)",,,,
15:27:30:5160,"(-84.25, -50.50)",,,,
15:27:30:5346,"(-84.25, -50.50)",,,,
15:27:30:5513,"(-84.25, -50.50)",,,,
15:27:30:5690,"(-84.25, -50.50)",,,,
15:27:30:5847,"(-84.25, -50.50)",,,,
15:27:30:6013,"(-84.25, -50.50)",,,,
15:27:30:6173,"(-84.25, -50.50)",,,,
15:27:30:6358,"(-84.25, -50.50)",,,,
15:27:30:6530,"(-84.25, -50.50)",,,,
15:27:30:6693,"(-84.25, -50.50)",,,,
15:27:30:6918,"(-84.25, -50.50)",,,,
15:27:30:7151,"(-84.25, -50.50)",,,,
15:27:30:7393,"(-84.25, -50.50)",,,,
15:27:30:7711,"(-84.25, -50.50)",,,,
15:27:30:8051,"(-84.25, -50.50)",,,,
15:27:30:8375,"(-84.25, -50.50)",,,,
15:27:30:8689,"(-84.25, -50.50)",,,,
15:27:30:8999,"(-84.25, -50.50)",,,,
15:27:30:9330,"(-84.25, -50.50)",,,,
15:27:30:9632,"(-84.25, -50.50)",,,,
15:27:30:9930,"(-84.25, -50.50)",,,,
15:27:31:0230,"(-84.25, -50.50)",,,,
15:27:31:0541,"(-84.25, -50.50)",,,,
15:27:31:0882,"(-84.25, -50.50)",,,,
15:27:31:1229,"(-84.25, -50.50)",,,,
15:27:31:1515,"(-84.25, -50.50)",,,,
15:27:31:1723,"(-84.25, -50.50)",,,,
15:27:31:1966,"(-84.25, -50.50)",,,,
15:27:31:2213,"(-84.25, -50.50)",,,,
15:27:31:2457,"(-84.25, -50.50)",,,,
15:27:31:2718,"(-84.25, -50.50)",,,,
15:27:31:2950,"(-84.25, -50.50)",,,,
15:27:31:3193,"(-84.25, -50.50)",,,,
15:27:31:3441,"(-84.25, -50.50)",,,,
15:27:31:3681,"(-84.25, -50.50)",,,,
15:27:31:3893,"(-84.25, -50.50)",,,,
15:27:31:4110,"(-84.25, -50.50)",,,,
15:27:31:4354,"(-84.25, -50.50)",,,,
15:27:31:4592,"(-84.25, -50.50)",,,,
15:27:31:4880,"(-84.25, -50.50)",,,,
15:27:31:5144,"(-84.25, -50.50)",,,,
15:27:31:5360,"(-84.25, -50.50)",,,,
15:27:31:5583,"(-84.25, -50.50)",,,,
15:27:31:5816,"(-84.25, -50.50)",,,,
15:27:31:6050,"(-84.25, -50.50)",,,,
15:27:31:6262,"(-84.25, -50.50)",,,,
15:27:31:6503,"(-84.25, -50.50)",,,,
15:27:31:6778,"(-46.25, 94.50)",,,,
15:27:31:7006,"(-46.25, 94.50)",,,,
15:27:31:7230,"(-46.25, 94.50)",,,,
15:27:31:7499,"(-46.25, 94.50)",,,,
15:27:31:7854,"(-46.25, 94.50)",,,,
15:27:31:8191,"(-46.25, 94.50)",,,,
15:27:31:8508,"(-46.25, 94.50)",,,,
15:27:31:8856,"(-46.25, 94.50)",,,,
15:27:31:9180,"(-46.25, 94.50)",,,,
15:27:31:9492,"(-46.25, 94.50)",,,,
15:27:31:9800,"(-46.25, 94.50)",,,,
15:27:32:0091,"(-46.25, 94.50)",,,,
15:27:32:0417,"(-46.25, 94.50)",,,,
15:27:32:0771,"(-46.25, 94.50)",,,,
15:27:32:1184,"(-46.25, 94.50)",,,,
15:27:32:1556,"(-46.25, 94.50)",,,,
15:27:32:1878,"(-46.25, 94.50)",,,,
15:27:32:2199,"(-46.25, 94.50)",,,,
15:27:32:2517,"(-46.25, 94.50)",,,,
15:27:32:2853,"(-46.25, 94.50)",,,,
15:27:32:3172,"(-46.25, 94.50)",,,,
15:27:32:3469,"(-46.25, 94.50)",,,,
15:27:32:3718,"(-46.25, 94.50)",,,,
15:27:32:3936,"(-46.25, 94.50)",,,,
15:27:32:4190,"(-39.25, 104.50)",,,,
15:27:32:4424,"(-24.25, 84.50)",,,,
15:27:32:4693,"(-17.25, 64.50)",,,,
15:27:32:4928,"(-12.25, 49.50)",,,,
15:27:32:5195,"(-12.25, 39.50)",,,,
15:27:32:5431,"(-12.25, 37.50)",,,,
15:27:32:5684,"(-19.25, 29.50)",,,,
15:27:32:5912,"(-26.25, 22.50)",,,,
15:27:32:6172,"(-31.25, 14.50)",,,,
15:27:32:6400,"(-31.25, 14.50)",,,,
15:27:32:6613,"(-31.25, 14.50)",,,,
15:27:32:6844,"(-31.25, 14.50)",,,,
15:27:32:7063,"(-31.25, 14.50)",,,,
15:27:32:7293,"(-31.25, 14.50)",,,,
15:27:32:7556,"(-31.25, 14.50)",,,,
15:27:32:7899,"(-31.25, 14.50)",,,,
15:27:32:8267,"(-36.25, 9.50)",,,,
15:27:32:8590,"(-41.25, 4.50)",,,,
15:27:32:8919,"(-44.25, 4.50)",,,,
15:27:32:9251,"(-44.25, 4.50)",,,,
15:27:32:9583,"(-46.25, 4.50)",,,,
15:27:32:9992,"(-64.25, 24.50)",,,,
15:27:33:0359,"(-71.25, 44.50)",,,,
15:27:33:0717,"(-84.25, 69.50)",,,,
15:27:33:1067,"(-94.25, 106.50)",,,,
15:27:33:1441,"(-94.25, 124.50)",,,,
15:27:33:1775,"(-92.25, 151.50)",,,,
15:27:33:2116,"(-79.25, 171.50)",,,,
15:27:33:2459,"(-64.25, 189.50)",,,,
15:27:33:2809,"(-52.25, 206.50)",,,,
15:27:33:3114,"(-47.25, 219.50)",,,,
15:27:33:3374,"(-42.25, 226.50)",,,,
15:27:33:3608,"(-29.25, 244.50)",,,,
15:27:33:3867,"(-14.25, 271.50)",,,,
15:27:33:4110,"(-4.25, 299.50)",,,,
15:27:33:4429,"(5.75, 329.50)",,,,
15:27:33:4716,"(22.75, 371.50)",,,,
15:27:33:5011,"(35.75, 396.50)",,,,
15:27:33:5269,"(40.75, 406.50)",,,,
15:27:33:5537,"(42.75, 411.50)",,,,
15:27:33:5752,"(42.75, 411.50)",,,,
15:27:33:5977,"(42.75, 411.50)",,,,
15:27:33:6213,"(42.75, 411.50)",,,,
15:27:33:6421,"(42.75, 411.50)",,,,
15:27:33:6663,"(42.75, 411.50)",,,,
15:27:33:6894,"(42.75, 411.50)",,,,
15:27:33:7123,"(42.75, 411.50)",,,,
15:27:33:7380,"(42.75, 411.50)",,,,
15:27:33:7712,"(42.75, 411.50)",,,,
15:27:33:8098,"(42.75, 411.50)",,,,
15:27:33:8511,"(47.75, 411.50)",,,,
15:27:33:8882,"(50.75, 409.50)",,,,
15:27:33:9251,"(50.75, 409.50)",,,,
15:27:33:9596,"(50.75, 409.50)",,,,
15:27:34:0006,"(132.75, 404.50)",,,,
15:27:34:0411,"(380.75, 404.50)",,,,
15:27:34:0740,"(485.75, 421.50)",,,,
15:27:34:1065,"(510.75, 426.50)",,,,
15:27:34:1383,"(510.75, 426.50)",,,,
15:27:34:1705,"(510.75, 426.50)",,,,
15:27:34:2018,"(510.75, 426.50)",,,,
15:27:34:2336,"(510.75, 426.50)",,,,
15:27:34:2613,"(510.75, 426.50)",,,,
15:27:34:2872,"(483.75, 409.50)",,,,
15:27:34:3100,"(458.75, 397.50)",,,,
15:27:34:3360,"(415.75, 377.50)",,,,
15:27:34:3596,"(370.75, 362.50)",,,,
15:27:34:3850,"(340.75, 352.50)",,,,
15:27:34:4089,"(323.75, 347.50)",,,,
15:27:34:4366,"(258.75, 327.50)",,,,
15:27:34:4665,"(188.75, 309.50)",,,,
15:27:34:4935,"(115.75, 294.50)",,,,
15:27:34:5194,"(83.75, 294.50)",,,,
15:27:34:5452,"(68.75, 299.50)",,,,
15:27:34:5732,"(58.75, 304.50)",,,,
15:27:34:6023,"(43.75, 314.50)",,,,
15:27:34:6271,"(33.75, 321.50)",,,,
15:27:34:6511,"(33.75, 321.50)",,,,
15:27:34:6729,"(33.75, 321.50)",,,,
15:27:34:6970,"(33.75, 321.50)",,,,
15:27:34:7203,"(33.75, 321.50)",,,,
15:27:34:7422,"(33.75, 321.50)",,,,
15:27:34:7684,"(33.75, 321.50)",,,,
15:27:34:8009,"(33.75, 321.50)",,,,
15:27:34:8370,"(33.75, 321.50)",,,,
15:27:34:8689,"(33.75, 321.50)",,,,
15:27:34:9007,"(33.75, 321.50)",,,,
15:27:34:9339,"(33.75, 321.50)",,,,
15:27:34:9650,"(33.75, 321.50)",,,,
15:27:34:9974,"(33.75, 321.50)",,,,
15:27:35:0290,"(33.75, 321.50)",,,,
15:27:35:0585,"(33.75, 321.50)",,,,
15:27:35:0891,"(33.75, 321.50)",,,,
15:27:35:1216,"(33.75, 321.50)",,,,
15:27:35:1540,"(33.75, 321.50)",,,,
15:27:35:1862,"(33.75, 321.50)",,,,
15:27:35:2202,"(33.75, 321.50)",,,,
15:27:35:2531,"(33.75, 321.50)",,,,
15:27:35:2842,"(33.75, 321.50)",,,,
15:27:35:3137,"(33.75, 321.50)",,,,
15:27:35:3363,"(33.75, 321.50)",,,,
15:27:35:3598,"(33.75, 321.50)",,,,
15:27:35:3830,"(33.75, 321.50)",,,,
15:27:35:4043,"(33.75, 321.50)",,,,
15:27:35:4275,"(33.75, 321.50)",,,,
15:27:35:4507,"(33.75, 321.50)",,,,
15:27:35:4744,"(33.75, 321.50)",,,,
15:27:35:4969,"(33.75, 321.50)",,,,
15:27:35:5189,"(33.75, 321.50)",,,,
15:27:35:5416,"(33.75, 321.50)",,,,
15:27:35:5657,"(33.75, 321.50)",,,,
15:27:35:5875,"(33.75, 321.50)",,,,
15:27:35:6123,"(33.75, 321.50)",,,,
15:27:35:6408,"(33.75, 321.50)",,,,
15:27:35:6678,"(33.75, 321.50)",,,,
15:27:35:6941,"(33.75, 321.50)",,,,
15:27:35:7215,"(33.75, 321.50)",,,,
15:27:35:7490,"(33.75, 321.50)",,,,
15:27:35:7821,"(33.75, 321.50)",,,,
15:27:35:8234,"(33.75, 321.50)",,,,
15:27:35:8662,"(33.75, 321.50)",,,,
15:27:35:9046,"(33.75, 321.50)",,,,
15:27:35:9433,"(33.75, 321.50)",,,,
15:27:35:9830,"(33.75, 321.50)",,,,
15:27:36:0223,"(33.75, 321.50)",,,,
15:27:36:1035,"(33.75, 321.50)",,,,
15:27:36:1353,"(33.75, 321.50)",,,,
15:27:36:1669,"(33.75, 321.50)",,,,
15:27:36:2006,"(33.75, 321.50)",,,,
15:27:36:2338,"(33.75, 321.50)",,,,
15:27:36:2658,"(33.75, 321.50)",,,,
15:27:36:3006,"(33.75, 321.50)",,,,
15:27:36:3265,"(33.75, 321.50)",,,,
15:27:36:3506,"(33.75, 321.50)",,,,
15:27:36:3741,"(33.75, 321.50)",,,,
15:27:36:3973,"(33.75, 321.50)",,,,
15:27:36:4203,"(33.75, 321.50)",,,,
15:27:36:4414,"(33.75, 321.50)",,,,
15:27:36:4665,"(33.75, 321.50)",,,,
15:27:36:4892,"(33.75, 321.50)",,,,
15:27:36:5133,"(33.75, 321.50)",,,,
15:27:36:5356,"(33.75, 321.50)",,,,
15:27:36:5594,"(33.75, 321.50)",,,,
15:27:36:5832,"(33.75, 321.50)",,,,
15:27:36:6055,"(33.75, 321.50)",,,,
15:27:36:6291,"(33.75, 321.50)",,,,
15:27:36:6525,"(33.75, 321.50)",,,,
15:27:36:6749,"(33.75, 321.50)",,,,
15:27:36:6979,"(33.75, 321.50)",,,,
15:27:36:7211,"(33.75, 321.50)",,,,
15:27:36:7447,"(33.75, 321.50)",,,,
15:27:36:7694,"(33.75, 321.50)",,,,
15:27:36:8022,"(33.75, 321.50)",,,,
15:27:36:8345,"(33.75, 321.50)",,,,
15:27:36:8679,"(33.75, 321.50)",,,,
15:27:36:9022,"(33.75, 321.50)",,,,
15:27:36:9343,"(33.75, 321.50)",,,,
15:27:36:9676,"(33.75, 321.50)",,,,
15:27:37:0010,"(33.75, 321.50)",,,,
15:27:37:0327,"(33.75, 321.50)",,,,
15:27:37:0626,"(33.75, 321.50)",,,,
15:27:37:0857,"(33.75, 321.50)",,,,
15:27:37:1080,"(33.75, 321.50)",,,,
15:27:37:1333,"(33.75, 321.50)",,,,
15:27:37:1553,"(33.75, 321.50)",,,,
15:27:37:1779,"(33.75, 321.50)",,,,
15:27:37:2026,"(33.75, 321.50)",,,,
15:27:37:2254,"(33.75, 321.50)",,,,
15:27:37:2498,"(33.75, 321.50)",,,,
15:27:37:2723,"(33.75, 321.50)",,,,
15:27:37:2960,"(33.75, 321.50)",,,,
15:27:37:3181,"(33.75, 321.50)",,,,
15:27:37:3417,"(33.75, 321.50)",,,,
15:27:37:3652,"(33.75, 321.50)",,,,
15:27:37:3882,"(33.75, 321.50)",,,,
15:27:37:4097,"(33.75, 321.50)",,,,
15:27:37:4333,"(33.75, 321.50)",,,,
15:27:37:4577,"(33.75, 321.50)",,,,
15:27:37:4807,"(33.75, 321.50)",,,,
15:27:37:5043,"(33.75, 321.50)",,,,
15:27:37:5262,"(33.75, 321.50)",,,,
15:27:37:5518,"(33.75, 321.50)",,,,
15:27:37:5734,"(33.75, 321.50)",,,,
15:27:37:5990,"(33.75, 321.50)",,,,
15:27:37:6226,"(33.75, 321.50)",,,,
15:27:37:6472,"(33.75, 321.50)",,,,
15:27:37:6705,"(33.75, 321.50)",,,,
15:27:37:6943,"(33.75, 321.50)",,,,
15:27:37:7171,"(33.75, 321.50)",,,,
15:27:37:7404,"(33.75, 321.50)",,,,
15:27:37:7652,"(33.75, 321.50)",,,,
15:27:37:7911,"(33.75, 321.50)",,,,
15:27:37:8234,"(33.75, 321.50)",,,,
15:27:37:8548,"(33.75, 321.50)",,,,
15:27:37:8875,"(33.75, 321.50)",,,,
15:27:37:9202,"(33.75, 321.50)",,,,
15:27:37:9554,"(33.75, 321.50)",,,,
15:27:37:9861,"(33.75, 321.50)",,,,
15:27:38:0199,"(33.75, 321.50)",,,,
15:27:38:0517,"(33.75, 321.50)",,,,
15:27:38:0855,"(33.75, 321.50)",,,,
15:27:38:1193,"(33.75, 321.50)",,,,
15:27:38:1542,"(33.75, 321.50)",,,,
15:27:38:1879,"(33.75, 321.50)",,,,
15:27:38:2219,"(33.75, 321.50)",,,,
15:27:38:2461,"(33.75, 321.50)",,,,
15:27:38:2745,"(37.75, 304.50)",,,,
15:27:38:3052,"(52.75, 341.50)",,,,
15:27:38:3323,"(52.75, 344.50)",,,,
15:27:38:3543,"(52.75, 344.50)",,,,
15:27:38:3775,"(52.75, 344.50)",,,,
15:27:38:4028,"(52.75, 344.50)",,,,
15:27:38:4260,"(52.75, 344.50)",,,,
15:27:38:4503,"(52.75, 344.50)",,,,
15:27:38:4736,"(52.75, 344.50)",,,,
15:27:38:4976,"(52.75, 344.50)",,,,
15:27:38:5208,"(52.75, 344.50)",,,,
15:27:38:5440,"(52.75, 344.50)",,,,
15:27:38:5694,"(52.75, 344.50)",,,,
15:27:38:5925,"(52.75, 344.50)",,,,
15:27:38:6160,"(52.75, 344.50)",,,,
15:27:38:6378,"(52.75, 344.50)",,,,
15:27:38:6697,"(125.75, 364.50)",,,,
15:27:38:6991,"(195.75, 429.50)",,,,
15:27:38:7316,"(242.75, 446.50)",,,,
15:27:38:7565,"(275.75, 437.50)",,,,
15:27:38:7839,"(310.75, 407.50)",,,,
15:27:38:8211,"(382.75, 349.50)",,,,
15:27:38:8544,"(400.75, 337.50)",,,,
15:27:38:8848,"(400.75, 337.50)",,,,
15:27:38:9235,"(432.75, 376.50)",,,,
15:27:38:9593,"(495.75, 431.50)",,,,
15:27:38:9957,"(535.75, 464.50)",,,,
15:27:39:0340,"(557.75, 486.50)",,,,
15:27:39:0693,"(567.75, 494.50)",,,,
15:27:39:1020,"(567.75, 494.50)",,,,
15:27:39:1354,"(567.75, 494.50)",,,,
15:27:39:1680,"(592.75, 457.50)",,,,
15:27:39:1926,"(620.75, 427.50)",,,,
15:27:39:2181,"(645.75, 397.50)",,,,
15:27:39:2449,"(670.75, 362.50)",,,,
15:27:39:2720,"(687.75, 344.50)",,,,
15:27:39:3001,"(742.75, 359.50)",,,,
15:27:39:3246,"(782.75, 369.50)",,,,
15:27:39:3504,"(802.75, 349.50)",,,,
15:27:39:3752,"(805.75, 347.50)",,,,
15:27:39:3982,"(805.75, 347.50)",,,,
15:27:39:4207,"(805.75, 347.50)",,,,
15:27:39:4439,"(805.75, 347.50)",,,,
15:27:39:4670,"(805.75, 347.50)",,,,
15:27:39:4902,"(805.75, 347.50)",,,,
15:27:39:5173,"(805.75, 347.50)",,,,
15:27:39:5404,"(805.75, 347.50)",,,,
15:27:39:5646,"(805.75, 347.50)",,,,
15:27:39:5890,"(832.75, 359.50)",,,,
15:27:39:6157,"(840.75, 366.50)",,,,
15:27:39:6406,"(870.75, 394.50)",,,,
15:27:39:6700,"(895.75, 416.50)",,,,
15:27:39:6993,"(910.75, 436.50)",,,,
15:27:39:7266,"(893.75, 436.50)",,,,
15:27:39:7536,"(875.75, 436.50)",,,,
15:27:39:7761,"(875.75, 436.50)",,,,
15:27:39:8052,"(870.75, 436.50)",,,,
15:27:39:8484,"(858.75, 427.50)",,,,
15:27:39:8825,"(858.75, 427.50)",,,,
15:27:39:9219,"(850.75, 429.50)",,,,
15:27:39:9603,"(833.75, 439.50)",,,,
15:27:39:9955,"(820.75, 446.50)",,,,
15:27:40:0348,"(815.75, 449.50)",,,,
15:27:40:0750,"(793.75, 461.50)",,,,
15:27:40:1139,"(775.75, 471.50)",,,,
15:27:40:1505,"(763.75, 479.50)",,,,
15:27:40:1873,"(755.75, 481.50)",,,,
15:27:40:2212,"(750.75, 484.50)",,,,
15:27:40:2444,"(750.75, 484.50)",,,,
15:27:40:2706,"(750.75, 484.50)",,,,
15:27:40:2940,"(750.75, 484.50)",,,,
15:27:40:3184,"(750.75, 484.50)",,,,
15:27:40:3508,"(665.75, 484.50)",,,,
15:27:40:3773,"(563.75, 469.50)",,,,
15:27:40:4018,"(520.75, 459.50)",,,,
15:27:40:4302,"(478.75, 439.50)",,,,
15:27:40:4550,"(455.75, 424.50)",,,,
15:27:40:4815,"(418.75, 399.50)",,,,
15:27:40:5076,"(400.75, 389.50)",,,,
15:27:40:5345,"(395.75, 387.50)",,,,
15:27:40:5571,"(395.75, 387.50)",,,,
15:27:40:5825,"(395.75, 387.50)",,,,
15:27:40:6057,"(395.75, 387.50)",,,,
15:27:40:6303,"(395.75, 387.50)",,,,
15:27:40:6542,"(395.75, 387.50)",,,,
15:27:40:6800,"(395.75, 387.50)",,,,
15:27:40:7038,"(395.75, 387.50)",,,,
15:27:40:7304,"(388.75, 377.50)",,,,
15:27:40:7540,"(388.75, 377.50)",,,,
15:27:40:7810,"(378.75, 367.50)",,,,
15:27:40:8061,"(375.75, 364.50)",,,,
15:27:40:8415,"(373.75, 364.50)",,,,
15:27:40:8718,"(373.75, 364.50)",,,,
15:27:40:9056,"(373.75, 364.50)",,,,
15:27:40:9412,"(370.75, 366.50)",,,,
15:27:40:9745,"(350.75, 376.50)",,,,
15:27:41:0091,"(348.75, 379.50)",,,,
15:27:41:0422,"(348.75, 379.50)",,,,
15:27:41:0802,"(343.75, 377.50)",,,,
15:27:41:1147,"(340.75, 377.50)",,,,
15:27:41:1498,"(340.75, 377.50)",,,,
15:27:41:1822,"(340.75, 377.50)",,,,
15:27:41:2058,"(340.75, 377.50)",,,,
15:27:41:2297,"(340.75, 377.50)",,,,
15:27:41:2554,"(340.75, 377.50)",,,,
15:27:41:2800,"(340.75, 377.50)",,,,
15:27:41:3032,"(340.75, 377.50)",,,,
15:27:41:3268,"(340.75, 377.50)",,,,
15:27:41:3540,"(330.75, 381.50)",,,,
15:27:41:3805,"(323.75, 386.50)",,,,
15:27:41:4071,"(323.75, 391.50)",,,,
15:27:41:4297,"(323.75, 391.50)",,,,
15:27:41:4528,"(323.75, 391.50)",,,,
15:27:41:4760,"(323.75, 391.50)",,,,
15:27:41:5006,"(323.75, 391.50)",,,,
15:27:41:5241,"(323.75, 391.50)",,,,
15:27:41:5482,"(323.75, 391.50)",,,,
15:27:41:5718,"(323.75, 391.50)",,,,
15:27:41:5967,"(323.75, 391.50)",,,,
15:27:41:6207,"(323.75, 391.50)",,,,
15:27:41:6455,"(323.75, 391.50)",,,,
15:27:41:6696,"(323.75, 391.50)",,,,
15:27:41:6931,"(323.75, 391.50)",,,,
15:27:41:7192,"(323.75, 391.50)",,,,
15:27:41:7432,"(323.75, 391.50)",,,,
15:27:41:7678,"(323.75, 391.50)",,,,
15:27:41:7901,"(323.75, 391.50)",,,,
15:27:41:8150,"(323.75, 391.50)",,,,
15:27:41:8462,"(323.75, 391.50)",,,,
15:27:41:8790,"(323.75, 391.50)",,,,
15:27:41:9150,"(323.75, 391.50)",,,,
15:27:41:9491,"(323.75, 391.50)",,,,
15:27:41:9846,"(323.75, 391.50)",,,,
15:27:42:0175,"(323.75, 391.50)",,,,
15:27:42:0524,"(323.75, 391.50)",,,,
15:27:42:0847,"(323.75, 391.50)",,,,
15:27:42:1196,"(323.75, 391.50)",,,,
15:27:42:1537,"(323.75, 391.50)",,,,
15:27:42:1952,"(345.75, 367.50)",,,,
15:27:42:2381,"(392.75, 344.50)",,,,
15:27:42:2681,"(427.75, 327.50)",,,,
15:27:42:2979,"(460.75, 309.50)",,,,
15:27:42:3242,"(460.75, 309.50)",,,,
15:27:42:3482,"(460.75, 309.50)",,,,
15:27:42:3707,"(460.75, 309.50)",,,,
15:27:42:3973,"(460.75, 309.50)",,,,
15:27:42:4226,"(460.75, 309.50)",,,,
15:27:42:4498,"(460.75, 309.50)",,,,
15:27:42:4760,"(460.75, 309.50)",,,,
15:27:42:5025,"(460.75, 309.50)",,,,
15:27:42:5292,"(460.75, 309.50)",,,,
15:27:42:5560,"(460.75, 309.50)",,,,
15:27:42:5818,"(460.75, 309.50)",,,,
15:27:42:6083,"(460.75, 309.50)",,,,
15:27:42:6347,"(460.75, 309.50)",,,,
15:27:42:6612,"(460.75, 309.50)",,,,
15:27:42:6869,"(460.75, 309.50)",,,,
15:27:42:7115,"(460.75, 309.50)",,,,
15:27:42:7361,"(460.75, 309.50)",,,,
15:27:42:7592,"(460.75, 309.50)",,,,
15:27:42:7857,"(470.75, 316.50)",,,,
15:27:42:8097,"(470.75, 316.50)",,,,
15:27:42:8346,"(470.75, 316.50)",,,,
15:27:42:8682,"(470.75, 316.50)",,,,
15:27:42:9040,"(632.75, 202.50)",,,,
15:27:42:9448,"(847.75, 52.50)",,,,
15:27:42:9844,"(902.75, -65.50)",,,,
15:27:43:0311,"(945.75, -185.50)",,,,
15:27:43:0690,"(965.75, -257.50)",,,,
15:27:43:1065,"(970.75, -340.50)",,,,
15:27:43:1460,"(970.75, -340.50)",,,,
15:27:43:1836,"(970.75, -340.50)",,,,
15:27:43:2161,"(970.75, -340.50)",,,,
15:27:43:2499,"(970.75, -340.50)",,,,
15:27:43:2894,"(970.75, -340.50)",,,,
15:27:43:3364,"(970.75, -340.50)",,,,
15:27:43:3642,"(970.75, -340.50)",,,,
15:27:43:3895,"(970.75, -340.50)",,,,
15:27:43:4140,"(970.75, -340.50)",,,,
15:27:43:4395,"(970.75, -340.50)",,,,
15:27:43:4648,"(970.75, -340.50)",,,,
15:27:43:4941,"(970.75, -340.50)",,,,
15:27:43:5179,"(970.75, -340.50)",,,,
15:27:43:5412,"(970.75, -340.50)",,,,
15:27:43:5664,"(970.75, -340.50)",,,,
15:27:43:5893,"(970.75, -340.50)",,,,
15:27:43:6147,"(970.75, -340.50)",,,,
15:27:43:6378,"(970.75, -340.50)",,,,
15:27:43:6638,"(970.75, -340.50)",,,,
15:27:43:6870,"(970.75, -340.50)",,,,
15:27:43:7130,"(970.75, -340.50)",,,,
15:27:43:7374,"(970.75, -340.50)",,,,
15:27:43:7668,"(970.75, -340.50)",,,,
15:27:43:7919,"(970.75, -340.50)",,,,
15:27:43:8176,"(970.75, -340.50)",,,,
15:27:43:8429,"(970.75, -340.50)",,,,
15:27:43:8829,"(970.75, -340.50)",,,,
15:27:43:9223,"(970.75, -340.50)",,,,
15:27:43:9631,"(970.75, -340.50)",,,,
15:27:44:0085,"(970.75, -340.50)",,,,
15:27:44:0522,"(970.75, -340.50)",,,,
15:27:44:0956,"(970.75, -340.50)",,,,
15:27:44:1411,"(970.75, -340.50)",,,,
15:27:44:1833,"(970.75, -340.50)",,,,
15:27:44:2209,"(970.75, -340.50)",,,,
15:27:44:2572,"(970.75, -340.50)",,,,
15:27:44:2931,"(970.75, -340.50)",,,,
15:27:44:3294,"(970.75, -340.50)",,,,
15:27:44:3643,"(970.75, -340.50)",,,,
15:27:44:3991,"(970.75, -340.50)",,,,
15:27:44:4327,"(970.75, -340.50)",,,,
15:27:44:4697,"(970.75, -340.50)",,,,
15:27:44:5030,"(970.75, -340.50)",,,,
15:27:44:5291,"(970.75, -340.50)",,,,
15:27:44:5549,"(970.75, -340.50)",,,,
15:27:44:5807,"(970.75, -340.50)",,,,
15:27:44:6049,"(970.75, -340.50)",,,,
15:27:44:6301,"(970.75, -340.50)",,,,
15:27:44:6543,"(970.75, -340.50)",,,,
15:27:44:6791,"(970.75, -340.50)",,,,
15:27:44:7037,"(970.75, -340.50)",,,,
15:27:44:7492,"(970.75, -340.50)",,,,
15:27:44:7905,"(970.75, -340.50)",,,,
15:27:44:8269,"(970.75, -340.50)",,,,
15:27:44:8723,"(970.75, -340.50)",,,,
15:27:44:9342,"(970.75, -340.50)",,,,
15:27:44:9896,"(970.75, -340.50)",,,,
15:27:45:0427,"(970.75, -340.50)",,,,
15:27:45:1344,"(970.75, -340.50)",,,,
15:27:45:2474,"(970.75, -340.50)",,,,
15:27:45:3278,"(970.75, -340.50)",,,,
15:27:45:4167,"(970.75, -340.50)",,,,
15:27:45:4613,"(970.75, -340.50)",,,,
15:27:45:4984,"(970.75, -340.50)",,,,
15:27:45:5290,"(970.75, -340.50)",,,,
15:27:45:5700,"(970.75, -340.50)",,,,
15:27:45:6029,"(970.75, -340.50)",,,,
15:27:45:7121,"(970.75, -340.50)",,,,
15:27:45:7807,"(970.75, -340.50)",,,,
15:27:45:8748,"(970.75, -340.50)",,,,
15:27:46:1044,"(970.75, -340.50)",,,,
15:27:46:2162,"(970.75, -340.50)",,,,
15:27:46:3293,"(970.75, -340.50)",,,,
15:27:46:4223,"(970.75, -340.50)",,,,
15:27:46:6091,"(970.75, -340.50)",,,,
15:27:46:6991,"(970.75, -340.50)",,,,
15:27:46:8313,"(970.75, -340.50)",,,,
15:27:46:9318,"(970.75, -340.50)",,,,
15:27:47:1543,"(970.75, -340.50)",,,,
15:27:47:2675,"(970.75, -340.50)",,,,
15:27:47:3519,"(970.75, -340.50)",,,,
15:27:47:4192,"(970.75, -340.50)",,,,
15:27:47:5362,"(970.75, -340.50)",,,,
15:27:47:6250,"(970.75, -340.50)",,,,
15:27:47:6684,"(970.75, -340.50)",,,,
15:27:47:7449,"(970.75, -340.50)",,,,
15:27:47:7873,"(970.75, -340.50)",,,,
15:27:47:8369,"(970.75, -340.50)",,,,
15:27:47:8720,"(970.75, -340.50)",,,,
15:27:47:9124,"(970.75, -340.50)",,,,
15:27:47:9519,"(970.75, -340.50)",,,,
15:27:48:0015,"(970.75, -340.50)",,,,
15:27:48:0450,"(970.75, -340.50)",,,,
15:27:48:1295,"(970.75, -340.50)",,,,
15:27:48:2042,"(970.75, -340.50)",,,,
15:27:48:2477,"(970.75, -340.50)",,,,
15:27:48:2859,"(970.75, -340.50)",,,,
15:27:48:3239,"(970.75, -340.50)",,,,
15:27:48:3605,"(970.75, -340.50)",,,,
15:27:48:3953,"(970.75, -340.50)",,,,
15:27:48:4275,"(970.75, -340.50)",,,,
15:27:48:4605,"(970.75, -340.50)",,,,
15:27:48:4948,"(970.75, -340.50)",,,,
15:27:48:5284,"(970.75, -340.50)",,,,
15:27:48:5636,"(970.75, -340.50)",,,,
15:27:48:5991,"(970.75, -340.50)",,,,
15:27:48:6317,"(970.75, -340.50)",,,,
15:27:48:6662,"(970.75, -340.50)",,,,
15:27:48:6975,"(970.75, -340.50)",,,,
15:27:48:7313,"(970.75, -340.50)",,,,
15:27:48:7630,"(970.75, -340.50)",,,,
15:27:48:7969,"(970.75, -340.50)",,,,
15:27:48:8315,"(970.75, -340.50)",,,,
15:27:48:8623,"(970.75, -340.50)",,,,
15:27:48:8957,"(970.75, -340.50)",,,,
15:27:48:9393,"(970.75, -340.50)",,,,
15:27:48:9829,"(970.75, -340.50)",,,,
15:27:49:0411,"(970.75, -340.50)",,,,
15:27:49:0921,"(970.75, -340.50)",,,,
15:27:49:1376,"(970.75, -340.50)",,,,
15:27:49:1843,"(970.75, -340.50)",,,,
15:27:49:2323,"(970.75, -340.50)",,,,
15:27:49:2904,"(970.75, -340.50)",,,,
15:27:49:3254,"(970.75, -340.50)",,,,
15:27:49:3575,"(970.75, -340.50)",,,,
15:27:49:3901,"(970.75, -340.50)",,,,
15:27:49:4230,"(970.75, -340.50)",,,,
15:27:49:4555,"(970.75, -340.50)",,,,
15:27:49:4883,"(970.75, -340.50)",,,,
15:27:49:5225,"(970.75, -340.50)",,,,
15:27:49:5548,"(970.75, -340.50)",,,,
15:27:49:5852,"(970.75, -340.50)",,,,
15:27:49:6172,"(970.75, -340.50)",,,,
15:27:49:6491,"(970.75, -340.50)",,,,
15:27:49:6815,"(970.75, -340.50)",,,,
15:27:49:7183,"(970.75, -340.50)",,,,
15:27:49:7499,"(970.75, -340.50)",,,,
15:27:49:7874,"(970.75, -340.50)",,,,
15:27:49:8236,"(970.75, -340.50)",,,,
15:27:49:8590,"(970.75, -340.50)",,,,
15:27:49:8902,"(970.75, -340.50)",,,,
15:27:49:9684,"(970.75, -340.50)",,,,
15:27:50:0051,"(970.75, -340.50)",,,,
15:27:50:0543,"(970.75, -340.50)",,,,
15:27:50:1082,"(970.75, -340.50)",,,,
15:27:50:1561,"(970.75, -340.50)",,,,
15:27:50:2008,"(970.75, -340.50)",,,,
15:27:50:2429,"(970.75, -340.50)",,,,
15:27:50:2842,"(970.75, -340.50)",,,,
15:27:50:3464,"(970.75, -340.50)",,,,
15:27:50:3717,"(970.75, -340.50)",,,,
15:27:50:3953,"(970.75, -340.50)",,,,
15:27:50:4200,"(970.75, -340.50)",,,,
15:27:50:4469,"(970.75, -340.50)",,,,
15:27:50:4710,"(970.75, -340.50)",,,,
15:27:50:4978,"(970.75, -340.50)",,,,
15:27:50:5236,"(970.75, -340.50)",,,,
15:27:50:5489,"(970.75, -340.50)",,,,
15:27:50:5749,"(970.75, -340.50)",,,,
15:27:50:6017,"(970.75, -340.50)",,,,
15:27:50:6279,"(970.75, -340.50)",,,,
15:27:50:6507,"(970.75, -340.50)",,,,
15:27:50:6767,"(970.75, -340.50)",,,,
15:27:50:7021,"(970.75, -340.50)",,,,
15:27:50:7292,"(970.75, -340.50)",,,,
15:27:50:7538,"(970.75, -340.50)",,,,
15:27:50:7800,"(970.75, -340.50)",,,,
15:27:50:8078,"(970.75, -340.50)",,,,
15:27:50:8347,"(970.75, -340.50)",,,,
15:27:50:8591,"(970.75, -340.50)",,,,
15:27:50:8868,"(970.75, -340.50)",,,,
15:27:50:9141,"(970.75, -340.50)",,,,
15:27:50:9471,"(970.75, -340.50)",,,,
15:27:50:9858,"(970.75, -340.50)",,,,
15:27:51:0245,"(970.75, -340.50)",,,,
15:27:51:0578,"(970.75, -340.50)",,,,
15:27:51:0931,"(970.75, -340.50)",,,,
15:27:51:1296,"(970.75, -340.50)",,,,
15:27:51:1677,"(970.75, -340.50)",,,,
15:27:51:2058,"(970.75, -340.50)",,,,
15:27:51:2347,"(970.75, -340.50)",,,,
15:27:51:2609,"(970.75, -340.50)",,,,
15:27:51:2861,"(970.75, -340.50)",,,,
15:27:51:3117,"(970.75, -340.50)",,,,
15:27:51:3378,"(970.75, -340.50)",,,,
15:27:51:3644,"(970.75, -340.50)",,,,
15:27:51:3891,"(970.75, -340.50)",,,,
15:27:51:4148,"(970.75, -340.50)",,,,
15:27:51:4415,"(970.75, -340.50)",,,,
15:27:51:4665,"(970.75, -340.50)",,,,
15:27:51:4903,"(970.75, -340.50)",,,,
15:27:51:5155,"(970.75, -340.50)",,,,
15:27:51:5399,"(970.75, -340.50)",,,,
15:27:51:5628,"(970.75, -340.50)",,,,
15:27:51:5880,"(970.75, -340.50)",,,,
15:27:51:6141,"(970.75, -340.50)",,,,
15:27:51:6395,"(970.75, -340.50)",,,,
15:27:51:6655,"(970.75, -340.50)",,,,
15:27:51:6915,"(970.75, -340.50)",,,,
15:27:51:7160,"(970.75, -340.50)",,,,
15:27:51:7411,"(970.75, -340.50)",,,,
15:27:51:7651,"(970.75, -340.50)",,,,
15:27:51:7901,"(970.75, -340.50)",,,,
15:27:51:8154,"(970.75, -340.50)",,,,
15:27:51:8393,"(970.75, -340.50)",,,,
15:27:51:8645,"(970.75, -340.50)",,,,
15:27:51:8889,"(970.75, -340.50)",,,,
15:27:51:9124,"(970.75, -340.50)",,,,
15:27:51:9370,"(970.75, -340.50)",,,,
15:27:51:9729,"(970.75, -340.50)",,,,
15:27:52:0078,"(970.75, -340.50)",,,,
15:27:52:0417,"(970.75, -340.50)",,,,
15:27:52:0767,"(970.75, -340.50)",,,,
15:27:52:1152,"(970.75, -340.50)",,,,
15:27:52:1565,"(970.75, -340.50)",,,,
15:27:52:1978,"(970.75, -340.50)",,,,
15:27:52:2378,"(970.75, -340.50)",,,,
15:27:52:2745,"(970.75, -340.50)",,,,
15:27:52:3116,"(970.75, -340.50)",,,,
15:27:52:3493,"(970.75, -340.50)",,,,
15:27:52:3861,"(970.75, -340.50)",,,,
15:27:52:4117,"(970.75, -340.50)",,,,
15:27:52:4369,"(970.75, -340.50)",,,,
15:27:52:4643,"(970.75, -340.50)",,,,
15:27:52:4915,"(970.75, -340.50)",,,,
15:27:52:5170,"(970.75, -340.50)",,,,
15:27:52:5448,"(970.75, -340.50)",,,,
15:27:52:8172,"(940.75, -355.50)",,,,
15:27:52:9209,"(878.75, -283.50)",,,,
15:27:52:9538,"(758.75, -225.50)",,,,
15:27:53:0320,"(518.75, -65.50)",,,,
15:27:53:0721,"(-124.25, 251.50)",,,,
15:27:53:1162,"(-249.25, 281.50)",,,,
15:27:53:2191,"(-249.25, 281.50)",,,,
15:27:53:2628,"(-249.25, 281.50)",,,,
15:27:53:3160,"(-269.25, 329.50)",,,,
15:27:53:3621,"(-284.25, 409.50)",,,,
15:27:53:4011,"(-286.25, 414.50)",,,,
15:27:53:4366,"(-286.25, 414.50)",,,,
15:27:53:4708,"(-286.25, 414.50)",,,,
15:27:53:5078,"(-286.25, 414.50)",,,,
15:27:53:5460,"(-286.25, 414.50)",,,,
15:27:53:5832,"(-296.25, 419.50)",,,,
15:27:53:6205,"(-309.25, 429.50)",,,,
15:27:53:6563,"(-319.25, 436.50)",,,,
15:27:53:6950,"(-324.25, 454.50)",,,,
15:27:53:7273,"(-326.25, 459.50)",,,,
15:27:53:7669,"(-329.25, 464.50)",,,,
15:27:53:8001,"(-329.25, 464.50)",,,,
15:27:53:8335,"(-329.25, 464.50)",,,,
15:27:53:8650,"(-329.25, 464.50)",,,,
15:27:53:8995,"(-329.25, 464.50)",,,,
15:27:53:9339,"(-329.25, 464.50)",,,,
15:27:53:9727,"(-329.25, 464.50)",,,,
15:27:54:0123,"(-329.25, 464.50)",,,,
15:27:54:0539,"(-317.25, 462.50)",,,,
15:27:54:0963,"(-314.25, 459.50)",,,,
15:27:54:1324,"(-314.25, 459.50)",,,,
15:27:54:1713,"(-314.25, 459.50)",,,,
15:27:54:2140,"(-314.25, 459.50)",,,,
15:27:54:2620,"(-314.25, 459.50)",,,,
15:27:54:3180,"(-312.25, 457.50)",,,,
15:27:54:3647,"(-309.25, 454.50)",,,,
15:27:54:4138,"(-304.25, 447.50)",,,,
15:27:54:4605,"(-304.25, 447.50)",,,,
15:27:54:4965,"(-304.25, 447.50)",,,,
15:27:54:5303,"(-304.25, 447.50)",,,,
15:27:54:5666,"(-304.25, 447.50)",,,,
15:27:54:5931,"(-304.25, 447.50)",,,,
15:27:54:6186,"(-304.25, 447.50)",,,,
15:27:54:6512,"(-304.25, 447.50)",,,,
15:27:54:6791,"(-304.25, 447.50)",,,,
15:27:54:7058,"(-304.25, 447.50)",,,,
15:27:54:7320,"(-304.25, 447.50)",,,,
15:27:54:7593,"(-304.25, 447.50)",,,,
15:27:55:3116,"(-304.25, 447.50)",,,,
15:27:55:4162,"(-304.25, 447.50)",,,,
15:27:55:4515,"(-304.25, 447.50)",,,,
15:27:55:4768,"(-304.25, 447.50)",,,,
15:27:55:5027,"(-304.25, 447.50)",,,,
15:27:55:5284,"(-304.25, 447.50)",,,,
15:27:55:5541,"(-304.25, 447.50)",,,,
15:27:55:5790,"(-304.25, 447.50)",,,,
15:27:55:6090,"(-304.25, 447.50)",,,,
15:27:55:6442,"(-304.25, 447.50)",,,,
15:27:55:6803,"(-304.25, 447.50)",,,,
15:27:55:7078,"(-304.25, 447.50)",,,,
15:27:55:7411,"(-304.25, 447.50)",,,,
15:27:55:7741,"(-304.25, 447.50)",,,,
15:27:55:8029,"(-304.25, 447.50)",,,,
15:27:55:8330,"(-304.25, 447.50)",,,,
15:27:55:8621,"(-304.25, 447.50)",,,,
15:27:55:8893,"(-304.25, 447.50)",,,,
15:27:55:9218,"(-304.25, 447.50)",,,,
15:27:55:9621,"(-304.25, 447.50)",,,,
15:27:56:0105,"(-304.25, 447.50)",,,,
15:27:56:0573,"(-304.25, 447.50)",,,,
15:27:56:0975,"(-304.25, 447.50)",,,,
15:27:56:1352,"(-304.25, 447.50)",,,,
15:27:56:1747,"(-304.25, 447.50)",,,,
15:27:56:2126,"(-304.25, 447.50)",,,,
15:27:56:2482,"(-304.25, 447.50)",,,,
15:27:56:2859,"(-304.25, 447.50)",,,,
15:27:56:3240,"(-304.25, 447.50)",,,,
15:27:56:3630,"(-304.25, 447.50)",,,,
15:27:56:4133,"(-304.25, 447.50)",,,,
15:27:56:4493,"(-304.25, 447.50)",,,,
15:27:56:4838,"(-304.25, 447.50)",,,,
15:27:56:5120,"(-304.25, 447.50)",,,,
15:27:56:5374,"(-304.25, 447.50)",,,,
15:27:56:5624,"(-304.25, 447.50)",,,,
15:27:56:5882,"(-304.25, 447.50)",,,,
15:27:56:6151,"(-304.25, 447.50)",,,,
15:27:56:6409,"(-304.25, 447.50)",,,,
15:27:56:6661,"(-304.25, 447.50)",,,,
15:27:56:6912,"(-304.25, 447.50)",,,,
15:27:56:7174,"(-304.25, 447.50)",,,,
15:27:56:7437,"(-304.25, 447.50)",,,,
15:27:56:7700,"(-304.25, 447.50)",,,,
15:27:56:8079,"(-304.25, 447.50)",,,,
15:27:56:8451,"(-304.25, 447.50)",,,,
15:27:56:8735,"(-304.25, 447.50)",,,,
15:27:56:9011,"(-304.25, 447.50)",,,,
15:27:56:9292,"(-304.25, 447.50)",,,,
15:27:56:9555,"(-304.25, 447.50)",,,,
15:27:57:0743,"(-304.25, 447.50)",,,,
15:27:57:1229,"(-304.25, 447.50)",,,,
15:27:57:1793,"(-304.25, 447.50)",,,,
15:27:57:2615,"(-304.25, 447.50)",,,,
15:27:57:3450,"(-304.25, 447.50)",,,,
15:27:57:4542,"(-304.25, 447.50)",,,,
15:27:57:5490,"(-304.25, 447.50)",,,,
15:27:57:5910,"(-304.25, 447.50)",,,,
15:27:57:6218,"(-304.25, 447.50)",,,,
15:27:57:6480,"(-304.25, 447.50)",,,,
15:27:57:7046,"(-304.25, 447.50)",,,,
15:27:57:7375,"(-304.25, 447.50)",,,,
15:27:57:7680,"(-304.25, 447.50)",,,,
15:27:57:7975,"(-304.25, 447.50)",,,,
15:27:57:8260,"(-304.25, 447.50)",,,,
15:27:57:8623,"(-304.25, 447.50)",,,,
15:27:57:9131,"(-304.25, 447.50)",,,,
15:27:57:9552,"(-304.25, 447.50)",,,,
15:27:57:9934,"(-304.25, 447.50)",,,,
15:27:58:0426,"(-304.25, 447.50)",,,,
15:27:58:0955,"(-304.25, 447.50)",,,,
15:27:58:1395,"(-304.25, 447.50)",,,,
15:27:58:1890,"(-304.25, 447.50)",,,,
15:27:58:2698,"(-304.25, 447.50)",,,,
15:27:58:3326,"(-304.25, 447.50)",,,,
15:27:58:4236,"(-304.25, 447.50)",,,,
15:27:58:5139,"(-304.25, 447.50)",,,,
15:27:58:6121,"(-304.25, 447.50)",,,,
15:27:58:7121,"(-304.25, 447.50)",,,,
15:27:58:7936,"(-304.25, 447.50)",,,,
15:27:58:8494,"(-304.25, 447.50)",,,,
15:27:58:8893,"(-304.25, 447.50)",,,,
15:27:58:9318,"(-304.25, 447.50)",,,,
15:27:58:9620,"(-304.25, 447.50)",,,,
15:27:58:9970,"(-304.25, 447.50)",,,,
15:27:59:0355,"(-304.25, 447.50)",,,,
15:27:59:0818,"(-304.25, 447.50)",,,,
15:27:59:1393,"(-304.25, 447.50)",,,,
15:27:59:2008,"(-304.25, 447.50)",,,,
15:27:59:2523,"(-304.25, 447.50)",,,,
15:27:59:3024,"(-304.25, 447.50)",,,,
15:27:59:3511,"(-304.25, 447.50)",,,,
15:27:59:3963,"(-304.25, 447.50)",,,,
15:27:59:4392,"(-304.25, 447.50)",,,,
15:27:59:4889,"(-304.25, 447.50)",,,,
15:27:59:5319,"(-304.25, 447.50)",,,,
15:27:59:5796,"(-304.25, 447.50)",,,,
15:27:59:6217,"(-304.25, 447.50)",,,,
15:27:59:6641,"(-304.25, 447.50)",,,,
15:27:59:7070,"(-304.25, 447.50)",,,,
15:27:59:7483,"(-304.25, 447.50)",,,,
15:27:59:8006,"(-304.25, 447.50)",,,,
15:27:59:8487,"(-304.25, 447.50)",,,,
15:27:59:8909,"(-304.25, 447.50)",,,,
15:27:59:9337,"(-304.25, 447.50)",,,,
15:27:59:9749,"(-304.25, 447.50)",,,,
15:28:00:0307,"(-304.25, 447.50)",,,,
15:28:00:0956,"(-304.25, 447.50)",,,,
15:28:00:1617,"(-304.25, 447.50)",,,,
15:28:00:2201,"(-304.25, 447.50)",,,,
15:28:00:2921,"(-304.25, 447.50)",,,,
15:28:00:3479,"(-304.25, 447.50)",,,,
15:28:00:4052,"(-304.25, 447.50)",,,,
15:28:00:4325,"(-304.25, 447.50)",,,,
15:28:00:4601,"(-304.25, 447.50)",,,,
15:28:00:4859,"(-304.25, 447.50)",,,,
15:28:00:5132,"(-304.25, 447.50)",,,,
15:28:00:5403,"(-304.25, 447.50)",,,,
15:28:00:5662,"(-304.25, 447.50)",,,,
15:28:00:5938,"(-304.25, 447.50)",,,,
15:28:00:6263,"(-304.25, 447.50)",,,,
15:28:00:6510,"(-304.25, 447.50)",,,,
15:28:00:6792,"(-304.25, 447.50)",,,,
15:28:00:7049,"(-304.25, 447.50)",,,,
15:28:00:7308,"(-304.25, 447.50)",,,,
15:28:00:7569,"(-304.25, 447.50)",,,,
15:28:00:7837,"(-304.25, 447.50)",,,,
15:28:00:8128,"(-304.25, 447.50)",,,,
15:28:00:8395,"(-304.25, 447.50)",,,,
15:28:00:8656,"(-304.25, 447.50)",,,,
15:28:00:8956,"(-304.25, 447.50)",,,,
15:28:00:9282,"(-304.25, 447.50)",,,,
15:28:00:9730,"(-304.25, 447.50)",,,,
15:28:01:0240,"(-304.25, 447.50)",,,,
15:28:01:0793,"(-304.25, 447.50)",,,,
15:28:01:1262,"(-304.25, 447.50)",,,,
15:28:01:1736,"(-304.25, 447.50)",,,,
15:28:01:2217,"(-304.25, 447.50)",,,,
15:28:01:2714,"(-304.25, 447.50)",,,,
15:28:01:3162,"(-304.25, 447.50)",,,,
15:28:01:3779,"(-304.25, 447.50)",,,,
15:28:01:4473,"(-304.25, 447.50)",,,,
15:28:01:5016,"(-304.25, 447.50)",,,,
15:28:01:5403,"(-304.25, 447.50)",,,,
15:28:01:5749,"(-304.25, 447.50)",,,,
15:28:01:6400,"(-304.25, 447.50)",,,,
15:28:01:7593,"(-304.25, 447.50)",,,,
15:28:01:7940,"(-304.25, 447.50)",,,,
15:28:01:8426,"(-304.25, 447.50)",,,,
15:28:01:8739,"(-304.25, 447.50)",,,,
15:28:01:9031,"(-304.25, 447.50)",,,,
15:28:01:9331,"(-304.25, 447.50)",,,,
15:28:01:9657,"(-304.25, 447.50)",,,,
15:28:01:9930,"(-304.25, 447.50)",,,,
15:28:02:0252,"(-304.25, 447.50)",,,,
15:28:02:0616,"(-304.25, 447.50)",,,,
15:28:02:1110,"(-304.25, 447.50)",,,,
15:28:02:1631,"(-304.25, 447.50)",,,,
15:28:02:2171,"(-304.25, 447.50)",,,,
15:28:02:2718,"(-304.25, 447.50)",,,,
15:28:02:3172,"(-304.25, 447.50)",,,,
15:28:02:3627,"(-304.25, 447.50)",,,,
15:28:02:4167,"(-304.25, 447.50)",,,,
15:28:02:4602,"(-304.25, 447.50)",,,,
15:28:02:4901,"(-304.25, 447.50)",,,,
15:28:02:5214,"(-304.25, 447.50)",,,,
15:28:02:5500,"(-304.25, 447.50)",,,,
15:28:02:5791,"(-304.25, 447.50)",,,,
15:28:02:6074,"(-304.25, 447.50)",,,,
15:28:02:6378,"(-304.25, 447.50)",,,,
15:28:02:6655,"(-304.25, 447.50)",,,,
15:28:02:7001,"(-304.25, 447.50)",,,,
15:28:02:7296,"(-304.25, 447.50)",,,,
15:28:02:7565,"(-304.25, 447.50)",,,,
15:28:02:7831,"(-304.25, 447.50)",,,,
15:28:02:8106,"(-304.25, 447.50)",,,,
15:28:02:8380,"(-304.25, 447.50)",,,,
15:28:02:8714,"(-304.25, 447.50)",,,,
15:28:02:8970,"(-304.25, 447.50)",,,,
15:28:02:9244,"(-304.25, 447.50)",,,,
15:28:02:9517,"(-304.25, 447.50)",,,,
15:28:02:9792,"(-304.25, 447.50)",,,,
15:28:03:0100,"(-304.25, 447.50)",,,,
15:28:03:0429,"(-304.25, 447.50)",,,,
15:28:03:0762,"(-304.25, 447.50)",,,,
15:28:03:1116,"(-304.25, 447.50)",,,,
15:28:03:1538,"(-304.25, 447.50)",,,,
15:28:03:1867,"(-304.25, 447.50)",,,,
15:28:03:2217,"(-304.25, 447.50)",,,,
15:28:03:2604,"(-304.25, 447.50)",,,,
15:28:03:2948,"(-304.25, 447.50)",,,,
15:28:03:3309,"(-304.25, 447.50)",,,,
15:28:03:3628,"(-304.25, 447.50)",,,,
15:28:03:4045,"(-304.25, 447.50)",,,,
15:28:03:4409,"(-304.25, 447.50)",,,,
15:28:03:4734,"(-304.25, 447.50)",,,,
15:28:03:5046,"(-304.25, 447.50)",,,,
15:28:03:5370,"(-304.25, 447.50)",,,,
15:28:03:5638,"(-304.25, 447.50)",,,,
15:28:03:5908,"(-304.25, 447.50)",,,,
15:28:03:6161,"(-304.25, 447.50)",,,,
15:28:03:6426,"(-304.25, 447.50)",,,,
15:28:03:6689,"(-304.25, 447.50)",,,,
15:28:03:6960,"(-304.25, 447.50)",,,,
15:28:03:7232,"(-304.25, 447.50)",,,,
15:28:03:7493,"(-304.25, 447.50)",,,,
15:28:03:7755,"(-304.25, 447.50)",,,,
15:28:03:8018,"(-304.25, 447.50)",,,,
15:28:03:8310,"(-304.25, 447.50)",,,,
15:28:03:8562,"(-304.25, 447.50)",,,,
15:28:03:8815,"(-304.25, 447.50)",,,,
15:28:03:9065,"(-304.25, 447.50)",,,,
15:28:03:9352,"(-304.25, 447.50)",,,,
15:28:03:9639,"(-304.25, 447.50)",,,,
15:28:03:9897,"(-304.25, 447.50)",,,,
15:28:04:0159,"(-304.25, 447.50)",,,,
15:28:04:0502,"(-304.25, 447.50)",,,,
15:28:04:0846,"(-304.25, 447.50)",,,,
15:28:04:1168,"(-304.25, 447.50)",,,,
15:28:04:1501,"(-304.25, 447.50)",,,,
15:28:04:1839,"(-304.25, 447.50)",,,,
15:28:04:2176,"(-304.25, 447.50)",,,,
15:28:04:2489,"(-304.25, 447.50)",,,,
15:28:04:2813,"(-304.25, 447.50)",,,,
15:28:04:3147,"(-304.25, 447.50)",,,,
15:28:04:3525,"(-304.25, 447.50)",,,,
15:28:04:3827,"(-304.25, 447.50)",,,,
15:28:04:4115,"(-304.25, 447.50)",,,,
15:28:04:4391,"(-304.25, 447.50)",,,,
15:28:04:4682,"(-304.25, 447.50)",,,,
15:28:04:4971,"(-304.25, 447.50)",,,,
15:28:04:5290,"(-304.25, 447.50)",,,,
15:28:04:5554,"(-304.25, 447.50)",,,,
15:28:04:5827,"(-304.25, 447.50)",,,,
15:28:04:6094,"(-304.25, 447.50)",,,,
15:28:04:6349,"(-304.25, 447.50)",,,,
15:28:04:6615,"(-304.25, 447.50)",,,,
15:28:04:6877,"(-304.25, 447.50)",,,,
15:28:04:7145,"(-304.25, 447.50)",,,,
15:28:04:7399,"(-304.25, 447.50)",,,,
15:28:04:7667,"(-304.25, 447.50)",,,,
15:28:04:7941,"(-304.25, 447.50)",,,,
15:28:04:8203,"(-304.25, 447.50)",,,,
15:28:04:8475,"(-304.25, 447.50)",,,,
15:28:04:8738,"(-304.25, 447.50)",,,,
15:28:04:9010,"(-304.25, 447.50)",,,,
15:28:04:9276,"(-304.25, 447.50)",,,,
15:28:04:9527,"(-304.25, 447.50)",,,,
15:28:04:9792,"(-304.25, 447.50)",,,,
15:28:05:0060,"(-304.25, 447.50)",,,,
15:28:05:0326,"(-304.25, 447.50)",,,,
15:28:05:0640,"(-304.25, 447.50)",,,,
15:28:05:0993,"(-304.25, 447.50)",,,,
15:28:05:1313,"(-304.25, 447.50)",,,,
15:28:05:1645,"(-304.25, 447.50)",,,,
15:28:05:1935,"(-304.25, 447.50)",,,,
15:28:05:2193,"(-304.25, 447.50)",,,,
15:28:05:2466,"(-304.25, 447.50)",,,,
15:28:05:2718,"(-304.25, 447.50)",,,,
15:28:05:2979,"(-304.25, 447.50)",,,,
15:28:05:3244,"(-304.25, 447.50)",,,,
15:28:05:3509,"(-304.25, 447.50)",,,,
15:28:05:3783,"(-304.25, 447.50)",,,,
15:28:05:4040,"(-304.25, 447.50)",,,,
15:28:05:4299,"(-304.25, 447.50)",,,,
15:28:05:4556,"(-304.25, 447.50)",,,,
15:28:05:4821,"(-304.25, 447.50)",,,,
15:28:05:5092,"(-304.25, 447.50)",,,,
15:28:05:5341,"(-304.25, 447.50)",,,,
15:28:05:5615,"(-304.25, 447.50)",,,,
15:28:05:5875,"(-304.25, 447.50)",,,,
15:28:05:6134,"(-304.25, 447.50)",,,,
15:28:05:6397,"(-304.25, 447.50)",,,,
15:28:05:6660,"(-304.25, 447.50)",,,,
15:28:05:6921,"(-304.25, 447.50)",,,,
15:28:05:7179,"(-304.25, 447.50)",,,,
15:28:05:7446,"(-304.25, 447.50)",,,,
15:28:05:7715,"(-304.25, 447.50)",,,,
15:28:05:7971,"(-304.25, 447.50)",,,,
15:28:05:8233,"(-304.25, 447.50)",,,,
15:28:05:8494,"(-304.25, 447.50)",,,,
15:28:05:8753,"(-304.25, 447.50)",,,,
15:28:05:9016,"(-304.25, 447.50)",,,,
15:28:05:9292,"(-304.25, 447.50)",,,,
15:28:05:9559,"(-304.25, 447.50)",,,,
15:28:05:9818,"(-304.25, 447.50)",,,,
15:28:06:0076,"(-304.25, 447.50)",,,,
15:28:06:0345,"(-304.25, 447.50)",,,,
15:28:06:0669,"(-304.25, 447.50)",,,,
15:28:06:0981,"(-304.25, 447.50)",,,,
15:28:06:1327,"(-304.25, 447.50)",,,,
15:28:06:1649,"(-304.25, 447.50)",,,,
15:28:06:1971,"(-304.25, 447.50)",,,,
15:28:06:2292,"(-304.25, 447.50)",,,,
15:28:06:2554,"(-304.25, 447.50)",,,,
15:28:06:2815,"(-304.25, 447.50)",,,,
15:28:06:3077,"(-304.25, 447.50)",,,,
15:28:06:3335,"(-304.25, 447.50)",,,,
15:28:06:3594,"(-304.25, 447.50)",,,,
15:28:06:3859,"(-304.25, 447.50)",,,,
15:28:06:4112,"(-304.25, 447.50)",,,,
15:28:06:4375,"(-304.25, 447.50)",,,,
15:28:06:4642,"(-304.25, 447.50)",,,,
15:28:06:4901,"(-304.25, 447.50)",,,,
15:28:06:5168,"(-304.25, 447.50)",,,,
15:28:06:5426,"(-304.25, 447.50)",,,,
15:28:06:5692,"(-304.25, 447.50)",,,,
15:28:06:5950,"(-304.25, 447.50)",,,,
15:28:06:6221,"(-304.25, 447.50)",,,,
15:28:06:6506,"(-304.25, 447.50)",,,,
15:28:06:6781,"(-304.25, 447.50)",,,,
15:28:06:7064,"(-304.25, 447.50)",,,,
15:28:06:7330,"(-304.25, 447.50)",,,,
15:28:06:7611,"(-304.25, 447.50)",,,,
15:28:06:7889,"(-304.25, 447.50)",,,,
15:28:06:8163,"(-304.25, 447.50)",,,,
15:28:06:8416,"(-304.25, 447.50)",,,,
15:28:06:8692,"(-304.25, 447.50)",,,,
15:28:06:8959,"(-304.25, 447.50)",,,,
15:28:06:9221,"(-304.25, 447.50)",,,,
15:28:06:9502,"(-304.25, 447.50)",,,,
15:28:06:9775,"(-304.25, 447.50)",,,,
15:28:07:0053,"(-304.25, 447.50)",,,,
15:28:07:0336,"(-304.25, 447.50)",,,,
15:28:07:0689,"(-304.25, 447.50)",,,,
15:28:07:1062,"(-304.25, 447.50)",,,,
15:28:07:1442,"(-304.25, 447.50)",,,,
15:28:07:1792,"(-304.25, 447.50)",,,,
15:28:07:2150,"(-304.25, 447.50)",,,,
15:28:07:2417,"(-304.25, 447.50)",,,,
15:28:07:2691,"(-304.25, 447.50)",,,,
15:28:07:2951,"(-304.25, 447.50)",,,,
15:28:07:3224,"(-304.25, 447.50)",,,,
15:28:07:3491,"(-304.25, 447.50)",,,,
15:28:07:3755,"(-304.25, 447.50)",,,,
15:28:07:4021,"(-304.25, 447.50)",,,,
15:28:07:4291,"(-304.25, 447.50)",,,,
15:28:07:4554,"(-304.25, 447.50)",,,,
15:28:07:4818,"(-304.25, 447.50)",,,,
15:28:07:5090,"(-304.25, 447.50)",,,,
15:28:07:5357,"(-304.25, 447.50)",,,,
15:28:07:5634,"(-304.25, 447.50)",,,,
15:28:07:5919,"(-304.25, 447.50)",,,,
15:28:07:6232,"(-304.25, 447.50)",,,,
15:28:07:6504,"(-304.25, 447.50)",,,,
15:28:07:6855,"(-304.25, 447.50)",,,,
15:28:07:7175,"(-304.25, 447.50)",,,,
15:28:07:7468,"(-304.25, 447.50)",,,,
15:28:07:7722,"(-304.25, 447.50)",,,,
15:28:07:7995,"(-304.25, 447.50)",,,,
15:28:07:8277,"(-304.25, 447.50)",,,,
15:28:07:8558,"(-304.25, 447.50)",,,,
15:28:07:8839,"(-304.25, 447.50)",,,,
15:28:07:9124,"(-304.25, 447.50)",,,,
15:28:07:9408,"(-304.25, 447.50)",,,,
15:28:07:9720,"(-304.25, 447.50)",,,,
15:28:07:9993,"(-304.25, 447.50)",,,,
15:28:08:0279,"(-304.25, 447.50)",,,,
15:28:08:0561,"(-304.25, 447.50)",,,,
15:28:08:0873,"(-304.25, 447.50)",,,,
15:28:08:1213,"(-304.25, 447.50)",,,,
15:28:08:1545,"(-304.25, 447.50)",,,,
15:28:08:2021,"(-304.25, 447.50)",,,,
15:28:08:2303,"(-304.25, 447.50)",,,,
15:28:08:2572,"(-304.25, 447.50)",,,,
15:28:08:2843,"(-304.25, 447.50)",,,,
15:28:08:3111,"(-304.25, 447.50)",,,,
15:28:08:3369,"(-304.25, 447.50)",,,,
15:28:08:3630,"(-304.25, 447.50)",,,,
15:28:08:3898,"(-304.25, 447.50)",,,,
15:28:08:4157,"(-304.25, 447.50)",,,,
15:28:08:4436,"(-304.25, 447.50)",,,,
15:28:08:4717,"(-304.25, 447.50)",,,,
15:28:08:4972,"(-304.25, 447.50)",,,,
15:28:08:5243,"(-304.25, 447.50)",,,,
15:28:08:5503,"(-304.25, 447.50)",,,,
15:28:08:5759,"(-304.25, 447.50)",,,,
15:28:08:6029,"(-304.25, 447.50)",,,,
15:28:08:6310,"(-304.25, 447.50)",,,,
15:28:08:6580,"(-304.25, 447.50)",,,,
15:28:08:6878,"(-304.25, 447.50)",,,,
15:28:08:7154,"(-304.25, 447.50)",,,,
15:28:08:7469,"(-304.25, 447.50)",,,,
15:28:08:7748,"(-304.25, 447.50)",,,,
15:28:08:8042,"(-304.25, 447.50)",,,,
15:28:08:8308,"(-304.25, 447.50)",,,,
15:28:08:8578,"(-304.25, 447.50)",,,,
15:28:08:8849,"(-304.25, 447.50)",,,,
15:28:08:9106,"(-304.25, 447.50)",,,,
15:28:08:9433,"(-304.25, 447.50)",,,,
15:28:08:9693,"(-304.25, 447.50)",,,,
15:28:08:9963,"(-304.25, 447.50)",,,,
15:28:09:0237,"(-304.25, 447.50)",,,,
15:28:09:0535,"(-304.25, 447.50)",,,,
15:28:09:0826,"(-304.25, 447.50)",,,,
15:28:09:1157,"(-304.25, 447.50)",,,,
15:28:09:1543,"(-304.25, 447.50)",,,,
15:28:09:1941,"(-304.25, 447.50)",,,,
15:28:09:2381,"(-304.25, 447.50)",,,,
15:28:09:2746,"(-304.25, 447.50)",,,,
15:28:09:3053,"(-304.25, 447.50)",,,,
15:28:09:3371,"(-304.25, 447.50)",,,,
15:28:09:3738,"(-304.25, 447.50)",,,,
15:28:09:4118,"(-304.25, 447.50)",,,,
15:28:09:4493,"(-304.25, 447.50)",,,,
15:28:09:5080,"(-304.25, 447.50)",,,,
15:28:09:5370,"(-304.25, 447.50)",,,,
15:28:09:5665,"(-304.25, 447.50)",,,,
15:28:09:5934,"(-304.25, 447.50)",,,,
15:28:09:6208,"(-304.25, 447.50)",,,,
15:28:09:6471,"(-304.25, 447.50)",,,,
15:28:09:6745,"(-304.25, 447.50)",,,,
15:28:09:7043,"(-304.25, 447.50)",,,,
15:28:09:7323,"(-304.25, 447.50)",,,,
15:28:09:7594,"(-304.25, 447.50)",,,,
15:28:09:7869,"(-304.25, 447.50)",,,,
15:28:09:8161,"(-304.25, 447.50)",,,,
15:28:09:8434,"(-304.25, 447.50)",,,,
15:28:09:8719,"(-304.25, 447.50)",,,,
15:28:09:9023,"(-304.25, 447.50)",,,,
15:28:09:9314,"(-304.25, 447.50)",,,,
15:28:09:9596,"(-304.25, 447.50)",,,,
15:28:09:9866,"(-304.25, 447.50)",,,,
15:28:10:0141,"(-304.25, 447.50)",,,,
15:28:10:0404,"(-304.25, 447.50)",,,,
15:28:10:0694,"(-304.25, 447.50)",,,,
15:28:10:0991,"(-304.25, 447.50)",,,,
15:28:10:1330,"(-304.25, 447.50)",,,,
15:28:10:1691,"(-304.25, 447.50)",,,,
15:28:10:2240,"(-304.25, 447.50)",,,,
15:28:10:2601,"(-304.25, 447.50)",,,,
15:28:10:2880,"(-304.25, 447.50)",,,,
15:28:10:3152,"(-304.25, 447.50)",,,,
15:28:10:3405,"(-304.25, 447.50)",,,,
15:28:10:3690,"(-304.25, 447.50)",,,,
15:28:10:3959,"(-304.25, 447.50)",,,,
15:28:10:4247,"(-304.25, 447.50)",,,,
15:28:10:4540,"(-304.25, 447.50)",,,,
15:28:10:4836,"(-304.25, 447.50)",,,,
15:28:10:5120,"(-304.25, 447.50)",,,,
15:28:10:5422,"(-304.25, 447.50)",,,,
15:28:10:5690,"(-304.25, 447.50)",,,,
15:28:10:5962,"(-304.25, 447.50)",,,,
15:28:10:6218,"(-304.25, 447.50)",,,,
15:28:10:6489,"(-304.25, 447.50)",,,,
15:28:10:6791,"(-304.25, 447.50)",,,,
15:28:10:7075,"(-304.25, 447.50)",,,,
15:28:10:7360,"(-304.25, 447.50)",,,,
15:28:10:7641,"(-304.25, 447.50)",,,,
15:28:10:7911,"(-304.25, 447.50)",,,,
15:28:10:8189,"(-304.25, 447.50)",,,,
15:28:10:8547,"(-304.25, 447.50)",,,,
15:28:10:8889,"(-304.25, 447.50)",,,,
15:28:10:9259,"(-304.25, 447.50)",,,,
15:28:10:9559,"(-304.25, 447.50)",,,,
15:28:10:9821,"(-304.25, 447.50)",,,,
15:28:11:0100,"(-304.25, 447.50)",,,,
15:28:11:0403,"(-304.25, 447.50)",,,,
15:28:11:0668,"(-304.25, 447.50)",,,,
15:28:11:0949,"(-304.25, 447.50)",,,,
15:28:11:1273,"(-304.25, 447.50)",,,,
15:28:11:1608,"(-304.25, 447.50)",,,,
15:28:11:1929,"(-304.25, 447.50)",,,,
15:28:11:2276,"(-304.25, 447.50)",,,,
15:28:11:2623,"(-304.25, 447.50)",,,,
15:28:11:2992,"(-304.25, 447.50)",,,,
15:28:11:3827,"(-304.25, 447.50)",,,,
15:28:11:4242,"(-304.25, 447.50)",,,,
15:28:11:4627,"(-304.25, 447.50)",,,,
15:28:11:5091,"(-304.25, 447.50)",,,,
15:28:11:5435,"(-304.25, 447.50)",,,,
15:28:11:5757,"(-304.25, 447.50)",,,,
15:28:11:6076,"(-304.25, 447.50)",,,,
15:28:11:6381,"(-304.25, 447.50)",,,,
15:28:11:6655,"(-304.25, 447.50)",,,,
15:28:11:6912,"(-304.25, 447.50)",,,,
15:28:11:7191,"(-304.25, 447.50)",,,,
15:28:11:7492,"(-304.25, 447.50)",,,,
15:28:11:7768,"(-304.25, 447.50)",,,,
15:28:11:8036,"(-304.25, 447.50)",,,,
15:28:11:8357,"(-304.25, 447.50)",,,,
15:28:11:8648,"(-304.25, 447.50)",,,,
15:28:11:8929,"(-304.25, 447.50)",,,,
15:28:11:9200,"(-304.25, 447.50)",,,,
15:28:11:9482,"(-304.25, 447.50)",,,,
15:28:11:9753,"(-304.25, 447.50)",,,,
15:28:12:0049,"(-304.25, 447.50)",,,,
15:28:12:0375,"(-304.25, 447.50)",,,,
15:28:12:0745,"(-304.25, 447.50)",,,,
15:28:12:1076,"(-304.25, 447.50)",,,,
15:28:12:1515,"(-304.25, 447.50)",,,,
15:28:12:1977,"(-304.25, 447.50)",,,,
15:28:12:2392,"(-304.25, 447.50)",,,,
15:28:12:2954,"(-304.25, 447.50)",,,,
15:28:12:3318,"(-304.25, 447.50)",,,,
15:28:12:3677,"(-304.25, 447.50)",,,,
15:28:12:4010,"(-304.25, 447.50)",,,,
15:28:12:4393,"(-304.25, 447.50)",,,,
15:28:12:4741,"(-304.25, 447.50)",,,,
15:28:12:5043,"(-304.25, 447.50)",,,,
15:28:12:5411,"(-304.25, 447.50)",,,,
15:28:12:5764,"(-304.25, 447.50)",,,,
15:28:12:6082,"(-304.25, 447.50)",,,,
15:28:12:6371,"(-304.25, 447.50)",,,,
15:28:12:6652,"(-304.25, 447.50)",,,,
15:28:12:6934,"(-304.25, 447.50)",,,,
15:28:12:7220,"(-304.25, 447.50)",,,,
15:28:12:7517,"(-304.25, 447.50)",,,,
15:28:12:7805,"(-304.25, 447.50)",,,,
15:28:12:8080,"(-304.25, 447.50)",,,,
15:28:12:8441,"(-304.25, 447.50)",,,,
15:28:12:8771,"(-304.25, 447.50)",,,,
15:28:12:9062,"(-304.25, 447.50)",,,,
15:28:12:9366,"(-304.25, 447.50)",,,,
15:28:12:9653,"(-304.25, 447.50)",,,,
15:28:13:0004,"(-304.25, 447.50)",,,,
15:28:13:0330,"(-304.25, 447.50)",,,,
15:28:13:0658,"(-304.25, 447.50)",,,,
15:28:13:0969,"(-304.25, 447.50)",,,,
15:28:13:1251,"(-304.25, 447.50)",,,,
15:28:13:1728,"(-304.25, 447.50)",,,,
15:28:13:2143,"(-304.25, 447.50)",,,,
15:28:13:2549,"(-304.25, 447.50)",,,,
15:28:13:2877,"(-304.25, 447.50)",,,,
15:28:13:3158,"(-304.25, 447.50)",,,,
15:28:13:3453,"(-304.25, 447.50)",,,,
15:28:13:3752,"(-304.25, 447.50)",,,,
15:28:13:4040,"(-304.25, 447.50)",,,,
15:28:13:4325,"(-304.25, 447.50)",,,,
15:28:13:4610,"(-304.25, 447.50)",,,,
15:28:13:4894,"(-304.25, 447.50)",,,,
15:28:13:5177,"(-304.25, 447.50)",,,,
15:28:13:5479,"(-304.25, 447.50)",,,,
15:28:13:5769,"(-304.25, 447.50)",,,,
15:28:13:6054,"(-304.25, 447.50)",,,,
15:28:13:6319,"(-304.25, 447.50)",,,,
15:28:13:6588,"(-304.25, 447.50)",,,,
15:28:13:6855,"(-304.25, 447.50)",,,,
15:28:13:7133,"(-304.25, 447.50)",,,,
15:28:13:7415,"(-304.25, 447.50)",,,,
15:28:13:7692,"(-304.25, 447.50)",,,,
15:28:13:7965,"(-304.25, 447.50)",,,,
15:28:13:8316,"(-304.25, 447.50)",,,,
15:28:13:8639,"(-304.25, 447.50)",,,,
15:28:13:8924,"(-304.25, 447.50)",,,,
15:28:13:9209,"(-304.25, 447.50)",,,,
15:28:13:9493,"(-304.25, 447.50)",,,,
15:28:13:9767,"(-304.25, 447.50)",,,,
15:28:14:0032,"(-304.25, 447.50)",,,,
15:28:14:0327,"(-304.25, 447.50)",,,,
15:28:14:0603,"(-304.25, 447.50)",,,,
15:28:14:0885,"(-304.25, 447.50)",,,,
15:28:14:1146,"(-304.25, 447.50)",,,,
15:28:14:1505,"(-304.25, 447.50)",,,,
15:28:14:1865,"(-304.25, 447.50)",,,,
15:28:14:2243,"(-304.25, 447.50)",,,,
15:28:14:2606,"(-304.25, 447.50)",,,,
15:28:14:2877,"(-304.25, 447.50)",,,,
15:28:14:3161,"(-304.25, 447.50)",,,,
15:28:14:3438,"(-304.25, 447.50)",,,,
15:28:14:3723,"(-304.25, 447.50)",,,,
15:28:14:3997,"(-304.25, 447.50)",,,,
15:28:14:4268,"(-304.25, 447.50)",,,,
15:28:14:4552,"(-304.25, 447.50)",,,,
15:28:14:4947,"(-304.25, 447.50)",,,,
15:28:14:5412,"(-304.25, 447.50)",,,,
15:28:14:5832,"(-304.25, 447.50)",,,,
15:28:14:6541,"(-304.25, 447.50)",,,,
15:28:14:7168,"(-304.25, 447.50)",,,,
15:28:14:8089,"(-304.25, 447.50)",,,,
15:28:14:8596,"(-304.25, 447.50)",,,,
15:28:14:9220,"(-304.25, 447.50)",,,,
15:28:14:9843,"(-304.25, 447.50)",,,,
15:28:15:0385,"(-304.25, 447.50)",,,,
15:28:15:0882,"(-304.25, 447.50)",,,,
15:28:15:1323,"(-304.25, 447.50)",,,,
15:28:15:1944,"(-304.25, 447.50)",,,,
15:28:15:2598,"(-304.25, 447.50)",,,,
15:28:15:3302,"(-304.25, 447.50)",,,,
15:28:15:3909,"(-304.25, 447.50)",,,,
15:28:15:4461,"(-304.25, 447.50)",,,,
15:28:15:4925,"(-304.25, 447.50)",,,,
15:28:15:5429,"(-304.25, 447.50)",,,,
15:28:15:6041,"(-304.25, 447.50)",,,,
15:28:15:6658,"(-304.25, 447.50)",,,,
15:28:15:7251,"(-304.25, 447.50)",,,,
15:28:15:7817,"(-304.25, 447.50)",,,,
15:28:15:8345,"(-304.25, 447.50)",,,,
15:28:15:8834,"(-304.25, 447.50)",,,,
15:28:15:9213,"(-304.25, 447.50)",,,,
15:28:16:0101,"(-304.25, 447.50)",,,,
15:28:16:0900,"(-304.25, 447.50)",,,,
15:28:16:2831,"(-304.25, 447.50)",,,,
15:28:16:3366,"(-304.25, 447.50)",,,,
15:28:16:3917,"(-304.25, 447.50)",,,,
15:28:16:5064,"(-304.25, 447.50)",,,,
15:28:16:6028,"(-304.25, 447.50)",,,,
15:28:16:6661,"(-304.25, 447.50)",,,,
15:28:16:8062,"(-304.25, 447.50)",,,,
15:28:16:8705,"(-304.25, 447.50)",,,,
15:28:16:9420,"(-304.25, 447.50)",,,,
15:28:17:0060,"(-304.25, 447.50)",,,,
15:28:17:0742,"(-304.25, 447.50)",,,,
15:28:17:1714,"(-304.25, 447.50)",,,,
15:28:17:3484,"(-304.25, 447.50)",,,,
15:28:17:4819,"(-304.25, 447.50)",,,,
15:28:17:5969,"(-304.25, 447.50)",,,,
15:28:17:7512,"(-304.25, 447.50)",,,,
15:28:17:8339,"(-304.25, 447.50)",,,,
15:28:17:9450,"(-304.25, 447.50)",,,,
15:28:18:0459,"(-304.25, 447.50)",,,,
15:28:18:1178,"(-304.25, 447.50)",,,,
15:28:18:2318,"(-304.25, 447.50)",,,,
15:28:18:3368,"(-304.25, 447.50)",,,,
15:28:18:4718,"(-304.25, 447.50)",,,,
15:28:18:5678,"(-304.25, 447.50)",,,,
15:28:18:6271,"(-304.25, 447.50)",,,,
15:28:18:6901,"(-304.25, 447.50)",,,,
15:28:18:7402,"(-304.25, 447.50)",,,,
15:28:18:8027,"(-304.25, 447.50)",,,,
15:28:18:8702,"(-304.25, 447.50)",,,,
15:28:18:9639,"(-304.25, 447.50)",,,,
15:28:19:0537,"(-304.25, 447.50)",,,,
15:28:19:1133,"(-304.25, 447.50)",,,,
15:28:19:1564,"(-304.25, 447.50)",,,,
15:28:19:2882,"(-304.25, 447.50)",,,,
15:28:19:4302,"(-304.25, 447.50)",,,,
15:28:19:4749,"(-304.25, 447.50)",,,,
15:28:19:5457,"(-304.25, 447.50)",,,,
15:28:19:5828,"(-304.25, 447.50)",,,,
15:28:19:6340,"(-304.25, 447.50)",,,,
15:28:19:6753,"(-304.25, 447.50)",,,,
15:28:19:7595,"(-304.25, 447.50)",,,,
15:28:19:8241,"(-304.25, 447.50)",,,,
15:28:19:8630,"(-304.25, 447.50)",,,,
15:28:19:9451,"(-304.25, 447.50)",,,,
15:28:20:0434,"(-304.25, 447.50)",,,,
15:28:20:0792,"(-304.25, 447.50)",,,,
15:28:20:1119,"(-304.25, 447.50)",,,,
15:28:20:1546,"(-304.25, 447.50)",,,,
15:28:20:2402,"(-304.25, 447.50)",,,,
15:28:20:3268,"(-304.25, 447.50)",,,,
15:28:20:4031,"(-304.25, 447.50)",,,,
15:28:20:5123,"(-304.25, 447.50)",,,,
15:28:20:5706,"(-304.25, 447.50)",,,,
15:28:20:6284,"(-304.25, 447.50)",,,,
15:28:20:6710,"(-304.25, 447.50)",,,,
15:28:20:7007,"(-304.25, 447.50)",,,,
15:28:20:7309,"(-304.25, 447.50)",,,,
15:28:20:7611,"(-304.25, 447.50)",,,,
15:28:20:7902,"(-304.25, 447.50)",,,,
15:28:20:8199,"(-304.25, 447.50)",,,,
15:28:20:8532,"(-304.25, 447.50)",,,,
15:28:20:8845,"(-304.25, 447.50)",,,,
15:28:20:9143,"(-304.25, 447.50)",,,,
15:28:20:9458,"(-304.25, 447.50)",,,,
15:28:20:9751,"(-304.25, 447.50)",,,,
15:28:21:0030,"(-304.25, 447.50)",,,,
15:28:21:0317,"(-304.25, 447.50)",,,,
15:28:21:0591,"(-304.25, 447.50)",,,,
15:28:21:0870,"(-304.25, 447.50)",,,,
15:28:21:1210,"(-304.25, 447.50)",,,,
15:28:21:1544,"(-304.25, 447.50)",,,,
15:28:21:1849,"(-304.25, 447.50)",,,,
15:28:21:2254,"(-304.25, 447.50)",,,,
15:28:21:2624,"(-304.25, 447.50)",,,,
15:28:21:2978,"(-304.25, 447.50)",,,,
15:28:21:3401,"(-304.25, 447.50)",,,,
15:28:21:3796,"(-304.25, 447.50)",,,,
15:28:21:4106,"(-304.25, 447.50)",,,,
15:28:21:4388,"(-304.25, 447.50)",,,,
15:28:21:4666,"(-304.25, 447.50)",,,,
15:28:21:5009,"(-304.25, 447.50)",,,,
15:28:21:5296,"(-304.25, 447.50)",,,,
15:28:21:5701,"(-304.25, 447.50)",,,,
15:28:21:6045,"(-304.25, 447.50)",,,,
15:28:21:6333,"(-304.25, 447.50)",,,,
15:28:21:6691,"(-304.25, 447.50)",,,,
15:28:21:7051,"(-304.25, 447.50)",,,,
15:28:21:7436,"(-304.25, 447.50)",,,,
15:28:21:7735,"(-304.25, 447.50)",,,,
15:28:21:8073,"(-304.25, 447.50)",,,,
15:28:21:8364,"(-304.25, 447.50)",,,,
15:28:21:8660,"(-304.25, 447.50)",,,,
15:28:21:8962,"(-304.25, 447.50)",,,,
15:28:21:9274,"(-304.25, 447.50)",,,,
15:28:21:9549,"(-304.25, 447.50)",,,,
15:28:21:9883,"(-304.25, 447.50)",,,,
15:28:22:0208,"(-304.25, 447.50)",,,,
15:28:22:0501,"(-304.25, 447.50)",,,,
15:28:22:0798,"(-304.25, 447.50)",,,,
15:28:22:1091,"(-304.25, 447.50)",,,,
15:28:22:1400,"(-304.25, 447.50)",,,,
15:28:22:1734,"(-304.25, 447.50)",,,,
15:28:22:2030,"(-304.25, 447.50)",,,,
15:28:22:2465,"(-304.25, 447.50)",,,,
15:28:22:2873,"(-304.25, 447.50)",,,,
15:28:22:3201,"(-304.25, 447.50)",,,,
15:28:22:3580,"(-304.25, 447.50)",,,,
15:28:22:4008,"(-304.25, 447.50)",,,,
15:28:22:4297,"(-304.25, 447.50)",,,,
15:28:22:4583,"(-304.25, 447.50)",,,,
15:28:22:4859,"(-304.25, 447.50)",,,,
15:28:22:5147,"(-304.25, 447.50)",,,,
15:28:22:5430,"(-304.25, 447.50)",,,,
15:28:22:5745,"(-304.25, 447.50)",,,,
15:28:22:6059,"(-304.25, 447.50)",,,,
15:28:22:6347,"(-304.25, 447.50)",,,,
15:28:22:6644,"(-304.25, 447.50)",,,,
15:28:22:6953,"(-304.25, 447.50)",,,,
15:28:22:7252,"(-304.25, 447.50)",,,,
15:28:22:7540,"(-304.25, 447.50)",,,,
15:28:22:7829,"(-304.25, 447.50)",,,,
15:28:22:8111,"(-304.25, 447.50)",,,,
15:28:22:8407,"(-304.25, 447.50)",,,,
15:28:22:8687,"(-304.25, 447.50)",,,,
15:28:22:9004,"(-304.25, 447.50)",,,,
15:28:22:9324,"(-304.25, 447.50)",,,,
15:28:22:9613,"(-304.25, 447.50)",,,,
15:28:22:9934,"(-304.25, 447.50)",,,,
15:28:23:0259,"(-304.25, 447.50)",,,,
15:28:23:0544,"(-304.25, 447.50)",,,,
15:28:23:0869,"(-304.25, 447.50)",,,,
15:28:23:1290,"(-304.25, 447.50)",,,,
15:28:23:1661,"(-304.25, 447.50)",,,,
15:28:23:1974,"(-304.25, 447.50)",,,,
15:28:23:2474,"(-304.25, 447.50)",,,,
15:28:23:2933,"(-304.25, 447.50)",,,,
15:28:23:3296,"(-304.25, 447.50)",,,,
15:28:23:3695,"(-304.25, 447.50)",,,,
15:28:23:4036,"(-304.25, 447.50)",,,,
15:28:23:4333,"(-304.25, 447.50)",,,,
15:28:23:4660,"(-304.25, 447.50)",,,,
15:28:23:4956,"(-304.25, 447.50)",,,,
15:28:23:5239,"(-304.25, 447.50)",,,,
15:28:23:5519,"(-304.25, 447.50)",,,,
15:28:23:5808,"(-304.25, 447.50)",,,,
15:28:23:6090,"(-304.25, 447.50)",,,,
15:28:23:6391,"(-304.25, 447.50)",,,,
15:28:23:6691,"(-304.25, 447.50)",,,,
15:28:23:7252,"(-304.25, 447.50)",,,,
15:28:23:7604,"(-304.25, 447.50)",,,,
15:28:23:7962,"(-304.25, 447.50)",,,,
15:28:23:8389,"(-304.25, 447.50)",,,,
15:28:23:8717,"(-304.25, 447.50)",,,,
15:28:23:9300,"(-304.25, 447.50)",,,,
15:28:23:9788,"(-304.25, 447.50)",,,,
15:28:24:0270,"(-304.25, 447.50)",,,,
15:28:24:0897,"(-304.25, 447.50)",,,,
15:28:24:1262,"(-304.25, 447.50)",,,,
15:28:24:1748,"(-304.25, 447.50)",,,,
15:28:24:2701,"(-304.25, 447.50)",,,,
15:28:24:3403,"(-304.25, 447.50)",,,,
15:28:24:4736,"(-304.25, 447.50)",,,,
15:28:24:5424,"(-304.25, 447.50)",,,,
15:28:24:6532,"(-304.25, 447.50)",,,,
15:28:24:6957,"(-304.25, 447.50)",,,,
15:28:24:7350,"(-304.25, 447.50)",,,,
15:28:24:7892,"(-304.25, 447.50)",,,,
15:28:24:8402,"(-304.25, 447.50)",,,,
15:28:24:9068,"(-304.25, 447.50)",,,,
15:28:24:9829,"(-304.25, 447.50)",,,,
15:28:25:0418,"(-304.25, 447.50)",,,,
15:28:25:0917,"(-304.25, 447.50)",,,,
15:28:25:1647,"(-304.25, 447.50)",,,,
15:28:25:2039,"(-304.25, 447.50)",,,,
15:28:25:2814,"(-304.25, 447.50)",,,,
15:28:25:3849,"(-304.25, 447.50)",,,,
15:28:25:4902,"(-304.25, 447.50)",,,,
15:28:25:5394,"(-304.25, 447.50)",,,,
15:28:25:5861,"(-304.25, 447.50)",,,,
15:28:25:6275,"(-304.25, 447.50)",,,,
15:28:25:6857,"(-304.25, 447.50)",,,,
15:28:25:7388,"(-304.25, 447.50)",,,,
15:28:25:8152,"(-304.25, 447.50)",,,,
15:28:25:8531,"(-304.25, 447.50)",,,,
15:28:25:9433,"(-304.25, 447.50)",,,,
15:28:26:0157,"(-304.25, 447.50)",,,,
15:28:26:0561,"(-304.25, 447.50)",,,,
15:28:26:0932,"(-304.25, 447.50)",,,,
15:28:26:1273,"(-304.25, 447.50)",,,,
15:28:26:2092,"(-304.25, 447.50)",,,,
15:28:26:2626,"(-304.25, 447.50)",,,,
15:28:26:3266,"(-304.25, 447.50)",,,,
15:28:26:3773,"(-304.25, 447.50)",,,,
15:28:26:4448,"(-304.25, 447.50)",,,,
15:28:26:4970,"(-304.25, 447.50)",,,,
15:28:26:5601,"(-304.25, 447.50)",,,,
15:28:26:5971,"(-304.25, 447.50)",,,,
15:28:26:6313,"(-304.25, 447.50)",,,,
15:28:26:6691,"(-304.25, 447.50)",,,,
15:28:26:7025,"(-304.25, 447.50)",,,,
15:28:26:7403,"(-304.25, 447.50)",,,,
15:28:26:7740,"(-304.25, 447.50)",,,,
15:28:26:8050,"(-304.25, 447.50)",,,,
15:28:26:8369,"(-304.25, 447.50)",,,,
15:28:26:8669,"(-304.25, 447.50)",,,,
15:28:26:8961,"(-304.25, 447.50)",,,,
15:28:26:9271,"(-304.25, 447.50)",,,,
15:28:26:9593,"(-304.25, 447.50)",,,,
15:28:26:9990,"(-304.25, 447.50)",,,,
15:28:27:0496,"(-304.25, 447.50)",,,,
15:28:27:1008,"(-304.25, 447.50)",,,,
15:28:27:1407,"(-304.25, 447.50)",,,,
15:28:27:1793,"(-304.25, 447.50)",,,,
15:28:27:2342,"(-304.25, 447.50)",,,,
15:28:27:2913,"(-304.25, 447.50)",,,,
15:28:27:3588,"(-304.25, 447.50)",,,,
15:28:27:4075,"(-304.25, 447.50)",,,,
15:28:27:4572,"(-304.25, 447.50)",,,,
15:28:27:5046,"(-304.25, 447.50)",,,,
15:28:27:5943,"(-304.25, 447.50)",,,,
15:28:27:7026,"(-304.25, 447.50)",,,,
15:28:27:7804,"(-304.25, 447.50)",,,,
15:28:27:8423,"(-304.25, 447.50)",,,,
15:28:27:9553,"(-304.25, 447.50)",,,,
15:28:28:0522,"(-304.25, 447.50)",,,,
15:28:28:1977,"(-304.25, 447.50)",,,,
15:28:28:3324,"(-304.25, 447.50)",,,,
15:28:28:4336,"(-304.25, 447.50)",,,,
15:28:28:5322,"(-304.25, 447.50)",,,,
15:28:28:5807,"(-304.25, 447.50)",,,,
15:28:28:7067,"(-304.25, 447.50)",,,,
15:28:28:7798,"(-304.25, 447.50)",,,,
15:28:28:8880,"(-304.25, 447.50)",,,,
15:28:28:9814,"(-304.25, 447.50)",,,,
15:28:29:0187,"(-304.25, 447.50)",,,,
15:28:29:0648,"(-304.25, 447.50)",,,,
15:28:29:1077,"(-304.25, 447.50)",,,,
15:28:29:2433,"(-304.25, 447.50)",,,,
15:28:29:3201,"(-304.25, 447.50)",,,,
15:28:29:4093,"(-304.25, 447.50)",,,,
15:28:29:4807,"(-304.25, 447.50)",,,,
15:28:29:5205,"(-304.25, 447.50)",,,,
15:28:29:5602,"(-304.25, 447.50)",,,,
15:28:29:6045,"(-304.25, 447.50)",,,,
15:28:29:6464,"(-304.25, 447.50)",,,,
15:28:29:6840,"(-304.25, 447.50)",,,,
15:28:29:7210,"(-304.25, 447.50)",,,,
15:28:29:7585,"(-304.25, 447.50)",,,,
15:28:29:7932,"(-304.25, 447.50)",,,,
15:28:29:8304,"(-304.25, 447.50)",,,,
15:28:29:8663,"(-304.25, 447.50)",,,,
15:28:29:9035,"(-304.25, 447.50)",,,,
15:28:29:9478,"(-304.25, 447.50)",,,,
15:28:29:9915,"(-304.25, 447.50)",,,,
15:28:30:0380,"(-304.25, 447.50)",,,,
15:28:30:0734,"(-304.25, 447.50)",,,,
15:28:30:1781,"(-304.25, 447.50)",,,,
15:28:30:2263,"(-304.25, 447.50)",,,,
15:28:30:2719,"(-304.25, 447.50)",,,,
15:28:30:3167,"(-304.25, 447.50)",,,,
15:28:30:3738,"(-304.25, 447.50)",,,,
15:28:30:4296,"(-304.25, 447.50)",,,,
15:28:30:4918,"(-304.25, 447.50)",,,,
15:28:30:5340,"(-304.25, 447.50)",,,,
15:28:30:5733,"(-304.25, 447.50)",,,,
15:28:30:6182,"(-304.25, 447.50)",,,,
15:28:30:6707,"(-304.25, 447.50)",,,,
15:28:30:7167,"(-304.25, 447.50)",,,,
15:28:30:7866,"(-304.25, 447.50)",,,,
15:28:30:8177,"(-304.25, 447.50)",,,,
15:28:30:8477,"(-304.25, 447.50)",,,,
15:28:30:8783,"(-304.25, 447.50)",,,,
15:28:30:9089,"(-304.25, 447.50)",,,,
15:28:30:9433,"(-304.25, 447.50)",,,,
15:28:30:9727,"(-304.25, 447.50)",,,,
15:28:31:0016,"(-304.25, 447.50)",,,,
15:28:31:0340,"(-304.25, 447.50)",,,,
15:28:31:0634,"(-304.25, 447.50)",,,,
15:28:31:0916,"(-304.25, 447.50)",,,,
15:28:31:1238,"(-304.25, 447.50)",,,,
15:28:31:1528,"(-304.25, 447.50)",,,,
15:28:31:1819,"(-304.25, 447.50)",,,,
15:28:31:2119,"(-304.25, 447.50)",,,,
15:28:31:2441,"(-304.25, 447.50)",,,,
15:28:31:2759,"(-304.25, 447.50)",,,,
15:28:31:3069,"(-304.25, 447.50)",,,,
15:28:31:3425,"(-304.25, 447.50)",,,,
15:28:31:3778,"(-304.25, 447.50)",,,,
15:28:31:4140,"(-304.25, 447.50)",,,,
15:28:31:4497,"(-304.25, 447.50)",,,,
15:28:31:4860,"(-304.25, 447.50)",,,,
15:28:31:5170,"(-304.25, 447.50)",,,,
15:28:31:5470,"(-304.25, 447.50)",,,,
15:28:31:5789,"(-304.25, 447.50)",,,,
15:28:31:6077,"(-304.25, 447.50)",,,,
15:28:31:6370,"(-304.25, 447.50)",,,,
15:28:31:6661,"(-304.25, 447.50)",,,,
15:28:31:6946,"(-304.25, 447.50)",,,,
15:28:31:7241,"(-304.25, 447.50)",,,,
15:28:31:7538,"(-304.25, 447.50)",,,,
15:28:31:7847,"(-304.25, 447.50)",,,,
15:28:31:8172,"(-304.25, 447.50)",,,,
15:28:31:8490,"(-304.25, 447.50)",,,,
15:28:31:8791,"(-304.25, 447.50)",,,,
15:28:31:9081,"(-304.25, 447.50)",,,,
15:28:31:9395,"(-304.25, 447.50)",,,,
15:28:31:9690,"(-304.25, 447.50)",,,,
15:28:31:9980,"(-304.25, 447.50)",,,,
15:28:32:0278,"(-304.25, 447.50)",,,,
15:28:32:0570,"(-304.25, 447.50)",,,,
15:28:32:0873,"(-304.25, 447.50)",,,,
15:28:32:1248,"(-304.25, 447.50)",,,,
15:28:32:1567,"(-304.25, 447.50)",,,,
15:28:32:1871,"(-304.25, 447.50)",,,,
15:28:32:2189,"(-304.25, 447.50)",,,,
15:28:32:2498,"(-304.25, 447.50)",,,,
15:28:32:2819,"(-304.25, 447.50)",,,,
15:28:32:3156,"(-304.25, 447.50)",,,,
15:28:32:3528,"(-304.25, 447.50)",,,,
15:28:32:3920,"(-304.25, 447.50)",,,,
15:28:32:4336,"(-304.25, 447.50)",,,,
15:28:32:4718,"(-304.25, 447.50)",,,,
15:28:32:5040,"(-304.25, 447.50)",,,,
15:28:32:5327,"(-304.25, 447.50)",,,,
15:28:32:5633,"(-304.25, 447.50)",,,,
15:28:32:5956,"(-304.25, 447.50)",,,,
15:28:32:6253,"(-304.25, 447.50)",,,,
15:28:32:6574,"(-304.25, 447.50)",,,,
15:28:32:6881,"(-304.25, 447.50)",,,,
15:28:32:7178,"(-304.25, 447.50)",,,,
15:28:32:7504,"(-304.25, 447.50)",,,,
15:28:32:7807,"(-304.25, 447.50)",,,,
15:28:32:8092,"(-304.25, 447.50)",,,,
15:28:32:8392,"(-304.25, 447.50)",,,,
15:28:32:8690,"(-304.25, 447.50)",,,,
15:28:32:8991,"(-304.25, 447.50)",,,,
15:28:32:9292,"(-304.25, 447.50)",,,,
15:28:32:9590,"(-304.25, 447.50)",,,,
15:28:32:9891,"(-304.25, 447.50)",,,,
15:28:33:0206,"(-304.25, 447.50)",,,,
15:28:33:0504,"(-304.25, 447.50)",,,,
15:28:33:0794,"(-304.25, 447.50)",,,,
15:28:33:1136,"(-304.25, 447.50)",,,,
15:28:33:1525,"(-304.25, 447.50)",,,,
15:28:33:1983,"(-304.25, 447.50)",,,,
15:28:33:2391,"(-304.25, 447.50)",,,,
15:28:33:3154,"(-304.25, 447.50)",,,,
15:28:33:4270,"(-304.25, 447.50)",,,,
15:28:33:4952,"(-304.25, 447.50)",,,,
15:28:33:5908,"(-304.25, 447.50)",,,,
15:28:33:6406,"(-304.25, 447.50)",,,,
15:28:33:6970,"(-304.25, 447.50)",,,,
15:28:33:7350,"(-304.25, 447.50)",,,,
15:28:33:7753,"(-304.25, 447.50)",,,,
15:28:33:8120,"(-304.25, 447.50)",,,,
15:28:33:8519,"(-304.25, 447.50)",,,,
15:28:33:8944,"(-304.25, 447.50)",,,,
15:28:33:9366,"(-304.25, 447.50)",,,,
15:28:33:9832,"(-304.25, 447.50)",,,,
15:28:34:0275,"(-304.25, 447.50)",,,,
15:28:34:0670,"(-304.25, 447.50)",,,,
15:28:34:1147,"(-304.25, 447.50)",,,,
15:28:34:1692,"(-304.25, 447.50)",,,,
15:28:34:2188,"(-304.25, 447.50)",,,,
15:28:34:2629,"(-304.25, 447.50)",,,,
15:28:34:3018,"(-304.25, 447.50)",,,,
15:28:34:3447,"(-304.25, 447.50)",,,,
15:28:34:3959,"(-304.25, 447.50)",,,,
15:28:34:4462,"(-304.25, 447.50)",,,,
15:28:34:4991,"(-304.25, 447.50)",,,,
15:28:34:5475,"(-304.25, 447.50)",,,,
15:28:34:5917,"(-304.25, 447.50)",,,,
15:28:34:6298,"(-304.25, 447.50)",,,,
15:28:34:6617,"(-304.25, 447.50)",,,,
15:28:34:6927,"(-304.25, 447.50)",,,,
15:28:34:7237,"(-304.25, 447.50)",,,,
15:28:34:7538,"(-304.25, 447.50)",,,,
15:28:34:7857,"(-304.25, 447.50)",,,,
15:28:34:8152,"(-304.25, 447.50)",,,,
15:28:34:8469,"(-304.25, 447.50)",,,,
15:28:34:8877,"(-304.25, 447.50)",,,,
15:28:34:9338,"(-304.25, 447.50)",,,,
15:28:34:9819,"(-304.25, 447.50)",,,,
15:28:35:0289,"(-304.25, 447.50)",,,,
15:28:35:0803,"(-304.25, 447.50)",,,,
15:28:35:1250,"(-304.25, 447.50)",,,,
15:28:35:1715,"(-304.25, 447.50)",,,,
15:28:35:2053,"(-304.25, 447.50)",,,,
15:28:35:2393,"(-304.25, 447.50)",,,,
15:28:35:2726,"(-304.25, 447.50)",,,,
15:28:35:3059,"(-304.25, 447.50)",,,,
15:28:35:3407,"(-304.25, 447.50)",,,,
15:28:35:3804,"(-304.25, 447.50)",,,,
15:28:35:4177,"(-304.25, 447.50)",,,,
15:28:35:4542,"(-304.25, 447.50)",,,,
15:28:35:4922,"(-304.25, 447.50)",,,,
15:28:35:5290,"(-304.25, 447.50)",,,,
15:28:35:5580,"(-304.25, 447.50)",,,,
15:28:35:5876,"(-304.25, 447.50)",,,,
15:28:35:6179,"(-304.25, 447.50)",,,,
15:28:35:6474,"(-304.25, 447.50)",,,,
15:28:35:6787,"(-304.25, 447.50)",,,,
15:28:35:7082,"(-304.25, 447.50)",,,,
15:28:35:7370,"(-304.25, 447.50)",,,,
15:28:35:7679,"(-304.25, 447.50)",,,,
15:28:35:7981,"(-304.25, 447.50)",,,,
15:28:35:8275,"(-304.25, 447.50)",,,,
15:28:35:8572,"(-304.25, 447.50)",,,,
15:28:35:8871,"(-304.25, 447.50)",,,,
15:28:35:9218,"(-304.25, 447.50)",,,,
15:28:35:9592,"(-304.25, 447.50)",,,,
15:28:35:9952,"(-304.25, 447.50)",,,,
15:28:36:0259,"(-304.25, 447.50)",,,,
15:28:36:0578,"(-304.25, 447.50)",,,,
15:28:36:0889,"(-304.25, 447.50)",,,,
15:28:36:1180,"(-304.25, 447.50)",,,,
15:28:36:1485,"(-304.25, 447.50)",,,,
15:28:36:1782,"(-304.25, 447.50)",,,,
15:28:36:2092,"(-304.25, 447.50)",,,,
15:28:36:2397,"(-304.25, 447.50)",,,,
15:28:36:2689,"(-304.25, 447.50)",,,,
15:28:36:3010,"(-304.25, 447.50)",,,,
15:28:36:3319,"(-304.25, 447.50)",,,,
15:28:36:3673,"(-304.25, 447.50)",,,,
15:28:36:4061,"(-304.25, 447.50)",,,,
15:28:36:4445,"(-304.25, 447.50)",,,,
15:28:36:4877,"(-304.25, 447.50)",,,,
15:28:36:5279,"(-304.25, 447.50)",,,,
15:28:36:5596,"(-304.25, 447.50)",,,,
15:28:36:5917,"(-304.25, 447.50)",,,,
15:28:36:6242,"(-304.25, 447.50)",,,,
15:28:36:6575,"(-304.25, 447.50)",,,,
15:28:36:6874,"(-304.25, 447.50)",,,,
15:28:36:7193,"(-304.25, 447.50)",,,,
15:28:36:7507,"(-304.25, 447.50)",,,,
15:28:36:7833,"(-304.25, 447.50)",,,,
15:28:36:8135,"(-304.25, 447.50)",,,,
15:28:36:8489,"(-304.25, 447.50)",,,,
15:28:36:8795,"(-304.25, 447.50)",,,,
15:28:36:9107,"(-304.25, 447.50)",,,,
15:28:36:9417,"(-304.25, 447.50)",,,,
15:28:36:9705,"(-304.25, 447.50)",,,,
15:28:37:0017,"(-304.25, 447.50)",,,,
15:28:37:0316,"(-304.25, 447.50)",,,,
15:28:37:0626,"(-304.25, 447.50)",,,,
15:28:37:0928,"(-304.25, 447.50)",,,,
15:28:37:1245,"(-304.25, 447.50)",,,,
15:28:37:1549,"(-304.25, 447.50)",,,,
15:28:37:1849,"(-304.25, 447.50)",,,,
15:28:37:2140,"(-304.25, 447.50)",,,,
15:28:37:2449,"(-304.25, 447.50)",,,,
15:28:37:2827,"(-304.25, 447.50)",,,,
15:28:37:3132,"(-304.25, 447.50)",,,,
15:28:37:3474,"(-304.25, 447.50)",,,,
15:28:37:3982,"(-304.25, 447.50)",,,,
15:28:37:4492,"(-304.25, 447.50)",,,,
15:28:37:5149,"(-304.25, 447.50)",,,,
15:28:37:5665,"(-304.25, 447.50)",,,,
15:28:37:6089,"(-304.25, 447.50)",,,,
15:28:37:6407,"(-304.25, 447.50)",,,,
15:28:37:6832,"(-304.25, 447.50)",,,,
15:28:37:7143,"(-304.25, 447.50)",,,,
15:28:37:7464,"(-304.25, 447.50)",,,,
15:28:37:7801,"(-304.25, 447.50)",,,,
15:28:37:8174,"(-304.25, 447.50)",,,,
15:28:37:8582,"(-304.25, 447.50)",,,,
15:28:37:9052,"(-304.25, 447.50)",,,,
15:28:37:9634,"(-304.25, 447.50)",,,,
15:28:38:0464,"(-304.25, 447.50)",,,,
15:28:38:0941,"(-304.25, 447.50)",,,,
15:28:38:1746,"(-304.25, 447.50)",,,,
15:28:38:2106,"(-304.25, 447.50)",,,,
15:28:38:2447,"(-304.25, 447.50)",,,,
15:28:38:2792,"(-304.25, 447.50)",,,,
15:28:38:3122,"(-304.25, 447.50)",,,,
15:28:38:3434,"(-304.25, 447.50)",,,,
15:28:38:3740,"(-304.25, 447.50)",,,,
15:28:38:4134,"(-304.25, 447.50)",,,,
15:28:38:4554,"(-304.25, 447.50)",,,,
15:28:38:4971,"(-304.25, 447.50)",,,,
15:28:38:5389,"(-304.25, 447.50)",,,,
15:28:38:5734,"(-304.25, 447.50)",,,,
15:28:38:6062,"(-304.25, 447.50)",,,,
15:28:38:6372,"(-304.25, 447.50)",,,,
15:28:38:6735,"(-304.25, 447.50)",,,,
15:28:38:7100,"(-304.25, 447.50)",,,,
15:28:38:7420,"(-304.25, 447.50)",,,,
15:28:38:7757,"(-304.25, 447.50)",,,,
15:28:38:8055,"(-304.25, 447.50)",,,,
15:28:38:8362,"(-304.25, 447.50)",,,,
15:28:38:8709,"(-304.25, 447.50)",,,,
15:28:38:9171,"(-304.25, 447.50)",,,,
15:28:38:9591,"(-304.25, 447.50)",,,,
15:28:38:9989,"(-304.25, 447.50)",,,,
15:28:39:0353,"(-304.25, 447.50)",,,,
15:28:39:0709,"(-304.25, 447.50)",,,,
15:28:39:1038,"(-304.25, 447.50)",,,,
15:28:39:1419,"(-304.25, 447.50)",,,,
15:28:39:1806,"(-304.25, 447.50)",,,,
15:28:39:2136,"(-304.25, 447.50)",,,,
15:28:39:2460,"(-304.25, 447.50)",,,,
15:28:39:2771,"(-304.25, 447.50)",,,,
15:28:39:3098,"(-304.25, 447.50)",,,,
15:28:39:3411,"(-304.25, 447.50)",,,,
15:28:39:3718,"(-304.25, 447.50)",,,,
15:28:39:4091,"(-304.25, 447.50)",,,,
15:28:39:4474,"(-304.25, 447.50)",,,,
15:28:39:4849,"(-304.25, 447.50)",,,,
15:28:39:5217,"(-304.25, 447.50)",,,,
15:28:39:5648,"(-304.25, 447.50)",,,,
15:28:39:5949,"(-304.25, 447.50)",,,,
15:28:39:6256,"(-304.25, 447.50)",,,,
15:28:39:6569,"(-304.25, 447.50)",,,,
15:28:39:6928,"(-304.25, 447.50)",,,,
15:28:39:7351,"(-304.25, 447.50)",,,,
15:28:39:7694,"(-304.25, 447.50)",,,,
15:28:39:8050,"(-304.25, 447.50)",,,,
15:28:39:8356,"(-304.25, 447.50)",,,,
15:28:39:8662,"(-304.25, 447.50)",,,,
15:28:39:8952,"(-304.25, 447.50)",,,,
15:28:39:9308,"(-304.25, 447.50)",,,,
15:28:39:9691,"(-304.25, 447.50)",,,,
15:28:40:0130,"(-304.25, 447.50)",,,,
15:28:40:0566,"(-304.25, 447.50)",,,,
15:28:40:0963,"(-304.25, 447.50)",,,,
15:28:40:1390,"(-304.25, 447.50)",,,,
15:28:40:1791,"(-304.25, 447.50)",,,,
15:28:40:2159,"(-304.25, 447.50)",,,,
15:28:40:2512,"(-304.25, 447.50)",,,,
15:28:40:2843,"(-304.25, 447.50)",,,,
15:28:40:3159,"(-304.25, 447.50)",,,,
15:28:40:3491,"(-304.25, 447.50)",,,,
15:28:40:3833,"(-304.25, 447.50)",,,,
15:28:40:4211,"(-304.25, 447.50)",,,,
15:28:40:4602,"(-304.25, 447.50)",,,,
15:28:40:4977,"(-304.25, 447.50)",,,,
15:28:40:5400,"(-304.25, 447.50)",,,,
15:28:40:5825,"(-304.25, 447.50)",,,,
15:28:40:6194,"(-304.25, 447.50)",,,,
15:28:40:6517,"(-304.25, 447.50)",,,,
15:28:40:6895,"(-304.25, 447.50)",,,,
15:28:40:7212,"(-304.25, 447.50)",,,,
15:28:40:7524,"(-304.25, 447.50)",,,,
15:28:40:7842,"(-304.25, 447.50)",,,,
15:28:40:8151,"(-304.25, 447.50)",,,,
15:28:40:8456,"(-304.25, 447.50)",,,,
15:28:40:8747,"(-304.25, 447.50)",,,,
15:28:40:9060,"(-304.25, 447.50)",,,,
15:28:40:9375,"(-304.25, 447.50)",,,,
15:28:40:9726,"(-304.25, 447.50)",,,,
15:28:41:0112,"(-304.25, 447.50)",,,,
15:28:41:0517,"(-304.25, 447.50)",,,,
15:28:41:0964,"(-304.25, 447.50)",,,,
15:28:41:1923,"(-304.25, 447.50)",,,,
15:28:41:2520,"(-304.25, 447.50)",,,,
15:28:41:3091,"(-304.25, 447.50)",,,,
15:28:41:4277,"(-304.25, 447.50)",,,,
15:28:41:5316,"(-304.25, 447.50)",,,,
15:28:41:7320,"(-304.25, 447.50)",,,,
15:28:41:8503,"(-304.25, 447.50)",,,,
15:28:41:9597,"(-304.25, 447.50)",,,,
15:28:42:0932,"(-304.25, 447.50)",,,,
15:28:42:1636,"(-304.25, 447.50)",,,,
15:28:42:2617,"(-304.25, 447.50)",,,,
15:28:42:3347,"(-304.25, 447.50)",,,,
15:28:42:4502,"(-304.25, 447.50)",,,,
15:28:42:5612,"(-304.25, 447.50)",,,,
15:28:42:7093,"(-304.25, 447.50)",,,,
15:28:42:8001,"(-304.25, 447.50)",,,,
15:28:42:8411,"(-304.25, 447.50)",,,,
15:28:42:8947,"(-304.25, 447.50)",,,,
15:28:43:0474,"(-304.25, 447.50)",,,,
15:28:43:1365,"(-304.25, 447.50)",,,,
15:28:43:1926,"(-304.25, 447.50)",,,,
15:28:43:2463,"(-304.25, 447.50)",,,,
15:28:43:3081,"(-304.25, 447.50)",,,,
15:28:43:3690,"(-304.25, 447.50)",,,,
15:28:43:4123,"(-304.25, 447.50)",,,,
15:28:43:4598,"(-304.25, 447.50)",,,,
15:28:43:5127,"(-304.25, 447.50)",,,,
15:28:43:5640,"(-304.25, 447.50)",,,,
15:28:43:5998,"(-304.25, 447.50)",,,,
15:28:43:6322,"(-304.25, 447.50)",,,,
15:28:43:6650,"(-304.25, 447.50)",,,,
15:28:43:6991,"(-304.25, 447.50)",,,,
15:28:43:7337,"(-304.25, 447.50)",,,,
15:28:43:7652,"(-304.25, 447.50)",,,,
15:28:43:7959,"(-304.25, 447.50)",,,,
15:28:43:8264,"(-304.25, 447.50)",,,,
15:28:43:8578,"(-304.25, 447.50)",,,,
15:28:43:8892,"(-304.25, 447.50)",,,,
15:28:43:9209,"(-304.25, 447.50)",,,,
15:28:43:9520,"(-304.25, 447.50)",,,,
15:28:43:9830,"(-304.25, 447.50)",,,,
15:28:44:0127,"(-304.25, 447.50)",,,,
15:28:44:0456,"(-304.25, 447.50)",,,,
15:28:44:0820,"(-304.25, 447.50)",,,,
15:28:44:1133,"(-304.25, 447.50)",,,,
15:28:44:1472,"(-304.25, 447.50)",,,,
15:28:44:1792,"(-304.25, 447.50)",,,,
15:28:44:2269,"(-304.25, 447.50)",,,,
15:28:44:2710,"(-304.25, 447.50)",,,,
15:28:44:3055,"(-304.25, 447.50)",,,,
15:28:44:3444,"(-304.25, 447.50)",,,,
15:28:44:3773,"(-304.25, 447.50)",,,,
15:28:44:4079,"(-304.25, 447.50)",,,,
15:28:44:4401,"(-304.25, 447.50)",,,,
15:28:44:4842,"(-304.25, 447.50)",,,,
15:28:44:5318,"(-304.25, 447.50)",,,,
15:28:44:5826,"(-304.25, 447.50)",,,,
15:28:44:6245,"(-304.25, 447.50)",,,,
15:28:44:6574,"(-304.25, 447.50)",,,,
15:28:44:6897,"(-304.25, 447.50)",,,,
15:28:44:7249,"(-304.25, 447.50)",,,,
15:28:44:7560,"(-304.25, 447.50)",,,,
15:28:44:7878,"(-304.25, 447.50)",,,,
15:28:44:8187,"(-304.25, 447.50)",,,,
15:28:44:8500,"(-304.25, 447.50)",,,,
15:28:44:8823,"(-304.25, 447.50)",,,,
15:28:44:9157,"(-304.25, 447.50)",,,,
15:28:44:9499,"(-304.25, 447.50)",,,,
15:28:44:9865,"(-304.25, 447.50)",,,,
15:28:45:0255,"(-304.25, 447.50)",,,,
15:28:45:0643,"(-304.25, 447.50)",,,,
15:28:45:1007,"(-304.25, 447.50)",,,,
15:28:45:1360,"(-304.25, 447.50)",,,,
15:28:45:1749,"(-304.25, 447.50)",,,,
15:28:45:2151,"(-304.25, 447.50)",,,,
15:28:45:2517,"(-304.25, 447.50)",,,,
15:28:45:2854,"(-304.25, 447.50)",,,,
15:28:45:3177,"(-304.25, 447.50)",,,,
15:28:45:3524,"(-304.25, 447.50)",,,,
15:28:45:3872,"(-304.25, 447.50)",,,,
15:28:45:4252,"(-304.25, 447.50)",,,,
15:28:45:4651,"(-304.25, 447.50)",,,,
15:28:45:5101,"(-304.25, 447.50)",,,,
15:28:45:5549,"(-304.25, 447.50)",,,,
15:28:45:5959,"(-304.25, 447.50)",,,,
15:28:45:6430,"(-304.25, 447.50)",,,,
15:28:45:6889,"(-304.25, 447.50)",,,,
15:28:45:7268,"(-304.25, 447.50)",,,,
15:28:45:7588,"(-304.25, 447.50)",,,,
15:28:45:7899,"(-304.25, 447.50)",,,,
15:28:45:8215,"(-304.25, 447.50)",,,,
15:28:45:8523,"(-304.25, 447.50)",,,,
15:28:45:8847,"(-304.25, 447.50)",,,,
15:28:45:9177,"(-304.25, 447.50)",,,,
15:28:45:9537,"(-304.25, 447.50)",,,,
15:28:45:9849,"(-304.25, 447.50)",,,,
15:28:46:0163,"(-304.25, 447.50)",,,,
15:28:46:0479,"(-304.25, 447.50)",,,,
15:28:46:0775,"(-304.25, 447.50)",,,,
15:28:46:1088,"(-304.25, 447.50)",,,,
15:28:46:1428,"(-304.25, 447.50)",,,,
15:28:46:1824,"(-304.25, 447.50)",,,,
15:28:46:2239,"(-304.25, 447.50)",,,,
15:28:46:2667,"(-304.25, 447.50)",,,,
15:28:46:3031,"(-304.25, 447.50)",,,,
15:28:46:3488,"(-304.25, 447.50)",,,,
15:28:46:3968,"(-304.25, 447.50)",,,,
15:28:46:4740,"(-304.25, 447.50)",,,,
15:28:46:5123,"(-304.25, 447.50)",,,,
15:28:46:5497,"(-304.25, 447.50)",,,,
15:28:46:5890,"(-304.25, 447.50)",,,,
15:28:46:6277,"(-304.25, 447.50)",,,,
15:28:46:6615,"(-304.25, 447.50)",,,,
15:28:46:6941,"(-304.25, 447.50)",,,,
15:28:46:7345,"(-304.25, 447.50)",,,,
15:28:46:7816,"(-304.25, 447.50)",,,,
15:28:46:8148,"(-304.25, 447.50)",,,,
15:28:46:8458,"(-304.25, 447.50)",,,,
15:28:46:8791,"(-304.25, 447.50)",,,,
15:28:46:9102,"(-304.25, 447.50)",,,,
15:28:46:9431,"(-304.25, 447.50)",,,,
15:28:46:9737,"(-304.25, 447.50)",,,,
15:28:47:0061,"(-304.25, 447.50)",,,,
15:28:47:0377,"(-304.25, 447.50)",,,,
15:28:47:0688,"(-304.25, 447.50)",,,,
15:28:47:1055,"(-304.25, 447.50)",,,,
15:28:47:1352,"(-304.25, 447.50)",,,,
15:28:47:1667,"(-304.25, 447.50)",,,,
15:28:47:2000,"(-304.25, 447.50)",,,,
15:28:47:2343,"(-304.25, 447.50)",,,,
15:28:47:2678,"(-304.25, 447.50)",,,,
15:28:47:2999,"(-304.25, 447.50)",,,,
15:28:47:3310,"(-304.25, 447.50)",,,,
15:28:47:3634,"(-304.25, 447.50)",,,,
15:28:47:4014,"(-304.25, 447.50)",,,,
15:28:47:4407,"(-304.25, 447.50)",,,,
15:28:47:4891,"(-304.25, 447.50)",,,,
15:28:47:5352,"(-304.25, 447.50)",,,,
15:28:47:5840,"(-304.25, 447.50)",,,,
15:28:47:6311,"(-304.25, 447.50)",,,,
15:28:47:6835,"(-304.25, 447.50)",,,,
15:28:47:7259,"(-304.25, 447.50)",,,,
15:28:47:7697,"(-304.25, 447.50)",,,,
15:28:47:8093,"(-304.25, 447.50)",,,,
15:28:47:8425,"(-304.25, 447.50)",,,,
15:28:47:8772,"(-304.25, 447.50)",,,,
15:28:47:9110,"(-304.25, 447.50)",,,,
15:28:47:9450,"(-304.25, 447.50)",,,,
15:28:47:9794,"(-304.25, 447.50)",,,,
15:28:48:0138,"(-304.25, 447.50)",,,,
15:28:48:0481,"(-304.25, 447.50)",,,,
15:28:48:0797,"(-304.25, 447.50)",,,,
15:28:48:1160,"(-304.25, 447.50)",,,,
15:28:48:1498,"(-304.25, 447.50)",,,,
15:28:48:1829,"(-304.25, 447.50)",,,,
15:28:48:2145,"(-304.25, 447.50)",,,,
15:28:48:2488,"(-304.25, 447.50)",,,,
15:28:48:2802,"(-304.25, 447.50)",,,,
15:28:48:3142,"(-304.25, 447.50)",,,,
15:28:48:3476,"(-304.25, 447.50)",,,,
15:28:48:3807,"(-304.25, 447.50)",,,,
15:28:48:4142,"(-304.25, 447.50)",,,,
15:28:48:4456,"(-304.25, 447.50)",,,,
15:28:48:4766,"(-304.25, 447.50)",,,,
15:28:48:5156,"(-304.25, 447.50)",,,,
15:28:48:5537,"(-304.25, 447.50)",,,,
15:28:48:5930,"(-304.25, 447.50)",,,,
15:28:48:6342,"(-304.25, 447.50)",,,,
15:28:48:6742,"(-304.25, 447.50)",,,,
15:28:48:7170,"(-304.25, 447.50)",,,,
15:28:48:7561,"(-304.25, 447.50)",,,,
15:28:48:7881,"(-304.25, 447.50)",,,,
15:28:48:8204,"(-304.25, 447.50)",,,,
15:28:48:8524,"(-304.25, 447.50)",,,,
15:28:48:8873,"(-304.25, 447.50)",,,,
15:28:48:9257,"(-304.25, 447.50)",,,,
15:28:48:9621,"(-304.25, 447.50)",,,,
15:28:48:9935,"(-304.25, 447.50)",,,,
15:28:49:0247,"(-304.25, 447.50)",,,,
15:28:49:0559,"(-304.25, 447.50)",,,,
15:28:49:0888,"(-304.25, 447.50)",,,,
15:28:49:1203,"(-304.25, 447.50)",,,,
15:28:49:1528,"(-304.25, 447.50)",,,,
15:28:49:2018,"(-304.25, 447.50)",,,,
15:28:49:2501,"(-304.25, 447.50)",,,,
15:28:49:3104,"(-304.25, 447.50)",,,,
15:28:49:3806,"(-304.25, 447.50)",,,,
15:28:49:4588,"(-304.25, 447.50)",,,,
15:28:49:5190,"(-304.25, 447.50)",,,,
15:28:49:5819,"(-304.25, 447.50)",,,,
15:28:49:6429,"(-304.25, 447.50)",,,,
15:28:49:6902,"(-304.25, 447.50)",,,,
15:28:49:7381,"(-304.25, 447.50)",,,,
15:28:49:7990,"(-304.25, 447.50)",,,,
15:28:49:8493,"(-304.25, 447.50)",,,,
15:28:49:8920,"(-304.25, 447.50)",,,,
15:28:49:9400,"(-304.25, 447.50)",,,,
15:28:49:9841,"(-304.25, 447.50)",,,,
15:28:50:0195,"(-304.25, 447.50)",,,,
15:28:50:0597,"(-304.25, 447.50)",,,,
15:28:50:0987,"(-304.25, 447.50)",,,,
15:28:50:1331,"(-304.25, 447.50)",,,,
15:28:50:1658,"(-304.25, 447.50)",,,,
15:28:50:1991,"(-304.25, 447.50)",,,,
15:28:50:2354,"(-304.25, 447.50)",,,,
15:28:50:2801,"(-304.25, 447.50)",,,,
15:28:50:3262,"(-304.25, 447.50)",,,,
15:28:50:3715,"(-304.25, 447.50)",,,,
15:28:50:4228,"(-304.25, 447.50)",,,,
15:28:50:4773,"(-304.25, 447.50)",,,,
15:28:50:5336,"(-304.25, 447.50)",,,,
15:28:50:6077,"(-304.25, 447.50)",,,,
15:28:50:6704,"(-304.25, 447.50)",,,,
15:28:50:7275,"(-304.25, 447.50)",,,,
15:28:50:7989,"(-304.25, 447.50)",,,,
15:28:50:8595,"(-304.25, 447.50)",,,,
15:28:50:9024,"(-304.25, 447.50)",,,,
15:28:50:9410,"(-304.25, 447.50)",,,,
15:28:50:9794,"(-304.25, 447.50)",,,,
15:28:51:0164,"(-304.25, 447.50)",,,,
15:28:51:0494,"(-304.25, 447.50)",,,,
15:28:51:0829,"(-304.25, 447.50)",,,,
15:28:51:1147,"(-304.25, 447.50)",,,,
15:28:51:1463,"(-304.25, 447.50)",,,,
15:28:51:1768,"(-304.25, 447.50)",,,,
15:28:51:2127,"(-304.25, 447.50)",,,,
15:28:51:2502,"(-304.25, 447.50)",,,,
15:28:51:2906,"(-304.25, 447.50)",,,,
15:28:51:3342,"(-304.25, 447.50)",,,,
15:28:51:4189,"(-304.25, 447.50)",,,,
15:28:51:4775,"(-304.25, 447.50)",,,,
15:28:51:5986,"(-304.25, 447.50)",,,,
15:28:51:7060,"(-304.25, 447.50)",,,,
15:28:51:8341,"(-304.25, 447.50)",,,,
15:28:51:9154,"(-304.25, 447.50)",,,,
15:28:52:0096,"(-304.25, 447.50)",,,,
15:28:52:1731,"(-304.25, 447.50)",,,,
15:28:52:2406,"(-304.25, 447.50)",,,,
15:28:52:3291,"(-304.25, 447.50)",,,,
15:28:52:4317,"(-304.25, 447.50)",,,,
15:28:52:5174,"(-304.25, 447.50)",,,,
15:28:52:5909,"(-304.25, 447.50)",,,,
15:28:52:6472,"(-304.25, 447.50)",,,,
15:28:52:7067,"(-304.25, 447.50)",,,,
15:28:52:7612,"(-304.25, 447.50)",,,,
15:28:52:8248,"(-304.25, 447.50)",,,,
15:28:52:8713,"(-304.25, 447.50)",,,,
15:28:52:9323,"(-304.25, 447.50)",,,,
15:28:52:9904,"(-304.25, 447.50)",,,,
15:28:53:1361,"(-304.25, 447.50)",,,,
15:28:53:2589,"(-304.25, 447.50)",,,,
15:28:53:3847,"(-304.25, 447.50)",,,,
15:28:53:5414,"(-304.25, 447.50)",,,,
15:28:53:6748,"(-304.25, 447.50)",,,,
15:28:53:8829,"(-304.25, 447.50)",,,,
15:28:54:0203,"(-304.25, 447.50)",,,,
15:28:54:0817,"(-304.25, 447.50)",,,,
15:28:54:1433,"(-304.25, 447.50)",,,,
15:28:54:2561,"(-304.25, 447.50)",,,,
15:28:54:3273,"(-304.25, 447.50)",,,,
15:28:54:4749,"(-304.25, 447.50)",,,,
15:28:54:5592,"(-304.25, 447.50)",,,,
15:28:54:6235,"(-304.25, 447.50)",,,,
15:28:54:7373,"(-304.25, 447.50)",,,,
15:28:54:8187,"(-304.25, 447.50)",,,,
15:28:54:9069,"(-304.25, 447.50)",,,,
15:28:54:9538,"(-304.25, 447.50)",,,,
15:28:54:9987,"(-304.25, 447.50)",,,,
15:28:55:0633,"(-304.25, 447.50)",,,,
15:28:55:1160,"(-304.25, 447.50)",,,,
15:28:55:1539,"(-304.25, 447.50)",,,,
15:28:55:1961,"(-304.25, 447.50)",,,,
15:28:55:2364,"(-304.25, 447.50)",,,,
15:28:55:2722,"(-304.25, 447.50)",,,,
15:28:55:3172,"(-304.25, 447.50)",,,,
15:28:55:3562,"(-304.25, 447.50)",,,,
15:28:55:3970,"(-304.25, 447.50)",,,,
15:28:55:4339,"(-304.25, 447.50)",,,,
15:28:55:4686,"(-304.25, 447.50)",,,,
15:28:55:5016,"(-304.25, 447.50)",,,,
15:28:55:5339,"(-304.25, 447.50)",,,,
15:28:55:5788,"(-304.25, 447.50)",,,,
15:28:55:6218,"(-304.25, 447.50)",,,,
15:28:55:6674,"(-304.25, 447.50)",,,,
15:28:55:7111,"(-304.25, 447.50)",,,,
15:28:55:7610,"(-304.25, 447.50)",,,,
15:28:55:8102,"(-304.25, 447.50)",,,,
15:28:55:8810,"(-304.25, 447.50)",,,,
15:28:55:9132,"(-304.25, 447.50)",,,,
15:28:55:9466,"(-304.25, 447.50)",,,,
15:28:55:9800,"(-304.25, 447.50)",,,,
15:28:56:0128,"(-304.25, 447.50)",,,,
15:28:56:0456,"(-304.25, 447.50)",,,,
15:28:56:0789,"(-304.25, 447.50)",,,,
15:28:56:1118,"(-304.25, 447.50)",,,,
15:28:56:1441,"(-304.25, 447.50)",,,,
15:28:56:1798,"(-304.25, 447.50)",,,,
15:28:56:2139,"(-304.25, 447.50)",,,,
15:28:56:2486,"(-304.25, 447.50)",,,,
15:28:56:2837,"(-304.25, 447.50)",,,,
15:28:56:3177,"(-304.25, 447.50)",,,,
15:28:56:3497,"(-304.25, 447.50)",,,,
15:28:56:3831,"(-304.25, 447.50)",,,,
15:28:56:4198,"(-304.25, 447.50)",,,,
15:28:56:4515,"(-304.25, 447.50)",,,,
15:28:56:4850,"(-304.25, 447.50)",,,,
15:28:56:5197,"(-304.25, 447.50)",,,,
15:28:56:5511,"(-304.25, 447.50)",,,,
15:28:56:5933,"(-304.25, 447.50)",,,,
15:28:56:6399,"(-304.25, 447.50)",,,,
15:28:56:6828,"(-304.25, 447.50)",,,,
15:28:56:7289,"(-304.25, 447.50)",,,,
15:28:56:7724,"(-304.25, 447.50)",,,,
15:28:56:8126,"(-304.25, 447.50)",,,,
15:28:56:8451,"(-304.25, 447.50)",,,,
15:28:56:8781,"(-304.25, 447.50)",,,,
15:28:56:9180,"(-304.25, 447.50)",,,,
15:28:56:9519,"(-304.25, 447.50)",,,,
15:28:57:0091,"(-304.25, 447.50)",,,,
15:28:57:0442,"(-304.25, 447.50)",,,,
15:28:57:0787,"(-304.25, 447.50)",,,,
15:28:57:1132,"(-304.25, 447.50)",,,,
15:28:57:1503,"(-304.25, 447.50)",,,,
15:28:57:1828,"(-304.25, 447.50)",,,,
15:28:57:2196,"(-304.25, 447.50)",,,,
15:28:57:2527,"(-304.25, 447.50)",,,,
15:28:57:2863,"(-304.25, 447.50)",,,,
15:28:57:3185,"(-304.25, 447.50)",,,,
15:28:57:3521,"(-304.25, 447.50)",,,,
15:28:57:3829,"(-304.25, 447.50)",,,,
15:28:57:4163,"(-304.25, 447.50)",,,,
15:28:57:4489,"(-304.25, 447.50)",,,,
15:28:57:4804,"(-304.25, 447.50)",,,,
15:28:57:5140,"(-304.25, 447.50)",,,,
15:28:57:5471,"(-304.25, 447.50)",,,,
15:28:57:5837,"(-304.25, 447.50)",,,,
15:28:57:6263,"(-304.25, 447.50)",,,,
15:28:57:6715,"(-304.25, 447.50)",,,,
15:28:57:7111,"(-304.25, 447.50)",,,,
15:28:57:7444,"(-304.25, 447.50)",,,,
15:28:57:7773,"(-304.25, 447.50)",,,,
15:28:57:8126,"(-304.25, 447.50)",,,,
15:28:57:8458,"(-304.25, 447.50)",,,,
15:28:57:8774,"(-304.25, 447.50)",,,,
15:28:57:9117,"(-304.25, 447.50)",,,,
15:28:57:9453,"(-304.25, 447.50)",,,,
15:28:57:9779,"(-304.25, 447.50)",,,,
15:28:58:0215,"(-304.25, 447.50)",,,,
15:28:58:0637,"(-304.25, 447.50)",,,,
15:28:58:1028,"(-304.25, 447.50)",,,,
15:28:58:1563,"(-304.25, 447.50)",,,,
15:28:58:1925,"(-304.25, 447.50)",,,,
15:28:58:2314,"(-304.25, 447.50)",,,,
15:28:58:2651,"(-304.25, 447.50)",,,,
15:28:58:3023,"(-304.25, 447.50)",,,,
15:28:58:3400,"(-304.25, 447.50)",,,,
15:28:58:3731,"(-304.25, 447.50)",,,,
15:28:58:4137,"(-304.25, 447.50)",,,,
15:28:58:4475,"(-304.25, 447.50)",,,,
15:28:58:4807,"(-304.25, 447.50)",,,,
15:28:58:5168,"(-304.25, 447.50)",,,,
15:28:58:5516,"(-304.25, 447.50)",,,,
15:28:58:5837,"(-304.25, 447.50)",,,,
15:28:58:6289,"(-304.25, 447.50)",,,,
15:28:58:6737,"(-304.25, 447.50)",,,,
15:28:58:7158,"(-304.25, 447.50)",,,,
15:28:58:7653,"(-304.25, 447.50)",,,,
15:28:58:8107,"(-304.25, 447.50)",,,,
15:28:58:8547,"(-304.25, 447.50)",,,,
15:28:58:8933,"(-304.25, 447.50)",,,,
15:28:58:9268,"(-304.25, 447.50)",,,,
15:28:58:9602,"(-304.25, 447.50)",,,,
15:28:58:9929,"(-304.25, 447.50)",,,,
15:28:59:0304,"(-304.25, 447.50)",,,,
15:28:59:0654,"(-304.25, 447.50)",,,,
15:28:59:1014,"(-304.25, 447.50)",,,,
15:28:59:1334,"(-304.25, 447.50)",,,,
15:28:59:1670,"(-304.25, 447.50)",,,,
15:28:59:2003,"(-304.25, 447.50)",,,,
15:28:59:2341,"(-304.25, 447.50)",,,,
15:28:59:2659,"(-304.25, 447.50)",,,,
15:28:59:2983,"(-304.25, 447.50)",,,,
15:28:59:3374,"(-304.25, 447.50)",,,,
15:28:59:3736,"(-304.25, 447.50)",,,,
15:28:59:4141,"(-304.25, 447.50)",,,,
15:28:59:4516,"(-304.25, 447.50)",,,,
15:28:59:4906,"(-304.25, 447.50)",,,,
15:28:59:5256,"(-304.25, 447.50)",,,,
15:28:59:5603,"(-304.25, 447.50)",,,,
15:28:59:5938,"(-304.25, 447.50)",,,,
15:28:59:6402,"(-304.25, 447.50)",,,,
15:28:59:6839,"(-304.25, 447.50)",,,,
15:28:59:7265,"(-304.25, 447.50)",,,,
15:28:59:7668,"(-304.25, 447.50)",,,,
15:28:59:8079,"(-304.25, 447.50)",,,,
15:28:59:8437,"(-304.25, 447.50)",,,,
15:28:59:8751,"(-304.25, 447.50)",,,,
15:28:59:9073,"(-304.25, 447.50)",,,,
15:28:59:9416,"(-304.25, 447.50)",,,,
15:28:59:9744,"(-304.25, 447.50)",,,,
15:29:00:0234,"(-304.25, 447.50)",,,,
15:29:00:0728,"(-304.25, 447.50)",,,,
15:29:00:1200,"(-304.25, 447.50)",,,,
15:29:00:1564,"(-304.25, 447.50)",,,,
15:29:00:1911,"(-304.25, 447.50)",,,,
15:29:00:2341,"(-304.25, 447.50)",,,,
15:29:00:2779,"(-304.25, 447.50)",,,,
15:29:00:3190,"(-304.25, 447.50)",,,,
15:29:00:3541,"(-304.25, 447.50)",,,,
15:29:00:3904,"(-304.25, 447.50)",,,,
15:29:00:4292,"(-304.25, 447.50)",,,,
15:29:00:4627,"(-304.25, 447.50)",,,,
15:29:00:4986,"(-304.25, 447.50)",,,,
15:29:00:5317,"(-304.25, 447.50)",,,,
15:29:00:5656,"(-304.25, 447.50)",,,,
15:29:00:6004,"(-304.25, 447.50)",,,,
15:29:00:6371,"(-304.25, 447.50)",,,,
15:29:00:6798,"(-304.25, 447.50)",,,,
15:29:00:7258,"(-304.25, 447.50)",,,,
15:29:00:7703,"(-304.25, 447.50)",,,,
15:29:00:8119,"(-304.25, 447.50)",,,,
15:29:00:8450,"(-304.25, 447.50)",,,,
15:29:00:8791,"(-304.25, 447.50)",,,,
15:29:00:9118,"(-304.25, 447.50)",,,,
15:29:00:9475,"(-304.25, 447.50)",,,,
15:29:00:9800,"(-304.25, 447.50)",,,,
15:29:01:0172,"(-304.25, 447.50)",,,,
15:29:01:0586,"(-304.25, 447.50)",,,,
15:29:01:0973,"(-304.25, 447.50)",,,,
15:29:01:1337,"(-304.25, 447.50)",,,,
15:29:01:1691,"(-304.25, 447.50)",,,,
15:29:01:2027,"(-304.25, 447.50)",,,,
15:29:01:2372,"(-304.25, 447.50)",,,,
15:29:01:2697,"(-304.25, 447.50)",,,,
15:29:01:3010,"(-304.25, 447.50)",,,,
15:29:01:3355,"(-304.25, 447.50)",,,,
15:29:01:3691,"(-304.25, 447.50)",,,,
15:29:01:4105,"(-304.25, 447.50)",,,,
15:29:01:4590,"(-304.25, 447.50)",,,,
15:29:01:4987,"(-304.25, 447.50)",,,,
15:29:01:5374,"(-304.25, 447.50)",,,,
15:29:01:6353,"(-304.25, 447.50)",,,,
15:29:01:6956,"(-304.25, 447.50)",,,,
15:29:01:7683,"(-304.25, 447.50)",,,,
15:29:01:8335,"(-304.25, 447.50)",,,,
15:29:01:8967,"(-304.25, 447.50)",,,,
15:29:01:9498,"(-304.25, 447.50)",,,,
15:29:02:0408,"(-304.25, 447.50)",,,,
15:29:02:1064,"(-304.25, 447.50)",,,,
15:29:02:1672,"(-304.25, 447.50)",,,,
15:29:02:2888,"(-304.25, 447.50)",,,,
15:29:02:3549,"(-304.25, 447.50)",,,,
15:29:02:4060,"(-304.25, 447.50)",,,,
15:29:02:4654,"(-304.25, 447.50)",,,,
15:29:02:5191,"(-304.25, 447.50)",,,,
15:29:02:5829,"(-304.25, 447.50)",,,,
15:29:02:6288,"(-304.25, 447.50)",,,,
15:29:02:7101,"(-304.25, 447.50)",,,,
15:29:02:8170,"(-304.25, 447.50)",,,,
15:29:03:0176,"(-304.25, 447.50)",,,,
15:29:03:1157,"(-304.25, 447.50)",,,,
15:29:03:1735,"(-304.25, 447.50)",,,,
15:29:03:2739,"(-304.25, 447.50)",,,,
15:29:03:3328,"(-304.25, 447.50)",,,,
15:29:03:4239,"(-304.25, 447.50)",,,,
15:29:03:5001,"(-304.25, 447.50)",,,,
15:29:03:5664,"(-304.25, 447.50)",,,,
15:29:03:7017,"(-304.25, 447.50)",,,,
15:29:03:8436,"(-304.25, 447.50)",,,,
15:29:03:9391,"(-304.25, 447.50)",,,,
15:29:04:0372,"(-304.25, 447.50)",,,,
15:29:04:0917,"(-304.25, 447.50)",,,,
15:29:04:1502,"(-304.25, 447.50)",,,,
15:29:04:2489,"(-304.25, 447.50)",,,,
15:29:04:3034,"(-304.25, 447.50)",,,,
15:29:04:3419,"(-304.25, 447.50)",,,,
15:29:04:4272,"(-304.25, 447.50)",,,,
15:29:04:5090,"(-304.25, 447.50)",,,,
15:29:04:5517,"(-304.25, 447.50)",,,,
15:29:04:6089,"(-304.25, 447.50)",,,,
15:29:04:6973,"(-304.25, 447.50)",,,,
15:29:04:8126,"(-304.25, 447.50)",,,,
15:29:04:9027,"(-304.25, 447.50)",,,,
15:29:04:9743,"(-304.25, 447.50)",,,,
15:29:05:0148,"(-304.25, 447.50)",,,,
15:29:05:0516,"(-304.25, 447.50)",,,,
15:29:05:0886,"(-304.25, 447.50)",,,,
15:29:05:1261,"(-304.25, 447.50)",,,,
15:29:05:1637,"(-304.25, 447.50)",,,,
15:29:05:1979,"(-304.25, 447.50)",,,,
15:29:05:2320,"(-304.25, 447.50)",,,,
15:29:05:2660,"(-304.25, 447.50)",,,,
15:29:05:3023,"(-304.25, 447.50)",,,,
15:29:05:3404,"(-304.25, 447.50)",,,,
15:29:05:3762,"(-304.25, 447.50)",,,,
15:29:05:4135,"(-304.25, 447.50)",,,,
15:29:05:4561,"(-304.25, 447.50)",,,,
15:29:05:4989,"(-304.25, 447.50)",,,,
15:29:05:5427,"(-304.25, 447.50)",,,,
15:29:05:5835,"(-304.25, 447.50)",,,,
15:29:05:6197,"(-304.25, 447.50)",,,,
15:29:05:7189,"(-304.25, 447.50)",,,,
15:29:05:7859,"(-304.25, 447.50)",,,,
15:29:05:8498,"(-304.25, 447.50)",,,,
15:29:05:9960,"(-304.25, 447.50)",,,,
15:29:06:0760,"(-304.25, 447.50)",,,,
15:29:06:1448,"(-304.25, 447.50)",,,,
15:29:06:1954,"(-304.25, 447.50)",,,,
15:29:06:2604,"(-304.25, 447.50)",,,,
15:29:06:3266,"(-304.25, 447.50)",,,,
15:29:06:3933,"(-304.25, 447.50)",,,,
15:29:06:4702,"(-304.25, 447.50)",,,,
15:29:06:5241,"(-304.25, 447.50)",,,,
15:29:06:5832,"(-304.25, 447.50)",,,,
15:29:06:6717,"(-304.25, 447.50)",,,,
15:29:06:7752,"(-304.25, 447.50)",,,,
15:29:06:9320,"(-304.25, 447.50)",,,,
15:29:06:9812,"(-304.25, 447.50)",,,,
15:29:07:0268,"(-304.25, 447.50)",,,,
15:29:07:0800,"(-304.25, 447.50)",,,,
15:29:07:1571,"(-304.25, 447.50)",,,,
15:29:07:1991,"(-304.25, 447.50)",,,,
15:29:07:2434,"(-304.25, 447.50)",,,,
15:29:07:2989,"(-304.25, 447.50)",,,,
15:29:07:3433,"(-304.25, 447.50)",,,,
15:29:07:3826,"(-304.25, 447.50)",,,,
15:29:07:4246,"(-304.25, 447.50)",,,,
15:29:07:4720,"(-304.25, 447.50)",,,,
15:29:07:5146,"(-304.25, 447.50)",,,,
15:29:07:5492,"(-304.25, 447.50)",,,,
15:29:07:5832,"(-304.25, 447.50)",,,,
15:29:07:6171,"(-304.25, 447.50)",,,,
15:29:07:6507,"(-304.25, 447.50)",,,,
15:29:07:6846,"(-304.25, 447.50)",,,,
15:29:07:7269,"(-304.25, 447.50)",,,,
15:29:07:7687,"(-304.25, 447.50)",,,,
15:29:07:8176,"(-304.25, 447.50)",,,,
15:29:07:8604,"(-304.25, 447.50)",,,,
15:29:07:8991,"(-304.25, 447.50)",,,,
15:29:07:9353,"(-304.25, 447.50)",,,,
15:29:07:9740,"(-304.25, 447.50)",,,,
15:29:08:0074,"(-304.25, 447.50)",,,,
15:29:08:0423,"(-304.25, 447.50)",,,,
15:29:08:0762,"(-304.25, 447.50)",,,,
15:29:08:1205,"(-304.25, 447.50)",,,,
15:29:08:1570,"(-304.25, 447.50)",,,,
15:29:08:1912,"(-304.25, 447.50)",,,,
15:29:08:2247,"(-304.25, 447.50)",,,,
15:29:08:2588,"(-304.25, 447.50)",,,,
15:29:08:2927,"(-304.25, 447.50)",,,,
15:29:08:3269,"(-304.25, 447.50)",,,,
15:29:08:3601,"(-304.25, 447.50)",,,,
15:29:08:3929,"(-304.25, 447.50)",,,,
15:29:08:4273,"(-304.25, 447.50)",,,,
15:29:08:4662,"(-304.25, 447.50)",,,,
15:29:08:5005,"(-304.25, 447.50)",,,,
15:29:08:5353,"(-304.25, 447.50)",,,,
15:29:08:5682,"(-304.25, 447.50)",,,,
15:29:08:6014,"(-304.25, 447.50)",,,,
15:29:08:6343,"(-304.25, 447.50)",,,,
15:29:08:6704,"(-304.25, 447.50)",,,,
15:29:08:7034,"(-304.25, 447.50)",,,,
15:29:08:7452,"(-304.25, 447.50)",,,,
15:29:08:7887,"(-304.25, 447.50)",,,,
15:29:08:8323,"(-304.25, 447.50)",,,,
15:29:08:8825,"(-304.25, 447.50)",,,,
15:29:08:9216,"(-304.25, 447.50)",,,,
15:29:08:9593,"(-304.25, 447.50)",,,,
15:29:08:9934,"(-304.25, 447.50)",,,,
15:29:09:0271,"(-304.25, 447.50)",,,,
15:29:09:0633,"(-304.25, 447.50)",,,,
15:29:09:1031,"(-304.25, 447.50)",,,,
15:29:09:1474,"(-304.25, 447.50)",,,,
15:29:09:1834,"(-304.25, 447.50)",,,,
15:29:09:2164,"(-304.25, 447.50)",,,,
15:29:09:2542,"(-304.25, 447.50)",,,,
15:29:09:2875,"(-304.25, 447.50)",,,,
15:29:09:3202,"(-304.25, 447.50)",,,,
15:29:09:3571,"(-304.25, 447.50)",,,,
15:29:09:4287,"(-304.25, 447.50)",,,,
15:29:09:4688,"(-304.25, 447.50)",,,,
15:29:09:5030,"(-304.25, 447.50)",,,,
15:29:09:5387,"(-304.25, 447.50)",,,,
15:29:09:5750,"(-304.25, 447.50)",,,,
15:29:09:6077,"(-304.25, 447.50)",,,,
15:29:09:6418,"(-304.25, 447.50)",,,,
15:29:09:6752,"(-304.25, 447.50)",,,,
15:29:09:7088,"(-304.25, 447.50)",,,,
15:29:09:7512,"(-304.25, 447.50)",,,,
15:29:09:7920,"(-304.25, 447.50)",,,,
15:29:09:8340,"(-304.25, 447.50)",,,,
15:29:09:8769,"(-304.25, 447.50)",,,,
15:29:09:9203,"(-304.25, 447.50)",,,,
15:29:09:9678,"(-304.25, 447.50)",,,,
15:29:10:0017,"(-304.25, 447.50)",,,,
15:29:10:0378,"(-304.25, 447.50)",,,,
15:29:10:0729,"(-304.25, 447.50)",,,,
15:29:10:1234,"(-304.25, 447.50)",,,,
15:29:10:1749,"(-304.25, 447.50)",,,,
15:29:10:2431,"(-304.25, 447.50)",,,,
15:29:10:2946,"(-304.25, 447.50)",,,,
15:29:10:3532,"(-304.25, 447.50)",,,,
15:29:10:3895,"(-304.25, 447.50)",,,,
15:29:10:4921,"(-304.25, 447.50)",,,,
15:29:10:5290,"(-304.25, 447.50)",,,,
15:29:10:5976,"(-304.25, 447.50)",,,,
15:29:10:6496,"(-304.25, 447.50)",,,,
15:29:10:7049,"(-304.25, 447.50)",,,,
15:29:10:7599,"(-304.25, 447.50)",,,,
15:29:10:9411,"(-304.25, 447.50)",,,,
15:29:11:0199,"(-304.25, 447.50)",,,,
15:29:11:1163,"(-304.25, 447.50)",,,,
15:29:11:1722,"(-304.25, 447.50)",,,,
15:29:11:2151,"(-304.25, 447.50)",,,,
15:29:11:2550,"(-304.25, 447.50)",,,,
15:29:11:3217,"(-304.25, 447.50)",,,,
15:29:11:3757,"(-304.25, 447.50)",,,,
15:29:11:4263,"(-304.25, 447.50)",,,,
15:29:11:4861,"(-304.25, 447.50)",,,,
15:29:11:5359,"(-304.25, 447.50)",,,,
15:29:11:5830,"(-304.25, 447.50)",,,,
15:29:11:6271,"(-304.25, 447.50)",,,,
15:29:11:6807,"(-304.25, 447.50)",,,,
15:29:11:7333,"(-304.25, 447.50)",,,,
15:29:11:8240,"(-304.25, 447.50)",,,,
15:29:11:8692,"(-304.25, 447.50)",,,,
15:29:11:9051,"(-304.25, 447.50)",,,,
15:29:11:9391,"(-304.25, 447.50)",,,,
15:29:11:9791,"(-304.25, 447.50)",,,,
15:29:12:0287,"(-304.25, 447.50)",,,,
15:29:12:0670,"(-304.25, 447.50)",,,,
15:29:12:1074,"(-304.25, 447.50)",,,,
15:29:12:1430,"(-304.25, 447.50)",,,,
15:29:12:1763,"(-304.25, 447.50)",,,,
15:29:12:2103,"(-304.25, 447.50)",,,,
15:29:12:2470,"(-304.25, 447.50)",,,,
15:29:12:2808,"(-304.25, 447.50)",,,,
15:29:12:3147,"(-304.25, 447.50)",,,,
15:29:12:3493,"(-304.25, 447.50)",,,,
15:29:12:3843,"(-304.25, 447.50)",,,,
15:29:12:4188,"(-304.25, 447.50)",,,,
15:29:12:4559,"(-304.25, 447.50)",,,,
15:29:12:4925,"(-304.25, 447.50)",,,,
15:29:12:5281,"(-304.25, 447.50)",,,,
15:29:12:5630,"(-304.25, 447.50)",,,,
15:29:12:5978,"(-304.25, 447.50)",,,,
15:29:12:6323,"(-304.25, 447.50)",,,,
15:29:12:6677,"(-304.25, 447.50)",,,,
15:29:12:7045,"(-304.25, 447.50)",,,,
15:29:12:7412,"(-304.25, 447.50)",,,,
15:29:12:7822,"(-304.25, 447.50)",,,,
15:29:12:8233,"(-304.25, 447.50)",,,,
15:29:12:8633,"(-304.25, 447.50)",,,,
15:29:12:9040,"(-304.25, 447.50)",,,,
15:29:12:9494,"(-304.25, 447.50)",,,,
15:29:13:0171,"(-304.25, 447.50)",,,,
15:29:13:0552,"(-304.25, 447.50)",,,,
15:29:13:0883,"(-304.25, 447.50)",,,,
15:29:13:1221,"(-304.25, 447.50)",,,,
15:29:13:1588,"(-304.25, 447.50)",,,,
15:29:13:2015,"(-304.25, 447.50)",,,,
15:29:13:2453,"(-304.25, 447.50)",,,,
15:29:13:2951,"(-304.25, 447.50)",,,,
15:29:13:3344,"(-304.25, 447.50)",,,,
15:29:13:3727,"(-304.25, 447.50)",,,,
15:29:13:4076,"(-304.25, 447.50)",,,,
15:29:13:4411,"(-304.25, 447.50)",,,,
15:29:13:4769,"(-304.25, 447.50)",,,,
15:29:13:5177,"(-304.25, 447.50)",,,,
15:29:13:5527,"(-304.25, 447.50)",,,,
15:29:13:5890,"(-304.25, 447.50)",,,,
15:29:13:6278,"(-304.25, 447.50)",,,,
15:29:13:6630,"(-304.25, 447.50)",,,,
15:29:13:6980,"(-304.25, 447.50)",,,,
15:29:13:7332,"(-304.25, 447.50)",,,,
15:29:13:7832,"(-304.25, 447.50)",,,,
15:29:13:8277,"(-304.25, 447.50)",,,,
15:29:13:8745,"(-304.25, 447.50)",,,,
15:29:13:9222,"(-304.25, 447.50)",,,,
15:29:13:9726,"(-304.25, 447.50)",,,,
15:29:14:0153,"(-304.25, 447.50)",,,,
15:29:14:0494,"(-304.25, 447.50)",,,,
15:29:14:0817,"(-304.25, 447.50)",,,,
15:29:14:1164,"(-304.25, 447.50)",,,,
15:29:14:1513,"(-304.25, 447.50)",,,,
15:29:14:1860,"(-304.25, 447.50)",,,,
15:29:14:2214,"(-304.25, 447.50)",,,,
15:29:14:2580,"(-304.25, 447.50)",,,,
15:29:14:2953,"(-304.25, 447.50)",,,,
15:29:14:3304,"(-304.25, 447.50)",,,,
15:29:14:3647,"(-304.25, 447.50)",,,,
15:29:14:3976,"(-304.25, 447.50)",,,,
15:29:14:4330,"(-304.25, 447.50)",,,,
15:29:14:4673,"(-304.25, 447.50)",,,,
15:29:14:5019,"(-304.25, 447.50)",,,,
15:29:14:5363,"(-304.25, 447.50)",,,,
15:29:14:5707,"(-304.25, 447.50)",,,,
15:29:14:6051,"(-304.25, 447.50)",,,,
15:29:14:6390,"(-304.25, 447.50)",,,,
15:29:14:6753,"(-304.25, 447.50)",,,,
15:29:14:7138,"(-304.25, 447.50)",,,,
15:29:14:7485,"(-304.25, 447.50)",,,,
15:29:14:7901,"(-304.25, 447.50)",,,,
15:29:14:8356,"(-304.25, 447.50)",,,,
15:29:14:8768,"(-304.25, 447.50)",,,,
15:29:14:9191,"(-304.25, 447.50)",,,,
15:29:14:9540,"(-304.25, 447.50)",,,,
15:29:14:9874,"(-304.25, 447.50)",,,,
15:29:15:0216,"(-304.25, 447.50)",,,,
15:29:15:0558,"(-304.25, 447.50)",,,,
15:29:15:0892,"(-304.25, 447.50)",,,,
15:29:15:1238,"(-304.25, 447.50)",,,,
15:29:15:1599,"(-304.25, 447.50)",,,,
15:29:15:1960,"(-304.25, 447.50)",,,,
15:29:15:2299,"(-304.25, 447.50)",,,,
15:29:15:2644,"(-304.25, 447.50)",,,,
15:29:15:2988,"(-304.25, 447.50)",,,,
15:29:15:3332,"(-304.25, 447.50)",,,,
15:29:15:3676,"(-304.25, 447.50)",,,,
15:29:15:4018,"(-304.25, 447.50)",,,,
15:29:15:4375,"(-304.25, 447.50)",,,,
15:29:15:4760,"(-304.25, 447.50)",,,,
15:29:15:5135,"(-304.25, 447.50)",,,,
15:29:15:5492,"(-304.25, 447.50)",,,,
15:29:15:5877,"(-304.25, 447.50)",,,,
15:29:15:6239,"(-304.25, 447.50)",,,,
15:29:15:6625,"(-304.25, 447.50)",,,,
15:29:15:6984,"(-304.25, 447.50)",,,,
15:29:15:7330,"(-304.25, 447.50)",,,,
15:29:15:7666,"(-304.25, 447.50)",,,,
15:29:15:8157,"(-304.25, 447.50)",,,,
15:29:15:8617,"(-304.25, 447.50)",,,,
15:29:15:9088,"(-304.25, 447.50)",,,,
15:29:15:9587,"(-304.25, 447.50)",,,,
15:29:16:0021,"(-304.25, 447.50)",,,,
15:29:16:0474,"(-304.25, 447.50)",,,,
15:29:16:0840,"(-304.25, 447.50)",,,,
15:29:16:1198,"(-304.25, 447.50)",,,,
15:29:16:1565,"(-304.25, 447.50)",,,,
15:29:16:1946,"(-304.25, 447.50)",,,,
15:29:16:2319,"(-304.25, 447.50)",,,,
15:29:16:2688,"(-304.25, 447.50)",,,,
15:29:16:3043,"(-304.25, 447.50)",,,,
15:29:16:3401,"(-304.25, 447.50)",,,,
15:29:16:3760,"(-304.25, 447.50)",,,,
15:29:16:4122,"(-304.25, 447.50)",,,,
15:29:16:4470,"(-304.25, 447.50)",,,,
15:29:16:4820,"(-304.25, 447.50)",,,,
15:29:16:5166,"(-304.25, 447.50)",,,,
15:29:16:5520,"(-304.25, 447.50)",,,,
15:29:16:5980,"(-304.25, 447.50)",,,,
15:29:16:6374,"(-304.25, 447.50)",,,,
15:29:16:6765,"(-304.25, 447.50)",,,,
15:29:16:7139,"(-304.25, 447.50)",,,,
15:29:16:7500,"(-304.25, 447.50)",,,,
15:29:16:7891,"(-304.25, 447.50)",,,,
15:29:16:8335,"(-304.25, 447.50)",,,,
15:29:16:8839,"(-304.25, 447.50)",,,,
15:29:16:9301,"(-304.25, 447.50)",,,,
15:29:16:9747,"(-304.25, 447.50)",,,,
15:29:17:0136,"(-304.25, 447.50)",,,,
15:29:17:0466,"(-304.25, 447.50)",,,,
15:29:17:0813,"(-304.25, 447.50)",,,,
15:29:17:1160,"(-304.25, 447.50)",,,,
15:29:17:1517,"(-304.25, 447.50)",,,,
15:29:17:1865,"(-304.25, 447.50)",,,,
15:29:17:2244,"(-304.25, 447.50)",,,,
15:29:17:2656,"(-304.25, 447.50)",,,,
15:29:17:3047,"(-304.25, 447.50)",,,,
15:29:17:3479,"(-304.25, 447.50)",,,,
15:29:17:3866,"(-304.25, 447.50)",,,,
15:29:17:4222,"(-304.25, 447.50)",,,,
15:29:17:4564,"(-304.25, 447.50)",,,,
15:29:17:4941,"(-304.25, 447.50)",,,,
15:29:17:5328,"(-304.25, 447.50)",,,,
15:29:17:5690,"(-304.25, 447.50)",,,,
15:29:17:6115,"(-304.25, 447.50)",,,,
15:29:17:6512,"(-304.25, 447.50)",,,,
15:29:17:6933,"(-304.25, 447.50)",,,,
15:29:17:7427,"(-304.25, 447.50)",,,,
15:29:17:8019,"(-304.25, 447.50)",,,,
15:29:17:9000,"(-304.25, 447.50)",,,,
15:29:17:9506,"(-304.25, 447.50)",,,,
15:29:17:9931,"(-304.25, 447.50)",,,,
15:29:18:0419,"(-304.25, 447.50)",,,,
15:29:18:0754,"(-304.25, 447.50)",,,,
15:29:18:1125,"(-304.25, 447.50)",,,,
15:29:18:1473,"(-304.25, 447.50)",,,,
15:29:18:1822,"(-304.25, 447.50)",,,,
15:29:18:2172,"(-304.25, 447.50)",,,,
15:29:18:2530,"(-304.25, 447.50)",,,,
15:29:18:2878,"(-304.25, 447.50)",,,,
15:29:18:3227,"(-304.25, 447.50)",,,,
15:29:18:3574,"(-304.25, 447.50)",,,,
15:29:18:3921,"(-304.25, 447.50)",,,,
15:29:18:4273,"(-304.25, 447.50)",,,,
15:29:18:4639,"(-304.25, 447.50)",,,,
15:29:18:5011,"(-304.25, 447.50)",,,,
15:29:18:5380,"(-304.25, 447.50)",,,,
15:29:18:5726,"(-304.25, 447.50)",,,,
15:29:18:6074,"(-304.25, 447.50)",,,,
15:29:18:6429,"(-304.25, 447.50)",,,,
15:29:18:6788,"(-304.25, 447.50)",,,,
15:29:18:7138,"(-304.25, 447.50)",,,,
15:29:18:7491,"(-304.25, 447.50)",,,,
15:29:18:7851,"(-304.25, 447.50)",,,,
15:29:18:8252,"(-304.25, 447.50)",,,,
15:29:18:8712,"(-304.25, 447.50)",,,,
15:29:18:9172,"(-304.25, 447.50)",,,,
15:29:18:9697,"(-304.25, 447.50)",,,,
15:29:19:0150,"(-304.25, 447.50)",,,,
15:29:19:0525,"(-304.25, 447.50)",,,,
15:29:19:0887,"(-304.25, 447.50)",,,,
15:29:19:1338,"(-304.25, 447.50)",,,,
15:29:19:1696,"(-304.25, 447.50)",,,,
15:29:19:2268,"(-304.25, 447.50)",,,,
15:29:19:3022,"(-304.25, 447.50)",,,,
15:29:19:3950,"(-304.25, 447.50)",,,,
15:29:19:4513,"(-304.25, 447.50)",,,,
15:29:19:5235,"(-304.25, 447.50)",,,,
15:29:19:5974,"(-304.25, 447.50)",,,,
15:29:19:6732,"(-304.25, 447.50)",,,,
15:29:19:7415,"(-304.25, 447.50)",,,,
15:29:19:8001,"(-304.25, 447.50)",,,,
15:29:19:8834,"(-304.25, 447.50)",,,,
15:29:19:9704,"(-304.25, 447.50)",,,,
15:29:20:0755,"(-304.25, 447.50)",,,,
15:29:20:1751,"(-304.25, 447.50)",,,,
15:29:20:2396,"(-304.25, 447.50)",,,,
15:29:20:3256,"(-304.25, 447.50)",,,,
15:29:20:3705,"(-304.25, 447.50)",,,,
15:29:20:4142,"(-304.25, 447.50)",,,,
15:29:20:4607,"(-304.25, 447.50)",,,,
15:29:20:5479,"(-304.25, 447.50)",,,,
15:29:20:6031,"(-304.25, 447.50)",,,,
15:29:20:6514,"(-304.25, 447.50)",,,,
15:29:20:6989,"(-304.25, 447.50)",,,,
15:29:20:7515,"(-304.25, 447.50)",,,,
15:29:20:7902,"(-304.25, 447.50)",,,,
15:29:20:8304,"(-304.25, 447.50)",,,,
15:29:20:8853,"(-304.25, 447.50)",,,,
15:29:20:9349,"(-304.25, 447.50)",,,,
15:29:20:9819,"(-304.25, 447.50)",,,,
15:29:21:0387,"(-304.25, 447.50)",,,,
15:29:21:0876,"(-304.25, 447.50)",,,,
15:29:21:1977,"(-304.25, 447.50)",,,,
15:29:21:3057,"(-304.25, 447.50)",,,,
15:29:21:3581,"(-304.25, 447.50)",,,,
15:29:21:4060,"(-304.25, 447.50)",,,,
15:29:21:4719,"(-304.25, 447.50)",,,,
15:29:21:5336,"(-304.25, 447.50)",,,,
15:29:21:6417,"(-304.25, 447.50)",,,,
15:29:21:6849,"(-304.25, 447.50)",,,,
15:29:21:7344,"(-304.25, 447.50)",,,,
15:29:21:7789,"(-304.25, 447.50)",,,,
15:29:21:8459,"(-304.25, 447.50)",,,,
15:29:22:0175,"(-304.25, 447.50)",,,,
15:29:22:2153,"(-304.25, 447.50)",,,,
15:29:22:3031,"(-304.25, 447.50)",,,,
15:29:22:4037,"(-304.25, 447.50)",,,,
15:29:22:4534,"(-304.25, 447.50)",,,,
15:29:22:5824,"(-304.25, 447.50)",,,,
15:29:22:6451,"(-304.25, 447.50)",,,,
15:29:22:7002,"(-304.25, 447.50)",,,,
15:29:22:7921,"(-304.25, 447.50)",,,,
15:29:22:8704,"(-304.25, 447.50)",,,,
15:29:22:9387,"(-304.25, 447.50)",,,,
15:29:23:1051,"(-304.25, 447.50)",,,,
15:29:23:1911,"(-304.25, 447.50)",,,,
15:29:23:2910,"(-304.25, 447.50)",,,,
15:29:23:3331,"(-304.25, 447.50)",,,,
15:29:23:3783,"(-304.25, 447.50)",,,,
15:29:23:4319,"(-304.25, 447.50)",,,,
15:29:23:5123,"(-304.25, 447.50)",,,,
15:29:23:5553,"(-304.25, 447.50)",,,,
15:29:23:6012,"(-304.25, 447.50)",,,,
15:29:23:6582,"(-304.25, 447.50)",,,,
15:29:23:7002,"(-304.25, 447.50)",,,,
15:29:23:7373,"(-304.25, 447.50)",,,,
15:29:23:7739,"(-304.25, 447.50)",,,,
15:29:23:8143,"(-304.25, 447.50)",,,,
15:29:23:8565,"(-304.25, 447.50)",,,,
15:29:23:9001,"(-304.25, 447.50)",,,,
15:29:23:9488,"(-304.25, 447.50)",,,,
15:29:23:9970,"(-304.25, 447.50)",,,,
15:29:24:0490,"(-304.25, 447.50)",,,,
15:29:24:0924,"(-304.25, 447.50)",,,,
15:29:24:1298,"(-304.25, 447.50)",,,,
15:29:24:1777,"(-304.25, 447.50)",,,,
15:29:24:2172,"(-304.25, 447.50)",,,,
15:29:24:2935,"(-304.25, 447.50)",,,,
15:29:24:3900,"(-304.25, 447.50)",,,,
15:29:24:5431,"(-304.25, 447.50)",,,,
15:29:24:6293,"(-304.25, 447.50)",,,,
15:29:24:6873,"(-304.25, 447.50)",,,,
15:29:24:7872,"(-304.25, 447.50)",,,,
15:29:24:8936,"(-304.25, 447.50)",,,,
15:29:25:0855,"(-304.25, 447.50)",,,,
15:29:25:2333,"(-304.25, 447.50)",,,,
15:29:25:3690,"(-304.25, 447.50)",,,,
15:29:25:5209,"(-304.25, 447.50)",,,,
15:29:25:6289,"(-304.25, 447.50)",,,,
15:29:25:7347,"(-304.25, 447.50)",,,,
15:29:25:9527,"(-304.25, 447.50)",,,,
15:29:26:0822,"(-304.25, 447.50)",,,,
15:29:26:2064,"(-304.25, 447.50)",,,,
15:29:26:2606,"(-304.25, 447.50)",,,,
15:29:26:3515,"(-304.25, 447.50)",,,,
15:29:26:4163,"(-304.25, 447.50)",,,,
15:29:26:5051,"(-304.25, 447.50)",,,,
15:29:26:5590,"(-304.25, 447.50)",,,,
15:29:26:6575,"(-304.25, 447.50)",,,,
15:29:26:7015,"(-304.25, 447.50)",,,,
15:29:26:7721,"(-304.25, 447.50)",,,,
15:29:26:8245,"(-304.25, 447.50)",,,,
15:29:26:8829,"(-304.25, 447.50)",,,,
15:29:26:9671,"(-304.25, 447.50)",,,,
15:29:27:0672,"(-304.25, 447.50)",,,,
15:29:27:2154,"(-304.25, 447.50)",,,,
15:29:27:3058,"(-304.25, 447.50)",,,,
15:29:27:3458,"(-304.25, 447.50)",,,,
15:29:27:3910,"(-304.25, 447.50)",,,,
15:29:27:4730,"(-304.25, 447.50)",,,,
15:29:27:5219,"(-304.25, 447.50)",,,,
15:29:27:5948,"(-304.25, 447.50)",,,,
15:29:27:6413,"(-304.25, 447.50)",,,,
15:29:27:7129,"(-304.25, 447.50)",,,,
15:29:27:7639,"(-304.25, 447.50)",,,,
15:29:27:8191,"(-304.25, 447.50)",,,,
15:29:27:8617,"(-304.25, 447.50)",,,,
15:29:27:9205,"(-304.25, 447.50)",,,,
15:29:27:9952,"(-304.25, 447.50)",,,,
15:29:28:1401,"(-304.25, 447.50)",,,,
15:29:28:2419,"(-304.25, 447.50)",,,,
15:29:28:3149,"(-304.25, 447.50)",,,,
15:29:28:3835,"(-304.25, 447.50)",,,,
15:29:28:4446,"(-304.25, 447.50)",,,,
15:29:28:5400,"(-304.25, 447.50)",,,,
15:29:28:5910,"(-304.25, 447.50)",,,,
15:29:28:6775,"(-304.25, 447.50)",,,,
15:29:28:7337,"(-304.25, 447.50)",,,,
15:29:28:7971,"(-304.25, 447.50)",,,,
15:29:28:8461,"(-304.25, 447.50)",,,,
15:29:28:9534,"(-304.25, 447.50)",,,,
15:29:29:0059,"(-304.25, 447.50)",,,,
15:29:29:0957,"(-304.25, 447.50)",,,,
15:29:29:1794,"(-304.25, 447.50)",,,,
15:29:29:2237,"(-304.25, 447.50)",,,,
15:29:29:2697,"(-304.25, 447.50)",,,,
15:29:29:3572,"(-304.25, 447.50)",,,,
15:29:29:4086,"(-304.25, 447.50)",,,,
15:29:29:4520,"(-304.25, 447.50)",,,,
15:29:29:5000,"(-304.25, 447.50)",,,,
15:29:29:5400,"(-304.25, 447.50)",,,,
15:29:29:6116,"(-304.25, 447.50)",,,,
15:29:29:6666,"(-304.25, 447.50)",,,,
15:29:29:7088,"(-304.25, 447.50)",,,,
15:29:29:7516,"(-304.25, 447.50)",,,,
15:29:29:7926,"(-304.25, 447.50)",,,,
15:29:29:8306,"(-304.25, 447.50)",,,,
15:29:29:8662,"(-304.25, 447.50)",,,,
15:29:29:9007,"(-304.25, 447.50)",,,,
15:29:29:9448,"(-304.25, 447.50)",,,,
15:29:29:9867,"(-304.25, 447.50)",,,,
15:29:30:0318,"(-304.25, 447.50)",,,,
15:29:30:0764,"(-304.25, 447.50)",,,,
15:29:30:1137,"(-304.25, 447.50)",,,,
15:29:30:1633,"(-304.25, 447.50)",,,,
15:29:30:1987,"(-304.25, 447.50)",,,,
15:29:30:2338,"(-304.25, 447.50)",,,,
15:29:30:2704,"(-304.25, 447.50)",,,,
15:29:30:3056,"(-304.25, 447.50)",,,,
15:29:30:3403,"(-304.25, 447.50)",,,,
15:29:30:3762,"(-304.25, 447.50)",,,,
15:29:30:4145,"(-304.25, 447.50)",,,,
15:29:30:4504,"(-304.25, 447.50)",,,,
15:29:30:4870,"(-304.25, 447.50)",,,,
15:29:30:5244,"(-304.25, 447.50)",,,,
15:29:30:5591,"(-304.25, 447.50)",,,,
15:29:30:5942,"(-304.25, 447.50)",,,,
15:29:30:6340,"(-304.25, 447.50)",,,,
15:29:30:6696,"(-304.25, 447.50)",,,,
15:29:30:7060,"(-304.25, 447.50)",,,,
15:29:30:7423,"(-304.25, 447.50)",,,,
15:29:30:7787,"(-304.25, 447.50)",,,,
15:29:30:8139,"(-304.25, 447.50)",,,,
15:29:30:8495,"(-304.25, 447.50)",,,,
15:29:30:8836,"(-304.25, 447.50)",,,,
15:29:30:9210,"(-304.25, 447.50)",,,,
15:29:30:9709,"(-304.25, 447.50)",,,,
15:29:31:0164,"(-304.25, 447.50)",,,,
15:29:31:0692,"(-304.25, 447.50)",,,,
15:29:31:1181,"(-304.25, 447.50)",,,,
15:29:31:1606,"(-304.25, 447.50)",,,,
15:29:31:2359,"(-304.25, 447.50)",,,,
15:29:31:2870,"(-304.25, 447.50)",,,,
15:29:31:3314,"(-304.25, 447.50)",,,,
15:29:31:4024,"(-304.25, 447.50)",,,,
15:29:31:4641,"(-304.25, 447.50)",,,,
15:29:31:5182,"(-304.25, 447.50)",,,,
15:29:31:5761,"(-304.25, 447.50)",,,,
15:29:31:6462,"(-304.25, 447.50)",,,,
15:29:31:7509,"(-304.25, 447.50)",,,,
15:29:31:8023,"(-304.25, 447.50)",,,,
15:29:31:8859,"(-304.25, 447.50)",,,,
15:29:31:9634,"(-304.25, 447.50)",,,,
15:29:32:0353,"(-304.25, 447.50)",,,,
15:29:32:1692,"(-304.25, 447.50)",,,,
15:29:32:2342,"(-304.25, 447.50)",,,,
15:29:32:3126,"(-304.25, 447.50)",,,,
15:29:32:3979,"(-304.25, 447.50)",,,,
15:29:32:4420,"(-304.25, 447.50)",,,,
15:29:32:4855,"(-304.25, 447.50)",,,,
15:29:32:5874,"(-304.25, 447.50)",,,,
15:29:32:6301,"(-304.25, 447.50)",,,,
15:29:32:6915,"(-304.25, 447.50)",,,,
15:29:32:7328,"(-304.25, 447.50)",,,,
15:29:32:7993,"(-304.25, 447.50)",,,,
15:29:32:8426,"(-304.25, 447.50)",,,,
15:29:32:8807,"(-304.25, 447.50)",,,,
15:29:32:9186,"(-304.25, 447.50)",,,,
15:29:32:9626,"(-304.25, 447.50)",,,,
15:29:33:0192,"(-304.25, 447.50)",,,,
15:29:33:0622,"(-304.25, 447.50)",,,,
15:29:33:1062,"(-304.25, 447.50)",,,,
15:29:33:1597,"(-304.25, 447.50)",,,,
15:29:33:2010,"(-304.25, 447.50)",,,,
15:29:33:2370,"(-304.25, 447.50)",,,,
15:29:33:2730,"(-304.25, 447.50)",,,,
15:29:33:3092,"(-304.25, 447.50)",,,,
15:29:33:3448,"(-304.25, 447.50)",,,,
15:29:33:3809,"(-304.25, 447.50)",,,,
15:29:33:4165,"(-304.25, 447.50)",,,,
15:29:33:4511,"(-304.25, 447.50)",,,,
15:29:33:4885,"(-304.25, 447.50)",,,,
15:29:33:5244,"(-304.25, 447.50)",,,,
15:29:33:5593,"(-304.25, 447.50)",,,,
15:29:33:5958,"(-304.25, 447.50)",,,,
15:29:33:6308,"(-304.25, 447.50)",,,,
15:29:33:6674,"(-304.25, 447.50)",,,,
15:29:33:7052,"(-304.25, 447.50)",,,,
15:29:33:7426,"(-304.25, 447.50)",,,,
15:29:33:7828,"(-304.25, 447.50)",,,,
15:29:33:8210,"(-304.25, 447.50)",,,,
15:29:33:8580,"(-304.25, 447.50)",,,,
15:29:33:8951,"(-304.25, 447.50)",,,,
15:29:33:9338,"(-304.25, 447.50)",,,,
15:29:33:9740,"(-304.25, 447.50)",,,,
15:29:34:0230,"(-304.25, 447.50)",,,,
15:29:34:0749,"(-304.25, 447.50)",,,,
15:29:34:1171,"(-304.25, 447.50)",,,,
15:29:34:1686,"(-304.25, 447.50)",,,,
15:29:34:2149,"(-304.25, 447.50)",,,,
15:29:34:2520,"(-304.25, 447.50)",,,,
15:29:34:2897,"(-304.25, 447.50)",,,,
15:29:34:3251,"(-304.25, 447.50)",,,,
15:29:34:3635,"(-304.25, 447.50)",,,,
15:29:34:4023,"(-304.25, 447.50)",,,,
15:29:34:4409,"(-304.25, 447.50)",,,,
15:29:34:4775,"(-304.25, 447.50)",,,,
15:29:34:5133,"(-304.25, 447.50)",,,,
15:29:34:5500,"(-304.25, 447.50)",,,,
15:29:34:5858,"(-304.25, 447.50)",,,,
15:29:34:6219,"(-304.25, 447.50)",,,,
15:29:34:6587,"(-304.25, 447.50)",,,,
15:29:34:6989,"(-304.25, 447.50)",,,,
15:29:34:7381,"(-304.25, 447.50)",,,,
15:29:34:7731,"(-304.25, 447.50)",,,,
15:29:34:8110,"(-304.25, 447.50)",,,,
15:29:34:8489,"(-304.25, 447.50)",,,,
15:29:34:8887,"(-304.25, 447.50)",,,,
15:29:34:9288,"(-304.25, 447.50)",,,,
15:29:34:9646,"(-304.25, 447.50)",,,,
15:29:35:0222,"(-304.25, 447.50)",,,,
15:29:35:0780,"(-304.25, 447.50)",,,,
15:29:35:1303,"(-304.25, 447.50)",,,,
15:29:35:1849,"(-304.25, 447.50)",,,,
15:29:35:2374,"(-304.25, 447.50)",,,,
15:29:35:2888,"(-304.25, 447.50)",,,,
15:29:35:3527,"(-304.25, 447.50)",,,,
15:29:35:3909,"(-304.25, 447.50)",,,,
15:29:35:4271,"(-304.25, 447.50)",,,,
15:29:35:4632,"(-304.25, 447.50)",,,,
15:29:35:5039,"(-304.25, 447.50)",,,,
15:29:35:5412,"(-304.25, 447.50)",,,,
15:29:35:5792,"(-304.25, 447.50)",,,,
15:29:35:6140,"(-304.25, 447.50)",,,,
15:29:35:6508,"(-304.25, 447.50)",,,,
15:29:35:6943,"(-304.25, 447.50)",,,,
15:29:35:7323,"(-304.25, 447.50)",,,,
15:29:35:7708,"(-304.25, 447.50)",,,,
15:29:35:8078,"(-304.25, 447.50)",,,,
15:29:35:8533,"(-304.25, 447.50)",,,,
15:29:35:8955,"(-304.25, 447.50)",,,,
15:29:35:9361,"(-304.25, 447.50)",,,,
15:29:35:9788,"(-304.25, 447.50)",,,,
15:29:36:0302,"(-304.25, 447.50)",,,,
15:29:36:0838,"(-304.25, 447.50)",,,,
15:29:36:1308,"(-304.25, 447.50)",,,,
15:29:36:1790,"(-304.25, 447.50)",,,,
15:29:36:2309,"(-304.25, 447.50)",,,,
15:29:36:2686,"(-304.25, 447.50)",,,,
15:29:36:3054,"(-304.25, 447.50)",,,,
15:29:36:3413,"(-304.25, 447.50)",,,,
15:29:36:3772,"(-304.25, 447.50)",,,,
15:29:36:4148,"(-304.25, 447.50)",,,,
15:29:36:4512,"(-304.25, 447.50)",,,,
15:29:36:4869,"(-304.25, 447.50)",,,,
15:29:36:5217,"(-304.25, 447.50)",,,,
15:29:36:5582,"(-304.25, 447.50)",,,,
15:29:36:5933,"(-304.25, 447.50)",,,,
15:29:36:6299,"(-304.25, 447.50)",,,,
15:29:36:6679,"(-304.25, 447.50)",,,,
15:29:36:7079,"(-304.25, 447.50)",,,,
15:29:36:7434,"(-304.25, 447.50)",,,,
15:29:36:7847,"(-304.25, 447.50)",,,,
15:29:36:8207,"(-304.25, 447.50)",,,,
15:29:36:8588,"(-304.25, 447.50)",,,,
15:29:36:8969,"(-304.25, 447.50)",,,,
15:29:36:9376,"(-304.25, 447.50)",,,,
15:29:36:9735,"(-304.25, 447.50)",,,,
15:29:37:0163,"(-304.25, 447.50)",,,,
15:29:37:0622,"(-304.25, 447.50)",,,,
15:29:37:1122,"(-304.25, 447.50)",,,,
15:29:37:1556,"(-304.25, 447.50)",,,,
15:29:37:2071,"(-304.25, 447.50)",,,,
15:29:37:2508,"(-304.25, 447.50)",,,,
15:29:37:2895,"(-304.25, 447.50)",,,,
15:29:37:3272,"(-304.25, 447.50)",,,,
15:29:37:3635,"(-304.25, 447.50)",,,,
15:29:37:4002,"(-304.25, 447.50)",,,,
15:29:37:4362,"(-304.25, 447.50)",,,,
15:29:37:4730,"(-304.25, 447.50)",,,,
15:29:37:5088,"(-304.25, 447.50)",,,,
15:29:37:5486,"(-304.25, 447.50)",,,,
15:29:37:5859,"(-304.25, 447.50)",,,,
15:29:37:6234,"(-304.25, 447.50)",,,,
15:29:37:6587,"(-304.25, 447.50)",,,,
15:29:37:7002,"(-304.25, 447.50)",,,,
15:29:37:7416,"(-304.25, 447.50)",,,,
15:29:37:7779,"(-304.25, 447.50)",,,,
15:29:37:8146,"(-304.25, 447.50)",,,,
15:29:37:8520,"(-304.25, 447.50)",,,,
15:29:37:8875,"(-304.25, 447.50)",,,,
15:29:37:9309,"(-304.25, 447.50)",,,,
15:29:37:9707,"(-304.25, 447.50)",,,,
15:29:38:0099,"(-304.25, 447.50)",,,,
15:29:38:0594,"(-304.25, 447.50)",,,,
15:29:38:1049,"(-304.25, 447.50)",,,,
15:29:38:1847,"(-304.25, 447.50)",,,,
15:29:38:2836,"(-304.25, 447.50)",,,,
15:29:38:3978,"(-304.25, 447.50)",,,,
15:29:38:4726,"(-304.25, 447.50)",,,,
15:29:38:5459,"(-304.25, 447.50)",,,,
15:29:38:6026,"(-304.25, 447.50)",,,,
15:29:38:6798,"(-304.25, 447.50)",,,,
15:29:38:7207,"(-304.25, 447.50)",,,,
15:29:38:7623,"(-304.25, 447.50)",,,,
15:29:38:8003,"(-304.25, 447.50)",,,,
15:29:38:8428,"(-304.25, 447.50)",,,,
15:29:38:8797,"(-304.25, 447.50)",,,,
15:29:38:9587,"(-304.25, 447.50)",,,,
15:29:38:9973,"(-304.25, 447.50)",,,,
15:29:39:0621,"(-304.25, 447.50)",,,,
15:29:39:1522,"(-304.25, 447.50)",,,,
15:29:39:2401,"(-304.25, 447.50)",,,,
15:29:39:3178,"(-304.25, 447.50)",,,,
15:29:39:4110,"(-304.25, 447.50)",,,,
15:29:39:4667,"(-304.25, 447.50)",,,,
15:29:39:5515,"(-304.25, 447.50)",,,,
15:29:39:5918,"(-304.25, 447.50)",,,,
15:29:39:7143,"(-304.25, 447.50)",,,,
15:29:39:7874,"(-304.25, 447.50)",,,,
15:29:39:8508,"(-304.25, 447.50)",,,,
15:29:39:9066,"(-304.25, 447.50)",,,,
15:29:39:9724,"(-304.25, 447.50)",,,,
15:29:40:1078,"(-304.25, 447.50)",,,,
15:29:40:1955,"(-304.25, 447.50)",,,,
15:29:40:2587,"(-304.25, 447.50)",,,,
15:29:40:3015,"(-304.25, 447.50)",,,,
15:29:40:3456,"(-304.25, 447.50)",,,,
15:29:40:3853,"(-304.25, 447.50)",,,,
15:29:40:4285,"(-304.25, 447.50)",,,,
15:29:40:5237,"(-304.25, 447.50)",,,,
15:29:40:5672,"(-304.25, 447.50)",,,,
15:29:40:6489,"(-304.25, 447.50)",,,,
15:29:40:7247,"(-304.25, 447.50)",,,,
15:29:40:8165,"(-304.25, 447.50)",,,,
15:29:40:8686,"(-304.25, 447.50)",,,,
15:29:40:9800,"(-304.25, 447.50)",,,,
15:29:41:0564,"(-304.25, 447.50)",,,,
15:29:41:1813,"(-304.25, 447.50)",,,,
15:29:41:2687,"(-304.25, 447.50)",,,,
15:29:41:3132,"(-304.25, 447.50)",,,,
15:29:41:4311,"(-304.25, 447.50)",,,,
15:29:41:4769,"(-304.25, 447.50)",,,,
15:29:41:5737,"(-304.25, 447.50)",,,,
15:29:41:6458,"(-304.25, 447.50)",,,,
15:29:41:6929,"(-304.25, 447.50)",,,,
15:29:41:7688,"(-304.25, 447.50)",,,,
15:29:41:8248,"(-304.25, 447.50)",,,,
15:29:41:8909,"(-304.25, 447.50)",,,,
15:29:41:9443,"(-304.25, 447.50)",,,,
15:29:42:0071,"(-304.25, 447.50)",,,,
15:29:42:0616,"(-304.25, 447.50)",,,,
15:29:42:1095,"(-304.25, 447.50)",,,,
15:29:42:1653,"(-304.25, 447.50)",,,,
15:29:42:2127,"(-304.25, 447.50)",,,,
15:29:42:2548,"(-304.25, 447.50)",,,,
15:29:42:2911,"(-304.25, 447.50)",,,,
15:29:42:3286,"(-304.25, 447.50)",,,,
15:29:42:3662,"(-304.25, 447.50)",,,,
15:29:42:4019,"(-304.25, 447.50)",,,,
15:29:42:4388,"(-304.25, 447.50)",,,,
15:29:42:4842,"(-304.25, 447.50)",,,,
15:29:42:5255,"(-304.25, 447.50)",,,,
15:29:42:5675,"(-304.25, 447.50)",,,,
15:29:42:6204,"(-304.25, 447.50)",,,,
15:29:42:6720,"(-304.25, 447.50)",,,,
15:29:42:7432,"(-304.25, 447.50)",,,,
15:29:42:7922,"(-304.25, 447.50)",,,,
15:29:42:8324,"(-304.25, 447.50)",,,,
15:29:42:9275,"(-304.25, 447.50)",,,,
15:29:43:0140,"(-304.25, 447.50)",,,,
15:29:43:1078,"(-304.25, 447.50)",,,,
15:29:43:1647,"(-304.25, 447.50)",,,,
15:29:43:2574,"(-304.25, 447.50)",,,,
15:29:43:3400,"(-304.25, 447.50)",,,,
15:29:43:4119,"(-304.25, 447.50)",,,,
15:29:43:4706,"(-304.25, 447.50)",,,,
15:29:43:5466,"(-304.25, 447.50)",,,,
15:29:43:6044,"(-304.25, 447.50)",,,,
15:29:43:6554,"(-304.25, 447.50)",,,,
15:29:43:7523,"(-304.25, 447.50)",,,,
15:29:43:8184,"(-304.25, 447.50)",,,,
15:29:43:9132,"(-304.25, 447.50)",,,,
15:29:44:0017,"(-304.25, 447.50)",,,,
15:29:44:1049,"(-304.25, 447.50)",,,,
15:29:44:3144,"(-304.25, 447.50)",,,,
15:29:44:3987,"(-304.25, 447.50)",,,,
15:29:44:4696,"(-304.25, 447.50)",,,,
15:29:44:5192,"(-304.25, 447.50)",,,,
15:29:44:5653,"(-304.25, 447.50)",,,,
15:29:44:6230,"(-304.25, 447.50)",,,,
15:29:44:6750,"(-304.25, 447.50)",,,,
15:29:44:7465,"(-304.25, 447.50)",,,,
15:29:44:8043,"(-304.25, 447.50)",,,,
15:29:44:9558,"(-304.25, 447.50)",,,,
15:29:45:0602,"(-304.25, 447.50)",,,,
15:29:45:1571,"(-304.25, 447.50)",,,,
15:29:45:3348,"(-304.25, 447.50)",,,,
15:29:45:4086,"(-304.25, 447.50)",,,,
15:29:45:4780,"(-304.25, 447.50)",,,,
15:29:45:5590,"(-304.25, 447.50)",,,,
15:29:45:6396,"(-304.25, 447.50)",,,,
15:29:45:6903,"(-304.25, 447.50)",,,,
15:29:45:7670,"(-304.25, 447.50)",,,,
15:29:45:8363,"(-304.25, 447.50)",,,,
15:29:45:9929,"(-304.25, 447.50)",,,,
15:29:46:1505,"(-304.25, 447.50)",,,,
15:29:46:2787,"(-304.25, 447.50)",,,,
15:29:46:3394,"(-304.25, 447.50)",,,,
15:29:46:4151,"(-304.25, 447.50)",,,,
15:29:46:4993,"(-304.25, 447.50)",,,,
15:29:46:5546,"(-304.25, 447.50)",,,,
15:29:46:6134,"(-304.25, 447.50)",,,,
15:29:46:6780,"(-304.25, 447.50)",,,,
15:29:46:7238,"(-304.25, 447.50)",,,,
15:29:46:7636,"(-304.25, 447.50)",,,,
15:29:46:8058,"(-304.25, 447.50)",,,,
15:29:46:8489,"(-304.25, 447.50)",,,,
15:29:46:8900,"(-304.25, 447.50)",,,,
15:29:46:9303,"(-304.25, 447.50)",,,,
15:29:46:9687,"(-304.25, 447.50)",,,,
15:29:47:0060,"(-304.25, 447.50)",,,,
15:29:47:0435,"(-304.25, 447.50)",,,,
15:29:47:0800,"(-304.25, 447.50)",,,,
15:29:47:1238,"(-304.25, 447.50)",,,,
15:29:47:1705,"(-304.25, 447.50)",,,,
15:29:47:2177,"(-304.25, 447.50)",,,,
15:29:47:2572,"(-304.25, 447.50)",,,,
15:29:47:2939,"(-304.25, 447.50)",,,,
15:29:47:3379,"(-304.25, 447.50)",,,,
15:29:47:3950,"(-304.25, 447.50)",,,,
15:29:47:4486,"(-304.25, 447.50)",,,,
15:29:47:4978,"(-304.25, 447.50)",,,,
15:29:47:5346,"(-304.25, 447.50)",,,,
15:29:47:5745,"(-304.25, 447.50)",,,,
15:29:47:6602,"(-304.25, 447.50)",,,,
15:29:47:7602,"(-304.25, 447.50)",,,,
15:29:47:8290,"(-304.25, 447.50)",,,,
15:29:47:9127,"(-304.25, 447.50)",,,,
15:29:48:0112,"(-304.25, 447.50)",,,,
15:29:48:1339,"(-304.25, 447.50)",,,,
15:29:48:2651,"(-304.25, 447.50)",,,,
15:29:48:4357,"(-304.25, 447.50)",,,,
15:29:48:6368,"(-304.25, 447.50)",,,,
15:29:48:6901,"(-304.25, 447.50)",,,,
15:29:48:7667,"(-304.25, 447.50)",,,,
15:29:48:8205,"(-304.25, 447.50)",,,,
15:29:48:9028,"(-304.25, 447.50)",,,,
15:29:49:0486,"(-304.25, 447.50)",,,,
15:29:49:1344,"(-304.25, 447.50)",,,,
15:29:49:3197,"(-304.25, 447.50)",,,,
15:29:49:4279,"(-304.25, 447.50)",,,,
15:29:49:4785,"(-304.25, 447.50)",,,,
15:29:49:5243,"(-304.25, 447.50)",,,,
15:29:49:6014,"(-304.25, 447.50)",,,,
15:29:49:6651,"(-304.25, 447.50)",,,,
15:29:49:7189,"(-304.25, 447.50)",,,,
15:29:49:7803,"(-304.25, 447.50)",,,,
15:29:49:8344,"(-304.25, 447.50)",,,,
15:29:49:8757,"(-304.25, 447.50)",,,,
15:29:49:9162,"(-304.25, 447.50)",,,,
15:29:49:9596,"(-304.25, 447.50)",,,,
15:29:50:0064,"(-304.25, 447.50)",,,,
15:29:50:0494,"(-304.25, 447.50)",,,,
15:29:50:0879,"(-304.25, 447.50)",,,,
15:29:50:1316,"(-304.25, 447.50)",,,,
15:29:50:1790,"(-304.25, 447.50)",,,,
15:29:50:2375,"(-304.25, 447.50)",,,,
15:29:50:3035,"(-304.25, 447.50)",,,,
15:29:50:3633,"(-304.25, 447.50)",,,,
15:29:50:4075,"(-304.25, 447.50)",,,,
15:29:50:4631,"(-304.25, 447.50)",,,,
15:29:50:5086,"(-304.25, 447.50)",,,,
15:29:50:5500,"(-304.25, 447.50)",,,,
15:29:50:5909,"(-304.25, 447.50)",,,,
15:29:50:6309,"(-304.25, 447.50)",,,,
15:29:50:6727,"(-304.25, 447.50)",,,,
15:29:50:7101,"(-304.25, 447.50)",,,,
15:29:50:7467,"(-304.25, 447.50)",,,,
15:29:50:7843,"(-304.25, 447.50)",,,,
15:29:50:8217,"(-304.25, 447.50)",,,,
15:29:50:8621,"(-304.25, 447.50)",,,,
15:29:50:9009,"(-304.25, 447.50)",,,,
15:29:50:9422,"(-304.25, 447.50)",,,,
15:29:50:9811,"(-304.25, 447.50)",,,,
15:29:51:0189,"(-304.25, 447.50)",,,,
15:29:51:0574,"(-304.25, 447.50)",,,,
15:29:51:0965,"(-304.25, 447.50)",,,,
15:29:51:1359,"(-304.25, 447.50)",,,,
15:29:51:1889,"(-304.25, 447.50)",,,,
15:29:51:2430,"(-304.25, 447.50)",,,,
15:29:51:2877,"(-304.25, 447.50)",,,,
15:29:51:3345,"(-304.25, 447.50)",,,,
15:29:51:3800,"(-304.25, 447.50)",,,,
15:29:51:4166,"(-304.25, 447.50)",,,,
15:29:51:4543,"(-304.25, 447.50)",,,,
15:29:51:4918,"(-304.25, 447.50)",,,,
15:29:51:5304,"(-304.25, 447.50)",,,,
15:29:51:5761,"(-304.25, 447.50)",,,,
15:29:51:6209,"(-304.25, 447.50)",,,,
15:29:51:6683,"(-304.25, 447.50)",,,,
15:29:51:7255,"(-304.25, 447.50)",,,,
15:29:51:7775,"(-304.25, 447.50)",,,,
15:29:51:8442,"(-304.25, 447.50)",,,,
15:29:51:8808,"(-304.25, 447.50)",,,,
15:29:51:9242,"(-304.25, 447.50)",,,,
15:29:51:9607,"(-304.25, 447.50)",,,,
15:29:51:9977,"(-304.25, 447.50)",,,,
15:29:52:0380,"(-304.25, 447.50)",,,,
15:29:52:0754,"(-304.25, 447.50)",,,,
15:29:52:1182,"(-304.25, 447.50)",,,,
15:29:52:1650,"(-304.25, 447.50)",,,,
15:29:52:2126,"(-304.25, 447.50)",,,,
15:29:52:2587,"(-304.25, 447.50)",,,,
15:29:52:3031,"(-304.25, 447.50)",,,,
15:29:52:3491,"(-304.25, 447.50)",,,,
15:29:52:3937,"(-304.25, 447.50)",,,,
15:29:52:4329,"(-304.25, 447.50)",,,,
15:29:52:4698,"(-304.25, 447.50)",,,,
15:29:52:5095,"(-304.25, 447.50)",,,,
15:29:52:5460,"(-304.25, 447.50)",,,,
15:29:52:5834,"(-304.25, 447.50)",,,,
15:29:52:6209,"(-304.25, 447.50)",,,,
15:29:52:6587,"(-304.25, 447.50)",,,,
15:29:52:6966,"(-304.25, 447.50)",,,,
15:29:52:7361,"(-304.25, 447.50)",,,,
15:29:52:7749,"(-304.25, 447.50)",,,,
15:29:52:8127,"(-304.25, 447.50)",,,,
15:29:52:8530,"(-304.25, 447.50)",,,,
15:29:52:8919,"(-304.25, 447.50)",,,,
15:29:52:9328,"(-304.25, 447.50)",,,,
15:29:52:9713,"(-304.25, 447.50)",,,,
15:29:53:0104,"(-304.25, 447.50)",,,,
15:29:53:0469,"(-304.25, 447.50)",,,,
15:29:53:0864,"(-304.25, 447.50)",,,,
15:29:53:1253,"(-304.25, 447.50)",,,,
15:29:53:1692,"(-304.25, 447.50)",,,,
15:29:53:2195,"(-304.25, 447.50)",,,,
15:29:53:2748,"(-304.25, 447.50)",,,,
15:29:53:3226,"(-304.25, 447.50)",,,,
15:29:53:3731,"(-304.25, 447.50)",,,,
15:29:53:4105,"(-304.25, 447.50)",,,,
15:29:53:4487,"(-304.25, 447.50)",,,,
15:29:53:4860,"(-304.25, 447.50)",,,,
15:29:53:5226,"(-304.25, 447.50)",,,,
15:29:53:5612,"(-304.25, 447.50)",,,,
15:29:53:5985,"(-304.25, 447.50)",,,,
15:29:53:6367,"(-304.25, 447.50)",,,,
15:29:53:6732,"(-304.25, 447.50)",,,,
15:29:53:7103,"(-304.25, 447.50)",,,,
15:29:53:7518,"(-304.25, 447.50)",,,,
15:29:53:7914,"(-304.25, 447.50)",,,,
15:29:53:8289,"(-304.25, 447.50)",,,,
15:29:53:8672,"(-304.25, 447.50)",,,,
15:29:53:9239,"(-304.25, 447.50)",,,,
15:29:53:9728,"(-304.25, 447.50)",,,,
15:29:54:0532,"(-304.25, 447.50)",,,,
15:29:54:1028,"(-304.25, 447.50)",,,,
15:29:54:1949,"(-304.25, 447.50)",,,,
15:29:54:2564,"(-304.25, 447.50)",,,,
15:29:54:3601,"(-304.25, 447.50)",,,,
15:29:54:4150,"(-304.25, 447.50)",,,,
15:29:54:5078,"(-304.25, 447.50)",,,,
15:29:54:5736,"(-304.25, 447.50)",,,,
15:29:54:7073,"(-304.25, 447.50)",,,,
15:29:54:8231,"(-304.25, 447.50)",,,,
15:29:54:8748,"(-304.25, 447.50)",,,,
15:29:54:9605,"(-304.25, 447.50)",,,,
15:29:55:0244,"(-304.25, 447.50)",,,,
15:29:55:0762,"(-304.25, 447.50)",,,,
15:29:55:1720,"(-304.25, 447.50)",,,,
15:29:55:3946,"(-304.25, 447.50)",,,,
15:29:55:4623,"(-304.25, 447.50)",,,,
15:29:55:6128,"(-304.25, 447.50)",,,,
15:29:55:6896,"(-304.25, 447.50)",,,,
15:29:55:7550,"(-304.25, 447.50)",,,,
15:29:55:8469,"(-304.25, 447.50)",,,,
15:29:55:9630,"(-304.25, 447.50)",,,,
15:29:56:0427,"(-304.25, 447.50)",,,,
15:29:56:1151,"(-304.25, 447.50)",,,,
15:29:56:6724,"(-304.25, 447.50)",,,,
15:29:57:0168,"(-304.25, 447.50)",,,,
15:29:57:1837,"(-304.25, 447.50)",,,,
15:29:57:2819,"(-304.25, 447.50)",,,,
15:29:57:4792,"(-304.25, 447.50)",,,,
15:29:57:6656,"(-304.25, 447.50)",,,,
15:29:57:8129,"(-304.25, 447.50)",,,,
15:29:57:9221,"(-304.25, 447.50)",,,,
15:29:58:0959,"(-304.25, 447.50)",,,,
15:29:58:2146,"(-304.25, 447.50)",,,,
15:29:58:3920,"(-304.25, 447.50)",,,,
15:29:58:4654,"(-304.25, 447.50)",,,,
15:29:58:5370,"(-304.25, 447.50)",,,,
15:29:58:6474,"(-304.25, 447.50)",,,,
15:29:58:7196,"(-304.25, 447.50)",,,,
15:29:58:8185,"(-304.25, 447.50)",,,,
15:29:59:0070,"(-304.25, 447.50)",,,,
15:29:59:1148,"(-304.25, 447.50)",,,,
15:29:59:2130,"(-304.25, 447.50)",,,,
15:29:59:3163,"(-304.25, 447.50)",,,,
15:29:59:4000,"(-304.25, 447.50)",,,,
15:29:59:4866,"(-304.25, 447.50)",,,,
15:29:59:5471,"(-304.25, 447.50)",,,,
15:29:59:5998,"(-304.25, 447.50)",,,,
15:29:59:6618,"(-304.25, 447.50)",,,,
15:29:59:7189,"(-304.25, 447.50)",,,,
15:29:59:7872,"(-304.25, 447.50)",,,,
15:29:59:8523,"(-304.25, 447.50)",,,,
15:29:59:9106,"(-304.25, 447.50)",,,,
15:30:00:0264,"(-304.25, 447.50)",,,,
15:30:00:1557,"(-304.25, 447.50)",,,,
15:30:00:2616,"(-304.25, 447.50)",,,,
15:30:00:3383,"(-304.25, 447.50)",,,,
15:30:00:4038,"(-304.25, 447.50)",,,,
15:30:00:4702,"(-304.25, 447.50)",,,,
15:30:00:5312,"(-304.25, 447.50)",,,,
15:30:00:6065,"(-304.25, 447.50)",,,,
15:30:00:6634,"(-304.25, 447.50)",,,,
15:30:02:7873,"(-304.25, 447.50)",,,,
15:30:02:9461,"(85.75, 234.50)",,,,
15:30:03:0066,"(85.75, 234.50)",,,,
15:30:03:0523,"(85.75, 234.50)",,,,
15:30:03:1014,"(85.75, 234.50)",,,,
15:30:03:1614,"(85.75, 234.50)",,,,
15:30:03:2313,"(85.75, 234.50)",,,,
15:30:03:3176,"(33.75, 202.50)",,,,
15:30:03:4058,"(-161.25, 27.50)",,,,
15:30:03:5012,"(-289.25, -212.50)",,,,
15:30:03:5905,"(-304.25, -252.50)",,,,
15:30:03:6852,"(-304.25, -248.50)",,,,
15:30:03:7358,"(-299.25, -233.50)",,,,
15:30:03:7825,"(-297.25, -225.50)",,,,
15:30:03:8270,"(-297.25, -225.50)",,,,
15:30:03:8698,"(-297.25, -225.50)",,,,
15:30:03:9159,"(-297.25, -225.50)",,,,
15:30:03:9631,"(-297.25, -225.50)",,,,
15:30:04:0053,"(-297.25, -225.50)",,,,
15:30:04:0531,"(-297.25, -225.50)",,,,
15:30:04:1002,"(-297.25, -225.50)",,,,
15:30:04:1461,"(-297.25, -225.50)",,,,
15:30:04:1909,"(-297.25, -225.50)",,,,
15:30:04:2412,"(-287.25, -213.50)",,,,
15:30:04:2898,"(-287.25, -213.50)",,,,
15:30:04:3396,"(-287.25, -213.50)",,,,
15:30:04:3946,"(-287.25, -213.50)",,,,
15:30:04:4516,"(-287.25, -213.50)",,,,
15:30:04:5012,"(-287.25, -213.50)",,,,
15:30:04:5599,"(-284.25, -215.50)",,,,
15:30:04:6118,"(-286.25, -240.50)",,,,
15:30:04:6690,"(-289.25, -247.50)",,,,
15:30:04:7139,"(-289.25, -247.50)",,,,
15:30:04:7563,"(-289.25, -247.50)",,,,
15:30:04:7992,"(-289.25, -247.50)",,,,
15:30:04:8404,"(-289.25, -247.50)",,,,
15:30:04:8845,"(-289.25, -247.50)",,,,
15:30:04:9314,"(-287.25, -235.50)",,,,
15:30:04:9759,"(-282.25, -225.50)",,,,
15:30:05:0199,"(-282.25, -225.50)",,,,
15:30:05:0621,"(-282.25, -225.50)",,,,
15:30:05:1072,"(-282.25, -225.50)",,,,
15:30:05:1511,"(-282.25, -225.50)",,,,
15:30:05:2027,"(-282.25, -225.50)",,,,
15:30:05:2557,"(-291.25, -237.50)",,,,
15:30:05:3185,"(-296.25, -245.50)",,,,
15:30:05:4011,"(-299.25, -252.50)",,,,
15:30:05:5162,"(-301.25, -255.50)",,,,
15:30:05:5719,"(-301.25, -255.50)",,,,
15:30:05:6232,"(-316.25, -253.50)",,,,
15:30:05:6687,"(-329.25, -248.50)",,,,
15:30:05:7173,"(-339.25, -245.50)",,,,
15:30:05:7686,"(-339.25, -245.50)",,,,
15:30:05:8103,"(-339.25, -245.50)",,,,
15:30:05:8550,"(-339.25, -245.50)",,,,
15:30:05:8994,"(-339.25, -245.50)",,,,
15:30:05:9461,"(-339.25, -245.50)",,,,
15:30:05:9936,"(-339.25, -245.50)",,,,
15:30:06:0410,"(-339.25, -245.50)",,,,
15:30:06:0925,"(-339.25, -245.50)",,,,
15:30:06:1527,"(-339.25, -245.50)",,,,
15:30:06:1998,"(-339.25, -245.50)",,,,
15:30:06:2418,"(-339.25, -245.50)",,,,
15:30:06:2885,"(-339.25, -245.50)",,,,
15:30:06:3472,"(-339.25, -245.50)",,,,
15:30:06:3986,"(-339.25, -245.50)",,,,
15:30:06:4563,"(-339.25, -245.50)",,,,
15:30:06:5122,"(-339.25, -245.50)",,,,
15:30:06:5740,"(-339.25, -245.50)",,,,
15:30:06:6385,"(-339.25, -245.50)",,,,
15:30:06:7175,"(-339.25, -245.50)",,,,
15:30:06:8090,"(-339.25, -245.50)",,,,
15:30:06:8982,"(-339.25, -245.50)",,,,
15:30:06:9769,"(-339.25, -245.50)",,,,
15:30:07:0278,"(-339.25, -245.50)",,,,
15:30:07:0785,"(-339.25, -245.50)",,,,
15:30:07:1273,"(-339.25, -245.50)",,,,
15:30:07:1728,"(-339.25, -245.50)",,,,
15:30:07:2186,"(-339.25, -245.50)",,,,
15:30:07:2703,"(-339.25, -245.50)",,,,
15:30:07:3493,"(-339.25, -245.50)",,,,
15:30:07:4281,"(-339.25, -245.50)",,,,
15:30:07:4997,"(-339.25, -245.50)",,,,
15:30:07:5618,"(-339.25, -245.50)",,,,
15:30:07:6314,"(-339.25, -245.50)",,,,
15:30:07:6869,"(-339.25, -245.50)",,,,
15:30:07:7353,"(-339.25, -245.50)",,,,
15:30:07:7846,"(-339.25, -245.50)",,,,
15:30:07:8317,"(-339.25, -245.50)",,,,
15:30:07:9132,"(-339.25, -245.50)",,,,
