timestamp,PointerPosition,SubState,missionName,lastMissionState,missionEvent
15:02:01:4114,"(0.00, 0.00)",,W-46_S-2,,nextMission
15:02:04:1985,"(0.00, 0.00)",,,,
15:02:04:3877,"(0.00, 0.00)",,,,
15:02:04:4273,"(0.00, 0.00)",,,,
15:02:04:4382,"(0.00, 0.00)",,,,
15:02:04:4498,"(0.00, 0.00)",,,,
15:02:04:4599,"(0.00, 0.00)",,,,
15:02:04:4709,"(0.00, 0.00)",,,,
15:02:04:4801,"(0.00, 0.00)",,,,
15:02:04:4899,"(0.00, 0.00)",,,,
15:02:04:4992,"(0.00, 0.00)",,,,
15:02:04:5099,"(0.00, 0.00)",,,,
15:02:04:5212,"(0.00, 0.00)",,,,
15:02:04:5293,"(0.00, 0.00)",,,,
15:02:04:5375,"(0.00, 0.00)",,,,
15:02:04:5455,"(0.00, 0.00)",,,,
15:02:04:5532,"(0.00, 0.00)",,,,
15:02:04:5603,"(0.00, 0.00)",,,,
15:02:04:5688,"(0.00, 0.00)",,,,
15:02:04:5764,"(0.00, 0.00)",,,,
15:02:04:5849,"(0.00, 0.00)",,,,
15:02:04:5933,"(0.00, 0.00)",,,,
15:02:04:6021,"(0.00, 0.00)",,,,
15:02:04:6117,"(0.00, 0.00)",,,,
15:02:04:6208,"(0.00, 0.00)",,,,
15:02:04:6348,"(0.00, 0.00)",,,,
15:02:04:6501,"(0.00, 0.00)",,,,
15:02:04:6667,"(0.00, 0.00)",,,,
15:02:04:6814,"(0.00, 0.00)",,,,
15:02:04:7014,"(0.00, 0.00)",,,,
15:02:04:7169,"(0.00, 0.00)",,,,
15:02:04:7350,"(0.00, 0.00)",,,,
15:02:04:7530,"(0.00, 0.00)",,,,
15:02:04:7651,"(0.00, 0.00)",,,,
15:02:04:7819,"(0.00, 0.00)",,,,
15:02:04:7943,"(0.00, 0.00)",,,,
15:02:04:8113,"(0.00, 0.00)",,,,
15:02:04:8251,"(0.00, 0.00)",,,,
15:02:04:8397,"(0.00, 0.00)",,,,
15:02:04:8540,"(0.00, 0.00)",,,,
15:02:04:8681,"(0.00, 0.00)",,,,
15:02:04:8787,"(0.00, 0.00)",,,,
15:02:04:8873,"(0.00, 0.00)",,,,
15:02:04:8933,"(0.00, 0.00)",,,,
15:02:04:9030,"(0.00, 0.00)",,,,
15:02:04:9096,"(0.00, 0.00)",,,,
15:02:04:9193,"(0.00, 0.00)",,,,
15:02:04:9280,"(0.00, 0.00)",,,,
15:02:04:9361,"(0.00, 0.00)",,,,
15:02:04:9432,"(0.00, 0.00)",,,,
15:02:04:9547,"(0.00, 0.00)",,,,
15:02:04:9620,"(0.00, 0.00)",,,,
15:02:04:9717,"(0.00, 0.00)",,,,
15:02:04:9797,"(0.00, 0.00)",,,,
15:02:04:9914,"(0.00, 0.00)",,,,
15:02:04:9994,"(0.00, 0.00)",,,,
15:02:05:0085,"(0.00, 0.00)",,,,
15:02:05:0171,"(0.00, 0.00)",,,,
15:02:05:0277,"(0.00, 0.00)",,,,
15:02:05:0374,"(0.00, 0.00)",,,,
15:02:05:0459,"(0.00, 0.00)",,,,
15:02:05:0547,"(0.00, 0.00)",,,,
15:02:05:0624,"(0.00, 0.00)",,,,
15:02:05:0720,"(0.00, 0.00)",,,,
15:02:05:0814,"(0.00, 0.00)",,,,
15:02:05:0899,"(0.00, 0.00)",,,,
15:02:05:0996,"(0.00, 0.00)",,,,
15:02:05:1090,"(0.00, 0.00)",,,,
15:02:05:1183,"(0.00, 0.00)",,,,
15:02:05:1265,"(0.00, 0.00)",,,,
15:02:05:1340,"(0.00, 0.00)",,,,
15:02:05:1430,"(0.00, 0.00)",,,,
15:02:05:1525,"(0.00, 0.00)",,,,
15:02:05:1601,"(0.00, 0.00)",,,,
15:02:05:1692,"(0.00, 0.00)",,,,
15:02:05:1768,"(0.00, 0.00)",,,,
15:02:05:1844,"(0.00, 0.00)",,,,
15:02:05:1920,"(0.00, 0.00)",,,,
15:02:05:2012,"(0.00, 0.00)",,,,
15:02:05:2088,"(0.00, 0.00)",,,,
15:02:05:2198,"(0.00, 0.00)",,,,
15:02:05:2283,"(0.00, 0.00)",,,,
15:02:05:2371,"(0.00, 0.00)",,,,
15:02:05:2457,"(0.00, 0.00)",,,,
15:02:05:2564,"(0.00, 0.00)",,,,
15:02:05:2649,"(0.00, 0.00)",,,,
15:02:05:2746,"(0.00, 0.00)",,,,
15:02:05:2878,"(0.00, 0.00)",,,,
15:02:05:2959,"(0.00, 0.00)",,,,
15:02:05:3071,"(0.00, 0.00)",,,,
15:02:05:3197,"(0.00, 0.00)",,,,
15:02:05:3290,"(0.00, 0.00)",,,,
15:02:05:3409,"(0.00, 0.00)",,,,
15:02:05:3499,"(0.00, 0.00)",,,,
15:02:05:3617,"(0.00, 0.00)",,,,
15:02:05:3703,"(0.00, 0.00)",,,,
15:02:05:3794,"(0.00, 0.00)",,,,
15:02:05:3890,"(0.00, 0.00)",,,,
15:02:05:3991,"(0.00, 0.00)",,,,
15:02:05:4102,"(0.00, 0.00)",,,,
15:02:05:4224,"(0.00, 0.00)",,,,
15:02:05:4329,"(0.00, 0.00)",,,,
15:02:05:4451,"(0.00, 0.00)",,,,
15:02:05:4546,"(0.00, 0.00)",,,,
15:02:05:4663,"(0.00, 0.00)",,,,
15:02:05:4781,"(0.00, 0.00)",,,,
15:02:05:4892,"(0.00, 0.00)",,,,
15:02:05:5018,"(0.00, 0.00)",,,,
15:02:05:5134,"(0.00, 0.00)",,,,
15:02:05:5241,"(0.00, 0.00)",,,,
15:02:05:5343,"(0.00, 0.00)",,,,
15:02:05:5444,"(0.00, 0.00)",,,,
15:02:05:5566,"(0.00, 0.00)",,,,
15:02:05:5697,"(0.00, 0.00)",,,,
15:02:05:5793,"(0.00, 0.00)",,,,
15:02:05:5922,"(0.00, 0.00)",,,,
15:02:05:6008,"(0.00, 0.00)",,,,
15:02:05:6101,"(0.00, 0.00)",,,,
15:02:05:6221,"(0.00, 0.00)",,,,
15:02:05:6332,"(0.00, 0.00)",,,,
15:02:05:6480,"(0.00, 0.00)",,,,
15:02:05:6651,"(0.00, 0.00)",,,,
15:02:05:6788,"(0.00, 0.00)",,,,
15:02:05:6945,"(0.00, 0.00)",,,,
15:02:05:7107,"(0.00, 0.00)",,,,
15:02:05:7260,"(0.00, 0.00)",,,,
15:02:05:7398,"(0.00, 0.00)",,,,
15:02:05:7576,"(0.00, 0.00)",,,,
15:02:05:7763,"(0.00, 0.00)",,,,
15:02:05:7946,"(0.00, 0.00)",,,,
15:02:05:8144,"(0.00, 0.00)",,,,
15:02:05:8317,"(0.00, 0.00)",,,,
15:02:05:8516,"(0.00, 0.00)",,,,
15:02:05:8668,"(0.00, 0.00)",,,,
15:02:05:8801,"(0.00, 0.00)",,,,
15:02:05:8930,"(0.00, 0.00)",,,,
15:02:05:9128,"(0.00, 0.00)",,,,
15:02:05:9281,"(0.00, 0.00)",,,,
15:02:05:9420,"(0.00, 0.00)",,,,
15:02:05:9584,"(0.00, 0.00)",,,,
15:02:05:9740,"(0.00, 0.00)",,,,
15:02:05:9873,"(0.00, 0.00)",,,,
15:02:06:0011,"(0.00, 0.00)",,,,
15:02:06:0186,"(0.00, 0.00)",,,,
15:02:06:0350,"(0.00, 0.00)",,,,
15:02:06:0512,"(0.00, 0.00)",,,,
15:02:06:0649,"(0.00, 0.00)",,,,
15:02:06:0775,"(0.00, 0.00)",,,,
15:02:06:0933,"(0.00, 0.00)",,,,
15:02:06:1080,"(0.00, 0.00)",,,,
15:02:06:1889,"(33.75, 481.50)",,,,
15:02:06:2165,"(33.75, 481.50)",,,,
15:02:06:2251,"(33.75, 481.50)",,,,
15:02:06:2383,"(33.75, 481.50)",,,,
15:02:06:2529,"(33.75, 481.50)",,,,
15:02:06:2619,"(33.75, 481.50)",,,,
15:02:06:2730,"(33.75, 481.50)",,,,
15:02:06:2837,"(33.75, 481.50)",,,,
15:02:06:2942,"(33.75, 481.50)",,,,
15:02:06:3033,"(33.75, 481.50)",,,,
15:02:06:3165,"(33.75, 481.50)",,,,
15:02:06:3324,"(33.75, 474.50)",,,,
15:02:06:3444,"(35.75, 466.50)",,,,
15:02:06:3561,"(35.75, 456.50)",,,,
15:02:06:3674,"(35.75, 451.50)",,,,
15:02:06:3790,"(35.75, 446.50)",,,,
15:02:06:3932,"(35.75, 441.50)",,,,
15:02:06:4063,"(35.75, 439.50)",,,,
15:02:06:4219,"(35.75, 436.50)",,,,
15:02:06:4331,"(35.75, 436.50)",,,,
15:02:06:4451,"(35.75, 436.50)",,,,
15:02:06:4568,"(35.75, 436.50)",,,,
15:02:06:4685,"(35.75, 436.50)",,,,
15:02:06:4844,"(35.75, 436.50)",,,,
15:02:06:4996,"(35.75, 436.50)",,,,
15:02:06:5126,"(35.75, 436.50)",,,,
15:02:06:5239,"(35.75, 436.50)",,,,
15:02:06:5379,"(35.75, 436.50)",,,,
15:02:06:5498,"(35.75, 436.50)",,,,
15:02:06:5598,"(35.75, 436.50)",,,,
15:02:06:5727,"(35.75, 436.50)",,,,
15:02:06:5844,"(35.75, 436.50)",,,,
15:02:06:5961,"(35.75, 436.50)",,,,
15:02:06:6087,"(35.75, 436.50)",,,,
15:02:06:6211,"(35.75, 436.50)",,,,
15:02:06:6304,"(35.75, 436.50)",,,,
15:02:06:6397,"(35.75, 436.50)",,,,
15:02:06:6606,"(35.75, 436.50)",,,,
15:02:06:6773,"(35.75, 436.50)",,,,
15:02:06:6930,"(35.75, 436.50)",,,,
15:02:06:7103,"(35.75, 436.50)",,,,
15:02:06:7276,"(35.75, 436.50)",,,,
15:02:06:7477,"(40.75, 441.50)",,,,
15:02:06:7618,"(40.75, 441.50)",,,,
15:02:06:7781,"(40.75, 441.50)",,,,
15:02:06:7955,"(40.75, 441.50)",,,,
15:02:06:8109,"(40.75, 441.50)",,,,
15:02:06:8463,"(40.75, 441.50)",,,,
15:02:06:8734,"(40.75, 441.50)",,,,
15:02:06:8871,"(40.75, 441.50)",,,,
15:02:06:9058,"(40.75, 441.50)",,,,
15:02:06:9211,"(40.75, 441.50)",,,,
15:02:06:9382,"(40.75, 441.50)",,,,
15:02:06:9544,"(40.75, 441.50)",,,,
15:02:06:9699,"(40.75, 441.50)",,,,
15:02:06:9908,"(40.75, 441.50)",,,,
15:02:07:0084,"(40.75, 441.50)",,,,
15:02:07:0253,"(40.75, 441.50)",,,,
15:02:07:0426,"(40.75, 441.50)",,,,
15:02:07:0615,"(47.75, 448.50)",,,,
15:02:07:0789,"(47.75, 444.50)",,,,
15:02:07:0936,"(47.75, 444.50)",,,,
15:02:07:1078,"(47.75, 444.50)",,,,
15:02:07:1190,"(47.75, 444.50)",,,,
15:02:07:1296,"(47.75, 444.50)",,,,
15:02:07:1413,"(47.75, 444.50)",,,,
15:02:07:1509,"(47.75, 444.50)",,,,
15:02:07:1590,"(47.75, 444.50)",,,,
15:02:07:1680,"(47.75, 444.50)",,,,
15:02:07:1760,"(47.75, 444.50)",,,,
15:02:07:1841,"(47.75, 444.50)",,,,
15:02:07:1922,"(47.75, 444.50)",,,,
15:02:07:2003,"(47.75, 444.50)",,,,
15:02:07:2089,"(47.75, 444.50)",,,,
15:02:07:2187,"(47.75, 444.50)",,,,
15:02:07:2263,"(47.75, 444.50)",,,,
15:02:07:2368,"(47.75, 444.50)",,,,
15:02:07:2455,"(47.75, 444.50)",,,,
15:02:07:2552,"(47.75, 436.50)",,,,
15:02:07:2649,"(47.75, 431.50)",,,,
15:02:07:2749,"(47.75, 426.50)",,,,
15:02:07:2845,"(47.75, 419.50)",,,,
15:02:07:2954,"(45.75, 411.50)",,,,
15:02:07:3065,"(43.75, 404.50)",,,,
15:02:07:3193,"(43.75, 404.50)",,,,
15:02:07:3314,"(43.75, 394.50)",,,,
15:02:07:3421,"(43.75, 391.50)",,,,
15:02:07:3534,"(43.75, 381.50)",,,,
15:02:07:3616,"(43.75, 381.50)",,,,
15:02:07:3702,"(43.75, 381.50)",,,,
15:02:07:3817,"(43.75, 379.50)",,,,
15:02:07:3904,"(43.75, 379.50)",,,,
15:02:07:3980,"(43.75, 379.50)",,,,
15:02:07:4062,"(43.75, 379.50)",,,,
15:02:07:4148,"(43.75, 379.50)",,,,
15:02:07:4249,"(43.75, 379.50)",,,,
15:02:07:4335,"(43.75, 379.50)",,,,
15:02:07:4427,"(43.75, 379.50)",,,,
15:02:07:4510,"(43.75, 379.50)",,,,
15:02:07:4601,"(43.75, 379.50)",,,,
15:02:07:4769,"(43.75, 379.50)",,,,
15:02:07:4909,"(43.75, 379.50)",,,,
15:02:07:4986,"(43.75, 379.50)",,,,
15:02:07:5075,"(43.75, 379.50)",,,,
15:02:07:5163,"(43.75, 379.50)",,,,
15:02:07:5243,"(43.75, 379.50)",,,,
15:02:07:5330,"(43.75, 379.50)",,,,
15:02:07:5406,"(43.75, 379.50)",,,,
15:02:07:5498,"(43.75, 379.50)",,,,
15:02:07:5591,"(43.75, 379.50)",,,,
15:02:07:5667,"(43.75, 379.50)",,,,
15:02:07:5748,"(43.75, 379.50)",,,,
15:02:07:5844,"(43.75, 379.50)",,,,
15:02:07:5941,"(43.75, 379.50)",,,,
15:02:07:6076,"(43.75, 379.50)",,,,
15:02:07:6153,"(43.75, 379.50)",,,,
15:02:07:6239,"(43.75, 379.50)",,,,
15:02:07:6319,"(43.75, 379.50)",,,,
15:02:07:6407,"(43.75, 379.50)",,,,
15:02:07:6511,"(43.75, 379.50)",,,,
15:02:07:6642,"(43.75, 379.50)",,,,
15:02:07:6836,"(35.75, 384.50)",,,,
15:02:07:7012,"(33.75, 366.50)",,,,
15:02:07:7176,"(33.75, 354.50)",,,,
15:02:07:7352,"(33.75, 341.50)",,,,
15:02:07:7513,"(33.75, 329.50)",,,,
15:02:07:7683,"(33.75, 321.50)",,,,
15:02:07:7832,"(33.75, 314.50)",,,,
15:02:07:7987,"(33.75, 314.50)",,,,
15:02:07:8155,"(33.75, 311.50)",,,,
15:02:07:8302,"(33.75, 311.50)",,,,
15:02:07:8450,"(33.75, 311.50)",,,,
15:02:07:8785,"(33.75, 311.50)",,,,
15:02:07:8979,"(33.75, 311.50)",,,,
15:02:07:9086,"(33.75, 311.50)",,,,
15:02:07:9233,"(33.75, 311.50)",,,,
15:02:07:9370,"(33.75, 311.50)",,,,
15:02:07:9502,"(33.75, 311.50)",,,,
15:02:07:9626,"(33.75, 311.50)",,,,
15:02:07:9800,"(33.75, 311.50)",,,,
15:02:07:9944,"(33.75, 311.50)",,,,
15:02:08:0102,"(33.75, 311.50)",,,,
15:02:08:0289,"(33.75, 294.50)",,,,
15:02:08:0486,"(33.75, 281.50)",,,,
15:02:08:0652,"(33.75, 269.50)",,,,
15:02:08:0844,"(35.75, 251.50)",,,,
15:02:08:1028,"(35.75, 241.50)",,,,
15:02:08:1172,"(35.75, 229.50)",,,,
15:02:08:1304,"(35.75, 224.50)",,,,
15:02:08:1428,"(35.75, 219.50)",,,,
15:02:08:1559,"(35.75, 219.50)",,,,
15:02:08:1703,"(35.75, 216.50)",,,,
15:02:08:1809,"(35.75, 216.50)",,,,
15:02:08:1921,"(35.75, 216.50)",,,,
15:02:08:2213,"(35.75, 216.50)",,,,
15:02:08:2364,"(35.75, 216.50)",,,,
15:02:08:2460,"(35.75, 216.50)",,,,
15:02:08:2551,"(35.75, 216.50)",,,,
15:02:08:2637,"(35.75, 216.50)",,,,
15:02:08:2738,"(35.75, 216.50)",,,,
15:02:08:2839,"(35.75, 216.50)",,,,
15:02:08:2935,"(35.75, 216.50)",,,,
15:02:08:3026,"(35.75, 216.50)",,,,
15:02:08:3116,"(35.75, 216.50)",,,,
15:02:08:3200,"(35.75, 216.50)",,,,
15:02:08:3321,"(35.75, 216.50)",,,,
15:02:08:3410,"(35.75, 216.50)",,,,
15:02:08:3498,"(35.75, 216.50)",,,,
15:02:08:3603,"(35.75, 216.50)",,,,
15:02:08:3695,"(35.75, 216.50)",,,,
15:02:08:3781,"(35.75, 216.50)",,,,
15:02:08:3878,"(35.75, 216.50)",,,,
15:02:08:3979,"(35.75, 216.50)",,,,
15:02:08:4101,"(35.75, 201.50)",,,,
15:02:08:4212,"(35.75, 196.50)",,,,
15:02:08:4330,"(35.75, 189.50)",,,,
15:02:08:4426,"(35.75, 184.50)",,,,
15:02:08:4539,"(35.75, 179.50)",,,,
15:02:08:4676,"(33.75, 166.50)",,,,
15:02:08:4796,"(33.75, 164.50)",,,,
15:02:08:4898,"(33.75, 161.50)",,,,
15:02:08:5003,"(33.75, 156.50)",,,,
15:02:08:5089,"(33.75, 156.50)",,,,
15:02:08:5197,"(33.75, 156.50)",,,,
15:02:08:5301,"(33.75, 156.50)",,,,
15:02:08:5398,"(33.75, 156.50)",,,,
15:02:08:5499,"(33.75, 156.50)",,,,
15:02:08:5601,"(33.75, 156.50)",,,,
15:02:08:5679,"(33.75, 156.50)",,,,
15:02:08:5808,"(33.75, 156.50)",,,,
15:02:08:5922,"(33.75, 156.50)",,,,
15:02:08:6034,"(33.75, 156.50)",,,,
15:02:08:6152,"(33.75, 156.50)",,,,
15:02:08:6273,"(33.75, 156.50)",,,,
15:02:08:6392,"(33.75, 156.50)",,,,
15:02:08:6798,"(33.75, 156.50)",,,,
15:02:08:7038,"(33.75, 156.50)",,,,
15:02:08:7227,"(33.75, 156.50)",,,,
15:02:08:7402,"(33.75, 156.50)",,,,
15:02:08:7598,"(33.75, 156.50)",,,,
15:02:08:7775,"(33.75, 156.50)",,,,
15:02:08:7955,"(33.75, 156.50)",,,,
15:02:08:8138,"(33.75, 156.50)",,,,
15:02:08:8285,"(33.75, 156.50)",,,,
15:02:08:8431,"(33.75, 156.50)",,,,
15:02:08:8589,"(33.75, 156.50)",,,,
15:02:08:8750,"(33.75, 156.50)",,,,
15:02:08:8949,"(47.75, 171.50)",,,,
15:02:08:9126,"(47.75, 171.50)",,,,
15:02:08:9288,"(47.75, 171.50)",,,,
15:02:08:9464,"(47.75, 178.50)",,,,
15:02:08:9628,"(47.75, 183.50)",,,,
15:02:08:9764,"(47.75, 191.50)",,,,
15:02:08:9890,"(47.75, 198.50)",,,,
15:02:09:0026,"(47.75, 206.50)",,,,
15:02:09:0164,"(47.75, 211.50)",,,,
15:02:09:0311,"(47.75, 223.50)",,,,
15:02:09:0482,"(47.75, 238.50)",,,,
15:02:09:0625,"(47.75, 243.50)",,,,
15:02:09:0781,"(47.75, 248.50)",,,,
15:02:09:0899,"(47.75, 248.50)",,,,
15:02:09:1016,"(47.75, 248.50)",,,,
15:02:09:1137,"(47.75, 248.50)",,,,
15:02:09:1249,"(47.75, 248.50)",,,,
15:02:09:1380,"(47.75, 248.50)",,,,
15:02:09:1661,"(47.75, 248.50)",,,,
15:02:09:1797,"(47.75, 248.50)",,,,
15:02:09:1873,"(47.75, 248.50)",,,,
15:02:09:1964,"(47.75, 248.50)",,,,
15:02:09:2046,"(47.75, 248.50)",,,,
15:02:09:2143,"(47.75, 248.50)",,,,
15:02:09:2220,"(47.75, 248.50)",,,,
15:02:09:2319,"(47.75, 248.50)",,,,
15:02:09:2410,"(47.75, 248.50)",,,,
15:02:09:2503,"(47.75, 248.50)",,,,
15:02:09:2583,"(47.75, 248.50)",,,,
15:02:09:2694,"(47.75, 248.50)",,,,
15:02:09:2774,"(47.75, 248.50)",,,,
15:02:09:2898,"(47.75, 253.50)",,,,
15:02:09:3004,"(47.75, 263.50)",,,,
15:02:09:3118,"(47.75, 266.50)",,,,
15:02:09:3233,"(47.75, 276.50)",,,,
15:02:09:3344,"(47.75, 281.50)",,,,
15:02:09:3460,"(47.75, 286.50)",,,,
15:02:09:3569,"(47.75, 288.50)",,,,
15:02:09:3700,"(47.75, 291.50)",,,,
15:02:09:3777,"(47.75, 291.50)",,,,
15:02:09:3912,"(47.75, 296.50)",,,,
15:02:09:4028,"(47.75, 298.50)",,,,
15:02:09:4147,"(47.75, 306.50)",,,,
15:02:09:4249,"(47.75, 308.50)",,,,
15:02:09:4363,"(47.75, 316.50)",,,,
15:02:09:4452,"(47.75, 316.50)",,,,
15:02:09:4543,"(47.75, 316.50)",,,,
15:02:09:4640,"(47.75, 316.50)",,,,
15:02:09:4728,"(47.75, 316.50)",,,,
15:02:09:4825,"(47.75, 316.50)",,,,
15:02:09:4913,"(47.75, 316.50)",,,,
15:02:09:5001,"(47.75, 316.50)",,,,
15:02:09:5225,"(47.75, 316.50)",,,,
15:02:09:5357,"(47.75, 316.50)",,,,
15:02:09:5443,"(47.75, 316.50)",,,,
15:02:09:5531,"(47.75, 316.50)",,,,
15:02:09:5623,"(47.75, 316.50)",,,,
15:02:09:5714,"(47.75, 316.50)",,,,
15:02:09:5811,"(47.75, 316.50)",,,,
15:02:09:5903,"(47.75, 316.50)",,,,
15:02:09:5985,"(47.75, 316.50)",,,,
15:02:09:6078,"(47.75, 316.50)",,,,
15:02:09:6175,"(47.75, 316.50)",,,,
15:02:09:6261,"(47.75, 316.50)",,,,
15:02:09:6363,"(47.75, 316.50)",,,,
15:02:09:6488,"(47.75, 316.50)",,,,
15:02:09:6569,"(47.75, 316.50)",,,,
15:02:09:6706,"(47.75, 316.50)",,,,
15:02:09:6867,"(47.75, 316.50)",,,,
15:02:09:6989,"(47.75, 316.50)",,,,
15:02:09:7127,"(47.75, 316.50)",,,,
15:02:09:7263,"(47.75, 316.50)",,,,
15:02:09:7405,"(47.75, 316.50)",,,,
15:02:09:7566,"(47.75, 333.50)",,,,
15:02:09:7744,"(52.75, 348.50)",,,,
15:02:09:7912,"(57.75, 363.50)",,,,
15:02:09:8078,"(57.75, 373.50)",,,,
15:02:09:8249,"(60.75, 381.50)",,,,
15:02:09:8436,"(62.75, 391.50)",,,,
15:02:09:8579,"(62.75, 391.50)",,,,
15:02:09:8702,"(62.75, 391.50)",,,,
15:02:09:8834,"(62.75, 391.50)",,,,
15:02:09:8980,"(62.75, 391.50)",,,,
15:02:09:9126,"(62.75, 391.50)",,,,
15:02:09:9299,"(62.75, 391.50)",,,,
15:02:09:9376,"(62.75, 391.50)",,,,
15:02:09:9478,"(62.75, 391.50)",,,,
15:02:09:9574,"(62.75, 391.50)",,,,
15:02:09:9763,"(62.75, 391.50)",,,,
15:02:09:9886,"(62.75, 391.50)",,,,
15:02:09:9982,"(62.75, 391.50)",,,,
15:02:10:0073,"(62.75, 391.50)",,,,
15:02:10:0167,"(62.75, 391.50)",,,,
15:02:10:0246,"(62.75, 391.50)",,,,
15:02:10:0350,"(62.75, 391.50)",,,,
15:02:10:0430,"(62.75, 391.50)",,,,
15:02:10:0529,"(62.75, 391.50)",,,,
15:02:10:0629,"(62.75, 391.50)",,,,
15:02:10:0715,"(62.75, 391.50)",,,,
15:02:10:0809,"(62.75, 391.50)",,,,
15:02:10:0895,"(62.75, 391.50)",,,,
15:02:10:1008,"(62.75, 391.50)",,,,
15:02:10:1104,"(62.75, 391.50)",,,,
15:02:10:1205,"(62.75, 391.50)",,,,
15:02:10:1310,"(62.75, 391.50)",,,,
15:02:10:1395,"(62.75, 391.50)",,,,
15:02:10:1500,"(62.75, 391.50)",,,,
15:02:10:1596,"(62.75, 391.50)",,,,
15:02:10:1694,"(62.75, 391.50)",,,,
15:02:10:1783,"(62.75, 391.50)",,,,
15:02:10:1885,"(62.75, 391.50)",,,,
15:02:10:1972,"(62.75, 391.50)",,,,
15:02:10:2072,"(62.75, 391.50)",,,,
15:02:10:2169,"(62.75, 391.50)",,,,
15:02:10:2261,"(62.75, 391.50)",,,,
15:02:10:2356,"(62.75, 391.50)",,,,
15:02:10:2443,"(62.75, 391.50)",,,,
15:02:10:2541,"(62.75, 391.50)",,,,
15:02:10:2638,"(62.75, 391.50)",,,,
15:02:10:2726,"(62.75, 391.50)",,,,
15:02:10:2824,"(62.75, 391.50)",,,,
15:02:10:2923,"(62.75, 391.50)",,,,
15:02:10:3011,"(62.75, 391.50)",,,,
15:02:10:3103,"(62.75, 391.50)",,,,
15:02:10:3203,"(62.75, 391.50)",,,,
15:02:10:3293,"(62.75, 391.50)",,,,
15:02:10:3383,"(62.75, 391.50)",,,,
15:02:10:3482,"(62.75, 391.50)",,,,
15:02:10:3575,"(62.75, 391.50)",,,,
15:02:10:3662,"(62.75, 391.50)",,,,
15:02:10:3761,"(62.75, 391.50)",,,,
15:02:10:3853,"(62.75, 391.50)",,,,
15:02:10:3953,"(62.75, 391.50)",,,,
15:02:10:4049,"(62.75, 391.50)",,,,
15:02:10:4132,"(62.75, 391.50)",,,,
15:02:10:4229,"(62.75, 391.50)",,,,
15:02:10:4377,"(62.75, 391.50)",,,,
15:02:10:4488,"(62.75, 391.50)",,,,
15:02:10:4584,"(62.75, 391.50)",,,,
15:02:10:4680,"(62.75, 391.50)",,,,
15:02:10:4776,"(62.75, 391.50)",,,,
15:02:10:4872,"(62.75, 391.50)",,,,
15:02:10:4963,"(62.75, 391.50)",,,,
15:02:10:5060,"(62.75, 391.50)",,,,
15:02:10:5159,"(62.75, 391.50)",,,,
15:02:10:5244,"(62.75, 391.50)",,,,
15:02:10:5344,"(62.75, 391.50)",,,,
15:02:10:5432,"(62.75, 391.50)",,,,
15:02:10:5531,"(62.75, 391.50)",,,,
15:02:10:5634,"(62.75, 391.50)",,,,
15:02:10:5716,"(62.75, 391.50)",,,,
15:02:10:5815,"(62.75, 391.50)",,,,
15:02:10:5925,"(62.75, 391.50)",,,,
15:02:10:6010,"(62.75, 391.50)",,,,
15:02:10:6122,"(62.75, 391.50)",,,,
15:02:10:6220,"(62.75, 391.50)",,,,
15:02:10:6313,"(62.75, 391.50)",,,,
15:02:10:6415,"(62.75, 391.50)",,,,
15:02:10:6530,"(62.75, 391.50)",,,,
15:02:10:6629,"(62.75, 391.50)",,,,
15:02:10:6808,"(55.75, 386.50)",,,,
15:02:10:6981,"(55.75, 361.50)",,,,
15:02:10:7163,"(72.75, 309.50)",,,,
15:02:10:7367,"(115.75, 256.50)",,,,
15:02:10:7549,"(185.75, 224.50)",,,,
15:02:10:7731,"(382.75, 174.50)",,,,
15:02:10:7894,"(455.75, 164.50)",,,,
15:02:10:8067,"(562.75, 151.50)",,,,
15:02:10:8227,"(637.75, 136.50)",,,,
15:02:10:8389,"(707.75, 129.50)",,,,
15:02:10:8560,"(752.75, 126.50)",,,,
15:02:10:8734,"(755.75, 126.50)",,,,
15:02:10:8912,"(755.75, 126.50)",,,,
15:02:10:9075,"(755.75, 126.50)",,,,
15:02:10:9226,"(755.75, 126.50)",,,,
15:02:10:9347,"(755.75, 126.50)",,,,
15:02:10:9504,"(755.75, 126.50)",,,,
15:02:10:9620,"(755.75, 126.50)",,,,
15:02:10:9719,"(755.75, 126.50)",,,,
15:02:10:9834,"(748.75, 124.50)",,,,
15:02:10:9980,"(743.75, 119.50)",,,,
15:02:11:0087,"(738.75, 114.50)",,,,
15:02:11:0205,"(733.75, 106.50)",,,,
15:02:11:0314,"(733.75, 99.50)",,,,
15:02:11:0443,"(730.75, 91.50)",,,,
15:02:11:0562,"(728.75, 79.50)",,,,
15:02:11:0675,"(728.75, 71.50)",,,,
15:02:11:0798,"(740.75, 51.50)",,,,
15:02:11:0912,"(752.75, 39.50)",,,,
15:02:11:1031,"(780.75, 24.50)",,,,
15:02:11:1149,"(792.75, 19.50)",,,,
15:02:11:1260,"(805.75, 16.50)",,,,
15:02:11:1387,"(817.75, 14.50)",,,,
15:02:11:1493,"(820.75, 14.50)",,,,
15:02:11:1590,"(820.75, 14.50)",,,,
15:02:11:1681,"(820.75, 14.50)",,,,
15:02:11:1780,"(820.75, 14.50)",,,,
15:02:11:1881,"(820.75, 14.50)",,,,
15:02:11:1981,"(820.75, 14.50)",,,,
15:02:11:2077,"(820.75, 14.50)",,,,
15:02:11:2164,"(820.75, 14.50)",,,,
15:02:11:2261,"(820.75, 14.50)",,,,
15:02:11:2364,"(820.75, 14.50)",,,,
15:02:11:2459,"(820.75, 14.50)",,,,
15:02:11:2550,"(820.75, 14.50)",,,,
15:02:11:2648,"(820.75, 14.50)",,,,
15:02:11:2745,"(820.75, 14.50)",,,,
15:02:11:2851,"(820.75, 14.50)",,,,
15:02:11:2949,"(820.75, 14.50)",,,,
15:02:11:3044,"(820.75, 14.50)",,,,
15:02:11:3151,"(820.75, 14.50)",,,,
15:02:11:3248,"(820.75, 14.50)",,,,
15:02:11:3372,"(820.75, 14.50)",,,,
15:02:11:3464,"(820.75, 14.50)",,,,
15:02:11:3589,"(822.75, 16.50)",,,,
15:02:11:3691,"(822.75, 16.50)",,,,
15:02:11:3805,"(822.75, 18.50)",,,,
15:02:11:3946,"(825.75, 23.50)",,,,
15:02:11:4051,"(827.75, 26.50)",,,,
15:02:11:4173,"(832.75, 33.50)",,,,
15:02:11:4311,"(835.75, 36.50)",,,,
15:02:11:4423,"(840.75, 43.50)",,,,
15:02:11:4530,"(840.75, 43.50)",,,,
15:02:11:4634,"(840.75, 43.50)",,,,
15:02:11:4741,"(840.75, 43.50)",,,,
15:02:11:4839,"(840.75, 43.50)",,,,
15:02:11:4952,"(840.75, 43.50)",,,,
15:02:11:5048,"(840.75, 43.50)",,,,
15:02:11:5150,"(840.75, 43.50)",,,,
15:02:11:5236,"(840.75, 43.50)",,,,
15:02:11:5334,"(840.75, 43.50)",,,,
15:02:11:5431,"(840.75, 43.50)",,,,
15:02:11:5532,"(840.75, 43.50)",,,,
15:02:11:5638,"(840.75, 43.50)",,,,
15:02:11:5735,"(840.75, 43.50)",,,,
15:02:11:5843,"(840.75, 43.50)",,,,
15:02:11:5945,"(840.75, 43.50)",,,,
15:02:11:6044,"(840.75, 43.50)",,,,
15:02:11:6141,"(840.75, 43.50)",,,,
15:02:11:6237,"(840.75, 43.50)",,,,
15:02:11:6335,"(840.75, 43.50)",,,,
15:02:11:6442,"(840.75, 43.50)",,,,
15:02:11:6535,"(840.75, 43.50)",,,,
15:02:11:6628,"(840.75, 43.50)",,,,
15:02:11:6741,"(840.75, 43.50)",,,,
15:02:11:6878,"(840.75, 43.50)",,,,
15:02:11:7030,"(840.75, 43.50)",,,,
15:02:11:7170,"(840.75, 43.50)",,,,
15:02:11:7350,"(840.75, 43.50)",,,,
15:02:11:7518,"(840.75, 43.50)",,,,
15:02:11:7667,"(840.75, 43.50)",,,,
15:02:11:7820,"(840.75, 43.50)",,,,
15:02:11:7974,"(840.75, 43.50)",,,,
15:02:11:8126,"(840.75, 43.50)",,,,
15:02:11:8268,"(840.75, 43.50)",,,,
15:02:11:8427,"(840.75, 43.50)",,,,
15:02:11:8699,"(840.75, 43.50)",,,,
15:02:11:8887,"(840.75, 43.50)",,,,
15:02:11:9014,"(840.75, 43.50)",,,,
15:02:11:9171,"(840.75, 43.50)",,,,
15:02:11:9323,"(840.75, 43.50)",,,,
15:02:11:9472,"(840.75, 43.50)",,,,
15:02:11:9610,"(840.75, 43.50)",,,,
15:02:11:9748,"(840.75, 43.50)",,,,
15:02:11:9949,"(840.75, 43.50)",,W-54_S-1,failed,nextMission
15:02:12:0142,"(840.75, 43.50)",,,,
15:02:12:0276,"(840.75, 43.50)",,,,
15:02:12:0373,"(840.75, 43.50)",,,,
15:02:12:0481,"(840.75, 43.50)",,,,
15:02:12:0592,"(840.75, 43.50)",,,,
15:02:12:0690,"(840.75, 43.50)",,,,
15:02:12:0809,"(840.75, 43.50)",,,,
15:02:12:0911,"(840.75, 43.50)",,,,
15:02:12:1035,"(840.75, 43.50)",,,,
15:02:12:1122,"(840.75, 43.50)",,,,
15:02:12:1232,"(840.75, 43.50)",,,,
15:02:12:1325,"(840.75, 43.50)",,,,
15:02:12:1429,"(840.75, 43.50)",,,,
15:02:12:1527,"(840.75, 43.50)",,,,
15:02:12:1640,"(840.75, 43.50)",,,,
15:02:12:1736,"(840.75, 43.50)",,,,
15:02:12:1842,"(840.75, 43.50)",,,,
15:02:12:1943,"(840.75, 43.50)",,,,
15:02:12:2043,"(840.75, 43.50)",,,,
15:02:12:2150,"(840.75, 43.50)",,,,
15:02:12:2245,"(840.75, 43.50)",,,,
15:02:12:2347,"(840.75, 43.50)",,,,
15:02:12:2459,"(840.75, 43.50)",,,,
15:02:12:2559,"(840.75, 43.50)",,,,
15:02:12:2659,"(840.75, 43.50)",,,,
15:02:12:2762,"(840.75, 43.50)",,,,
15:02:12:2868,"(840.75, 43.50)",,,,
15:02:12:2979,"(840.75, 43.50)",,,,
15:02:12:3081,"(840.75, 43.50)",,,,
15:02:12:3191,"(840.75, 43.50)",,,,
15:02:12:3297,"(840.75, 43.50)",,,,
15:02:12:3396,"(840.75, 43.50)",,,,
15:02:12:3494,"(840.75, 43.50)",,,,
15:02:12:3610,"(840.75, 43.50)",,,,
15:02:12:3708,"(840.75, 43.50)",,,,
15:02:12:3806,"(840.75, 43.50)",,,,
15:02:12:3901,"(840.75, 43.50)",,,,
15:02:12:4009,"(840.75, 43.50)",,,,
15:02:12:4122,"(840.75, 43.50)",,,,
15:02:12:4217,"(840.75, 43.50)",,,,
15:02:12:4330,"(840.75, 43.50)",,,,
15:02:12:4432,"(840.75, 43.50)",,,,
15:02:12:4524,"(840.75, 43.50)",,,,
15:02:12:4638,"(840.75, 43.50)",,,,
15:02:12:4731,"(840.75, 43.50)",,,,
15:02:12:4829,"(840.75, 43.50)",,,,
15:02:12:4951,"(840.75, 43.50)",,,,
15:02:12:5047,"(840.75, 43.50)",,,,
15:02:12:5149,"(840.75, 43.50)",,,,
15:02:12:5256,"(840.75, 43.50)",,,,
15:02:12:5362,"(840.75, 43.50)",,,,
15:02:12:5462,"(840.75, 43.50)",,,,
15:02:12:5562,"(840.75, 43.50)",,,,
15:02:12:5664,"(840.75, 43.50)",,,,
15:02:12:5779,"(840.75, 43.50)",,,,
15:02:12:5887,"(840.75, 43.50)",,,,
15:02:12:5995,"(840.75, 43.50)",,,,
15:02:12:6092,"(840.75, 43.50)",,,,
15:02:12:6206,"(840.75, 43.50)",,,,
15:02:12:6307,"(840.75, 43.50)",,,,
15:02:12:6402,"(840.75, 43.50)",,,,
15:02:12:6507,"(840.75, 43.50)",,,,
15:02:12:6630,"(840.75, 43.50)",,,,
15:02:12:6728,"(840.75, 43.50)",,,,
15:02:12:6825,"(840.75, 43.50)",,,,
15:02:12:6943,"(840.75, 43.50)",,,,
15:02:12:7084,"(840.75, 43.50)",,,,
15:02:12:7243,"(840.75, 43.50)",,,,
15:02:12:7402,"(840.75, 43.50)",,,,
15:02:12:7546,"(840.75, 43.50)",,,,
15:02:12:7706,"(840.75, 43.50)",,,,
15:02:12:7894,"(835.75, 48.50)",,,,
15:02:12:8062,"(830.75, 51.50)",,,,
15:02:12:8222,"(830.75, 51.50)",,,,
15:02:12:8374,"(830.75, 51.50)",,,,
15:02:12:8516,"(830.75, 51.50)",,,,
15:02:12:8676,"(830.75, 51.50)",,,,
15:02:12:8830,"(830.75, 51.50)",,,,
15:02:12:8973,"(830.75, 51.50)",,,,
15:02:12:9111,"(830.75, 51.50)",,,,
15:02:12:9270,"(830.75, 51.50)",,,,
15:02:12:9416,"(830.75, 51.50)",,,,
15:02:12:9569,"(830.75, 51.50)",,,,
15:02:12:9722,"(830.75, 51.50)",,,,
15:02:12:9849,"(830.75, 51.50)",,,,
15:02:12:9990,"(830.75, 51.50)",,,,
15:02:13:0119,"(830.75, 51.50)",,,,
15:02:13:0228,"(830.75, 51.50)",,,,
15:02:13:0335,"(830.75, 51.50)",,,,
15:02:13:0448,"(830.75, 51.50)",,,,
15:02:13:0550,"(830.75, 51.50)",,,,
15:02:13:0650,"(830.75, 51.50)",,,,
15:02:13:0760,"(830.75, 51.50)",,,,
15:02:13:0866,"(830.75, 51.50)",,,,
15:02:13:0988,"(830.75, 51.50)",,,,
15:02:13:1090,"(830.75, 51.50)",,,,
15:02:13:1196,"(830.75, 51.50)",,,,
15:02:13:1298,"(830.75, 51.50)",,,,
15:02:13:1398,"(830.75, 51.50)",,,,
15:02:13:1515,"(830.75, 51.50)",,,,
15:02:13:1629,"(830.75, 51.50)",,,,
15:02:13:1731,"(830.75, 51.50)",,,,
15:02:13:1833,"(830.75, 51.50)",,,,
15:02:13:1945,"(830.75, 51.50)",,,,
15:02:13:2052,"(830.75, 51.50)",,,,
15:02:13:2160,"(830.75, 51.50)",,,,
15:02:13:2272,"(830.75, 51.50)",,,,
15:02:13:2369,"(830.75, 51.50)",,,,
15:02:13:2537,"(830.75, 51.50)",,,,
15:02:13:2663,"(830.75, 51.50)",,,,
15:02:13:2775,"(830.75, 51.50)",,,,
15:02:13:2884,"(830.75, 51.50)",,,,
15:02:13:2985,"(830.75, 51.50)",,,,
15:02:13:3081,"(830.75, 51.50)",,,,
15:02:13:3198,"(830.75, 51.50)",,,,
15:02:13:3305,"(830.75, 51.50)",,,,
15:02:13:3412,"(830.75, 51.50)",,,,
15:02:13:3528,"(830.75, 51.50)",,,,
15:02:13:3641,"(830.75, 51.50)",,,,
15:02:13:3748,"(830.75, 51.50)",,,,
15:02:13:3844,"(830.75, 51.50)",,,,
15:02:13:3961,"(830.75, 51.50)",,,,
15:02:13:4062,"(830.75, 51.50)",,,,
15:02:13:4169,"(830.75, 51.50)",,,,
15:02:13:4287,"(830.75, 51.50)",,,,
15:02:13:4390,"(830.75, 51.50)",,,,
15:02:13:4497,"(830.75, 51.50)",,,,
15:02:13:4617,"(830.75, 51.50)",,,,
15:02:13:4718,"(830.75, 51.50)",,,,
15:02:13:4820,"(830.75, 51.50)",,,,
15:02:13:4937,"(830.75, 51.50)",,,,
15:02:13:5033,"(830.75, 51.50)",,,,
15:02:13:5151,"(830.75, 51.50)",,,,
15:02:13:5259,"(830.75, 51.50)",,,,
15:02:13:5370,"(830.75, 51.50)",,,,
15:02:13:5487,"(830.75, 51.50)",,,,
15:02:13:5602,"(830.75, 51.50)",,,,
15:02:13:5713,"(830.75, 51.50)",,,,
15:02:13:5824,"(830.75, 51.50)",,,,
15:02:13:5935,"(830.75, 51.50)",,,,
15:02:13:6049,"(830.75, 51.50)",,,,
15:02:13:6148,"(830.75, 51.50)",,,,
15:02:13:6261,"(830.75, 51.50)",,,,
15:02:13:6373,"(830.75, 51.50)",,,,
15:02:13:6479,"(830.75, 51.50)",,,,
15:02:13:6580,"(830.75, 51.50)",,,,
15:02:13:6697,"(830.75, 51.50)",,,,
15:02:13:6810,"(830.75, 51.50)",,,,
15:02:13:6920,"(830.75, 51.50)",,,,
15:02:13:7040,"(830.75, 51.50)",,,,
15:02:13:7204,"(830.75, 51.50)",,,,
15:02:13:7345,"(830.75, 51.50)",,,,
15:02:13:7518,"(830.75, 51.50)",,,,
15:02:13:7660,"(830.75, 51.50)",,,,
15:02:13:7821,"(830.75, 51.50)",,,,
15:02:13:7974,"(830.75, 51.50)",,,,
15:02:13:8140,"(830.75, 51.50)",,,,
15:02:13:8315,"(830.75, 51.50)",,,,
15:02:13:8473,"(830.75, 51.50)",,,,
15:02:13:8626,"(830.75, 51.50)",,,,
15:02:13:8878,"(830.75, 51.50)",,,,
15:02:13:9071,"(830.75, 51.50)",,,,
15:02:13:9266,"(830.75, 51.50)",,,,
15:02:13:9461,"(830.75, 51.50)",,,,
15:02:13:9639,"(830.75, 51.50)",,,,
15:02:13:9827,"(830.75, 51.50)",,,,
15:02:14:0020,"(830.75, 51.50)",,,,
15:02:14:0186,"(830.75, 51.50)",,,,
15:02:14:0349,"(830.75, 51.50)",,,,
15:02:14:0528,"(830.75, 51.50)",,,,
15:02:14:0689,"(830.75, 51.50)",,,,
15:02:14:0852,"(830.75, 51.50)",,,,
15:02:14:1022,"(830.75, 51.50)",,,,
15:02:14:1194,"(830.75, 51.50)",,,,
15:02:14:1360,"(830.75, 51.50)",,,,
15:02:14:1699,"(830.75, 51.50)",,,,
15:02:14:1810,"(830.75, 51.50)",,,,
15:02:14:1924,"(830.75, 51.50)",,,,
15:02:14:2031,"(830.75, 51.50)",,,,
15:02:14:2147,"(830.75, 51.50)",,,,
15:02:14:2274,"(830.75, 51.50)",,,,
15:02:14:2375,"(830.75, 51.50)",,,,
15:02:14:2481,"(830.75, 51.50)",,,,
15:02:14:2607,"(830.75, 51.50)",,,,
15:02:14:2708,"(830.75, 51.50)",,,,
15:02:14:2820,"(830.75, 51.50)",,,,
15:02:14:2941,"(830.75, 51.50)",,,,
15:02:14:3060,"(830.75, 51.50)",,,,
15:02:14:3162,"(830.75, 51.50)",,,,
15:02:14:3274,"(830.75, 51.50)",,,,
15:02:14:3391,"(830.75, 51.50)",,,,
15:02:14:3506,"(830.75, 51.50)",,,,
15:02:14:3617,"(830.75, 51.50)",,,,
15:02:14:3728,"(830.75, 51.50)",,,,
15:02:14:3834,"(830.75, 51.50)",,,,
15:02:14:3945,"(830.75, 51.50)",,,,
15:02:14:4047,"(830.75, 51.50)",,,,
15:02:14:4161,"(830.75, 51.50)",,,,
15:02:14:4277,"(830.75, 51.50)",,,,
15:02:14:4395,"(830.75, 51.50)",,,,
15:02:14:4505,"(830.75, 51.50)",,,,
15:02:14:4621,"(830.75, 51.50)",,,,
15:02:14:4737,"(830.75, 51.50)",,,,
15:02:14:4848,"(830.75, 51.50)",,,,
15:02:14:4959,"(830.75, 51.50)",,,,
15:02:14:5070,"(830.75, 51.50)",,,,
15:02:14:5203,"(830.75, 51.50)",,,,
15:02:14:5342,"(830.75, 51.50)",,,,
15:02:14:5465,"(830.75, 51.50)",,,,
15:02:14:5582,"(830.75, 51.50)",,,,
15:02:14:5695,"(830.75, 51.50)",,,,
15:02:14:5809,"(830.75, 51.50)",,,,
15:02:14:5927,"(830.75, 51.50)",,,,
15:02:14:6032,"(830.75, 51.50)",,,,
15:02:14:6144,"(830.75, 51.50)",,,,
15:02:14:6276,"(830.75, 51.50)",,,,
15:02:14:6373,"(830.75, 51.50)",,,,
15:02:14:6497,"(830.75, 51.50)",,,,
15:02:14:6615,"(830.75, 51.50)",,,,
15:02:14:6747,"(830.75, 51.50)",,,,
15:02:14:6863,"(830.75, 51.50)",,,,
15:02:14:6973,"(830.75, 51.50)",,,,
15:02:14:7082,"(830.75, 51.50)",,,,
15:02:14:7215,"(830.75, 51.50)",,,,
15:02:14:7387,"(830.75, 51.50)",,,,
15:02:14:7603,"(830.75, 51.50)",,,,
15:02:14:7803,"(830.75, 51.50)",,,,
15:02:14:7987,"(830.75, 51.50)",,,,
15:02:14:8179,"(830.75, 51.50)",,,,
15:02:14:8443,"(830.75, 51.50)",,,,
15:02:14:8703,"(830.75, 51.50)",,,,
15:02:14:8921,"(830.75, 51.50)",,,,
15:02:14:9108,"(830.75, 51.50)",,,,
15:02:14:9332,"(830.75, 51.50)",,,,
15:02:14:9560,"(830.75, 51.50)",,,,
15:02:14:9739,"(830.75, 51.50)",,,,
15:02:14:9996,"(827.75, 36.50)",,,,
15:02:15:0247,"(837.75, 31.50)",,,,
15:02:15:0507,"(850.75, 14.50)",,,,
15:02:15:0845,"(857.75, -30.50)",,,,
15:02:15:1013,"(857.75, -90.50)",,,,
15:02:15:1311,"(857.75, -148.50)",,,,
15:02:15:1515,"(865.75, -193.50)",,,,
15:02:15:1691,"(865.75, -220.50)",,,,
15:02:15:1878,"(865.75, -243.50)",,,,
15:02:15:2026,"(865.75, -268.50)",,,,
15:02:15:2163,"(867.75, -293.50)",,,,
15:02:15:2335,"(870.75, -308.50)",,,,
15:02:15:2484,"(872.75, -313.50)",,,,
15:02:15:2620,"(872.75, -315.50)",,,,
15:02:15:2767,"(872.75, -318.50)",,,,
15:02:15:2934,"(872.75, -318.50)",,,,
15:02:15:3072,"(872.75, -318.50)",,,,
15:02:15:3250,"(872.75, -318.50)",,,,
15:02:15:3370,"(872.75, -318.50)",,,,
15:02:15:3512,"(870.75, -323.50)",,,,
15:02:15:3689,"(865.75, -330.50)",,,,
15:02:15:3861,"(858.75, -340.50)",,,,
15:02:15:3989,"(853.75, -345.50)",,,,
15:02:15:4175,"(853.75, -345.50)",,,,
15:02:15:4306,"(853.75, -345.50)",,,,
15:02:15:4480,"(853.75, -345.50)",,,,
15:02:15:4625,"(853.75, -345.50)",,,,
15:02:15:4749,"(853.75, -345.50)",,,,
15:02:15:4878,"(853.75, -345.50)",,,,
15:02:15:5036,"(853.75, -345.50)",,,,
15:02:15:5143,"(853.75, -345.50)",,,,
15:02:15:5267,"(853.75, -345.50)",,,,
15:02:15:5382,"(853.75, -345.50)",,,,
15:02:15:5495,"(853.75, -345.50)",,,,
15:02:15:5633,"(853.75, -345.50)",,,,
15:02:15:5745,"(853.75, -345.50)",,,,
15:02:15:5864,"(853.75, -345.50)",,,,
15:02:15:6146,"(853.75, -345.50)",,,,
15:02:23:8011,"(853.75, -345.50)",,,,
15:02:23:8469,"(853.75, -345.50)",,,,
15:02:23:8940,"(853.75, -345.50)",,,,
15:02:23:9251,"(853.75, -345.50)",,,,
15:02:23:9643,"(853.75, -345.50)",,,,
15:02:23:9937,"(853.75, -345.50)",,,,
15:02:24:0123,"(853.75, -345.50)",,,,
15:02:24:0315,"(853.75, -345.50)",,,,
15:02:24:0521,"(853.75, -345.50)",,,,
15:02:24:0724,"(853.75, -345.50)",,,,
15:02:24:0938,"(853.75, -345.50)",,,,
15:02:24:1135,"(853.75, -345.50)",,,,
15:02:24:1312,"(853.75, -345.50)",,,,
15:02:24:1489,"(853.75, -345.50)",,,,
15:02:24:1667,"(853.75, -345.50)",,,,
15:02:24:1818,"(853.75, -345.50)",,,,
15:02:24:2012,"(853.75, -345.50)",,,,
15:02:24:2186,"(853.75, -345.50)",,,,
15:02:24:2364,"(853.75, -345.50)",,,,
15:02:24:2494,"(853.75, -345.50)",,,,
15:02:24:2645,"(853.75, -345.50)",,,,
15:02:24:2772,"(853.75, -345.50)",,,,
15:02:24:2943,"(853.75, -345.50)",,,,
15:02:24:3084,"(853.75, -345.50)",,,,
15:02:24:3226,"(853.75, -345.50)",,,,
15:02:24:3337,"(853.75, -345.50)",,,,
15:02:24:3478,"(853.75, -345.50)",,,,
15:02:24:3620,"(853.75, -345.50)",,,,
15:02:24:3737,"(853.75, -345.50)",,,,
15:02:24:3916,"(853.75, -345.50)",,,,
15:02:24:4044,"(853.75, -345.50)",,,,
15:02:24:4186,"(853.75, -345.50)",,,,
15:02:24:4310,"(853.75, -345.50)",,,,
15:02:24:4462,"(853.75, -345.50)",,,,
15:02:24:4591,"(853.75, -345.50)",,,,
15:02:24:4720,"(853.75, -345.50)",,,,
15:02:24:4860,"(853.75, -345.50)",,,,
15:02:24:5039,"(853.75, -345.50)",,,,
15:02:24:5251,"(853.75, -345.50)",,,,
15:02:24:5421,"(853.75, -345.50)",,,,
15:02:24:5638,"(853.75, -345.50)",,,,
15:02:24:5821,"(853.75, -345.50)",,,,
15:02:24:5966,"(853.75, -345.50)",,,,
15:02:24:6137,"(853.75, -345.50)",,,,
15:02:24:9507,"(937.75, -388.50)",,,,
15:02:25:1395,"(937.75, -388.50)",,,,
15:02:25:1915,"(708.75, -211.50)",,,,
15:02:25:2175,"(638.75, -143.50)",,,,
15:02:25:2373,"(608.75, -116.50)",,,,
15:02:25:2525,"(520.75, -48.50)",,,,
15:02:25:2752,"(430.75, 13.50)",,,,
15:02:25:3126,"(258.75, 121.50)",,,,
15:02:25:3422,"(115.75, 196.50)",,,,
15:02:25:3675,"(40.75, 231.50)",,,,
15:02:25:3933,"(8.75, 248.50)",,,,
15:02:25:4152,"(8.75, 248.50)",,,,
15:02:25:4360,"(8.75, 248.50)",,,,
15:02:25:4564,"(8.75, 248.50)",,,,
15:02:25:4793,"(8.75, 248.50)",,,,
15:02:25:5098,"(8.75, 248.50)",,,,
15:02:25:5334,"(8.75, 248.50)",,,,
15:02:25:5618,"(8.75, 248.50)",,,,
15:02:25:5859,"(8.75, 248.50)",,,,
15:02:25:6174,"(8.75, 248.50)",,,,
15:02:25:6485,"(8.75, 248.50)",,,,
15:02:25:6803,"(8.75, 248.50)",,,,
15:02:25:7152,"(8.75, 248.50)",,,,
15:02:25:7508,"(8.75, 248.50)",,,,
15:02:25:7799,"(8.75, 248.50)",,,,
15:02:25:8100,"(8.75, 248.50)",,,,
15:02:25:8460,"(-4.25, 239.50)",,,,
15:02:25:8847,"(-4.25, 239.50)",,,,
15:02:25:9312,"(-2.25, 239.50)",,,,
15:02:25:9759,"(0.75, 239.50)",,,,
15:02:26:0150,"(0.75, 239.50)",,,,
15:02:26:0560,"(0.75, 239.50)",,,,
15:02:26:0897,"(0.75, 239.50)",,,,
15:02:26:1269,"(0.75, 239.50)",,,,
15:02:26:1591,"(0.75, 239.50)",,,,
15:02:26:1961,"(42.75, 234.50)",,,,
15:02:26:2334,"(62.75, 234.50)",,,,
15:02:26:2637,"(70.75, 234.50)",,,,
15:02:26:2947,"(70.75, 234.50)",,,,
15:02:26:3178,"(70.75, 234.50)",,,,
15:02:26:3467,"(70.75, 234.50)",,,,
15:02:26:3711,"(70.75, 234.50)",,,,
15:02:26:3950,"(70.75, 234.50)",,,,
15:02:26:4161,"(70.75, 234.50)",,,,
15:02:26:4377,"(70.75, 234.50)",,,,
15:02:26:4611,"(70.75, 234.50)",,,,
15:02:26:4840,"(70.75, 234.50)",,,,
15:02:26:5059,"(70.75, 234.50)",,,,
15:02:26:5221,"(70.75, 234.50)",,,,
15:02:26:5352,"(70.75, 234.50)",,,,
15:02:26:5504,"(70.75, 234.50)",,,,
15:02:26:5650,"(70.75, 234.50)",,,,
15:02:26:5849,"(70.75, 234.50)",,,,
15:02:26:6016,"(70.75, 234.50)",,,,
15:02:26:6160,"(70.75, 234.50)",,,,
15:02:26:6306,"(70.75, 234.50)",,,,
15:02:26:6452,"(70.75, 234.50)",,,,
15:02:26:6594,"(70.75, 234.50)",,,,
15:02:26:6735,"(70.75, 234.50)",,,,
15:02:26:6855,"(70.75, 234.50)",,,,
15:02:26:6985,"(70.75, 234.50)",,,,
15:02:26:7118,"(70.75, 234.50)",,,,
15:02:26:7261,"(70.75, 234.50)",,,,
15:02:26:7399,"(70.75, 234.50)",,,,
15:02:26:7526,"(70.75, 234.50)",,,,
15:02:26:7646,"(70.75, 234.50)",,,,
15:02:26:7773,"(70.75, 234.50)",,,,
15:02:26:7915,"(70.75, 234.50)",,,,
15:02:26:8051,"(70.75, 234.50)",,,,
15:02:26:8234,"(70.75, 234.50)",,,,
15:02:26:8436,"(70.75, 234.50)",,,,
15:02:26:8628,"(70.75, 234.50)",,,,
15:02:26:8821,"(70.75, 234.50)",,,,
15:02:26:8989,"(70.75, 234.50)",,,,
15:02:26:9167,"(70.75, 234.50)",,,,
15:02:26:9421,"(70.75, 234.50)",,,,
15:02:26:9657,"(70.75, 234.50)",,,,
15:02:26:9878,"(70.75, 234.50)",,,,
15:02:27:0071,"(70.75, 234.50)",,,,
15:02:27:0263,"(70.75, 234.50)",,,,
15:02:27:0489,"(70.75, 234.50)",,,,
15:02:27:0688,"(70.75, 234.50)",,,,
15:02:27:0819,"(70.75, 234.50)",,,,
15:02:27:0960,"(70.75, 234.50)",,,,
15:02:27:1089,"(70.75, 234.50)",,,,
15:02:27:1221,"(70.75, 234.50)",,,,
15:02:27:1347,"(70.75, 234.50)",,,,
15:02:27:1478,"(70.75, 234.50)",,,,
15:02:27:1623,"(70.75, 234.50)",,,,
15:02:27:1765,"(70.75, 234.50)",,,,
15:02:27:1908,"(70.75, 234.50)",,,,
15:02:27:2062,"(70.75, 234.50)",,,,
15:02:27:2220,"(70.75, 234.50)",,,,
15:02:27:2383,"(70.75, 234.50)",,,,
15:02:27:2516,"(70.75, 234.50)",,,,
15:02:27:2663,"(70.75, 234.50)",,,,
15:02:27:2826,"(70.75, 234.50)",,,,
15:02:27:2959,"(70.75, 234.50)",,,,
15:02:27:3102,"(70.75, 234.50)",,,,
15:02:27:3250,"(70.75, 234.50)",,,,
15:02:27:3391,"(70.75, 234.50)",,,,
15:02:27:3541,"(70.75, 234.50)",,,,
15:02:27:3680,"(70.75, 234.50)",,,,
15:02:27:3839,"(70.75, 234.50)",,,,
15:02:27:4019,"(70.75, 234.50)",,,,
15:02:27:4147,"(70.75, 234.50)",,,,
15:02:27:4325,"(70.75, 234.50)",,,,
15:02:27:4480,"(70.75, 234.50)",,,,
15:02:27:4638,"(70.75, 234.50)",,,,
15:02:27:4807,"(70.75, 234.50)",,,,
15:02:27:4964,"(70.75, 234.50)",,,,
15:02:27:5127,"(70.75, 234.50)",,,,
15:02:27:5289,"(70.75, 234.50)",,,,
15:02:27:5431,"(70.75, 234.50)",,,,
15:02:27:5584,"(70.75, 234.50)",,,,
15:02:27:5751,"(70.75, 234.50)",,,,
15:02:27:5908,"(70.75, 234.50)",,,,
15:02:27:6047,"(70.75, 234.50)",,,,
15:02:27:6201,"(70.75, 234.50)",,,,
15:02:27:6347,"(70.75, 234.50)",,,,
15:02:27:6509,"(70.75, 234.50)",,,,
15:02:27:6661,"(70.75, 234.50)",,,,
15:02:27:6828,"(70.75, 234.50)",,,,
15:02:27:6975,"(70.75, 234.50)",,,,
15:02:27:7142,"(70.75, 234.50)",,,,
15:02:27:7309,"(70.75, 234.50)",,,,
15:02:27:7486,"(70.75, 234.50)",,,,
15:02:27:7631,"(70.75, 234.50)",,,,
15:02:27:7815,"(70.75, 234.50)",,,,
15:02:27:7971,"(70.75, 234.50)",,,,
15:02:27:8112,"(70.75, 234.50)",,,,
15:02:27:8329,"(70.75, 234.50)",,,,
15:02:27:8547,"(70.75, 234.50)",,,,
15:02:27:8760,"(70.75, 234.50)",,,,
15:02:27:8989,"(70.75, 234.50)",,,,
15:02:27:9244,"(70.75, 234.50)",,,,
15:02:27:9496,"(70.75, 234.50)",,,,
15:02:27:9722,"(70.75, 234.50)",,,,
15:02:27:9953,"(70.75, 234.50)",,,,
15:02:28:0190,"(70.75, 234.50)",,,,
15:02:28:0401,"(70.75, 234.50)",,,,
15:02:28:0597,"(70.75, 234.50)",,,,
15:02:28:0796,"(70.75, 234.50)",,,,
15:02:28:1024,"(70.75, 234.50)",,,,
15:02:28:1273,"(70.75, 234.50)",,,,
15:02:28:1411,"(70.75, 234.50)",,,,
15:02:28:1553,"(70.75, 234.50)",,,,
15:02:28:1683,"(70.75, 234.50)",,,,
15:02:28:1830,"(70.75, 234.50)",,,,
15:02:28:1977,"(70.75, 234.50)",,,,
15:02:28:2144,"(70.75, 234.50)",,,,
15:02:28:2294,"(70.75, 234.50)",,,,
15:02:28:2443,"(70.75, 234.50)",,,,
15:02:28:2586,"(70.75, 234.50)",,,,
15:02:28:2712,"(70.75, 234.50)",,,,
15:02:28:2838,"(70.75, 234.50)",,,,
15:02:28:2970,"(70.75, 234.50)",,,,
15:02:28:3108,"(70.75, 234.50)",,,,
15:02:28:3250,"(70.75, 234.50)",,,,
15:02:28:3386,"(70.75, 234.50)",,,,
15:02:28:3522,"(70.75, 234.50)",,,,
15:02:28:3673,"(70.75, 234.50)",,,,
15:02:28:3850,"(70.75, 234.50)",,,,
15:02:28:3995,"(70.75, 234.50)",,,,
15:02:28:4146,"(70.75, 234.50)",,,,
15:02:28:4313,"(70.75, 234.50)",,,,
15:02:28:4460,"(70.75, 234.50)",,,,
15:02:28:4647,"(70.75, 234.50)",,,,
15:02:28:4851,"(70.75, 234.50)",,,,
15:02:28:5028,"(70.75, 234.50)",,,,
15:02:28:5219,"(70.75, 234.50)",,,,
15:02:28:5411,"(70.75, 234.50)",,,,
15:02:28:5594,"(70.75, 234.50)",,,,
15:02:28:5767,"(70.75, 234.50)",,,,
15:02:28:5935,"(70.75, 234.50)",,,,
15:02:28:6072,"(70.75, 234.50)",,,,
15:02:28:6232,"(70.75, 234.50)",,,,
15:02:28:6375,"(70.75, 234.50)",,,,
15:02:28:6505,"(70.75, 234.50)",,,,
15:02:28:6648,"(70.75, 234.50)",,,,
15:02:28:6791,"(70.75, 234.50)",,,,
15:02:28:6917,"(70.75, 234.50)",,,,
15:02:28:7078,"(70.75, 234.50)",,,,
15:02:28:7219,"(70.75, 234.50)",,,,
15:02:28:7365,"(70.75, 234.50)",,,,
15:02:28:7511,"(70.75, 234.50)",,,,
15:02:28:7653,"(70.75, 234.50)",,,,
15:02:28:7784,"(70.75, 234.50)",,,,
15:02:28:7936,"(70.75, 234.50)",,,,
15:02:28:8092,"(70.75, 234.50)",,,,
15:02:28:8248,"(70.75, 234.50)",,,,
15:02:28:8449,"(70.75, 234.50)",,,,
15:02:28:8659,"(70.75, 234.50)",,,,
15:02:28:8877,"(70.75, 234.50)",,,,
15:02:28:9100,"(70.75, 234.50)",,,,
15:02:28:9359,"(70.75, 234.50)",,,,
15:02:28:9570,"(70.75, 234.50)",,,,
15:02:28:9762,"(70.75, 234.50)",,,,
15:02:28:9975,"(70.75, 234.50)",,,,
15:02:29:0162,"(70.75, 234.50)",,,,
15:02:29:0358,"(70.75, 234.50)",,,,
15:02:29:0566,"(70.75, 234.50)",,,,
15:02:29:0778,"(70.75, 234.50)",,,,
15:02:29:0974,"(70.75, 234.50)",,,,
15:02:29:1176,"(70.75, 234.50)",,,,
15:02:29:1384,"(70.75, 234.50)",,,,
15:02:29:1602,"(70.75, 234.50)",,,,
15:02:29:1790,"(70.75, 234.50)",,,,
15:02:29:1967,"(70.75, 234.50)",,,,
15:02:29:2155,"(70.75, 234.50)",,,,
15:02:29:2301,"(70.75, 234.50)",,,,
15:02:29:2430,"(70.75, 234.50)",,,,
15:02:29:2568,"(70.75, 234.50)",,,,
15:02:29:2702,"(70.75, 234.50)",,,,
15:02:29:2829,"(70.75, 234.50)",,,,
15:02:29:2945,"(70.75, 234.50)",,,,
15:02:29:3088,"(70.75, 234.50)",,,,
15:02:29:3227,"(70.75, 234.50)",,,,
15:02:29:3345,"(70.75, 234.50)",,,,
15:02:29:3483,"(70.75, 234.50)",,,,
15:02:29:3605,"(70.75, 234.50)",,,,
15:02:29:3734,"(70.75, 234.50)",,,,
15:02:29:3868,"(70.75, 234.50)",,,,
15:02:29:3990,"(70.75, 234.50)",,,,
15:02:29:4129,"(70.75, 234.50)",,,,
15:02:29:4262,"(70.75, 234.50)",,,,
15:02:29:4382,"(70.75, 234.50)",,,,
15:02:29:4520,"(70.75, 234.50)",,,,
15:02:29:4649,"(70.75, 234.50)",,,,
15:02:29:4774,"(70.75, 234.50)",,,,
15:02:29:4909,"(70.75, 234.50)",,,,
15:02:29:5046,"(70.75, 234.50)",,,,
15:02:29:5174,"(70.75, 234.50)",,,,
15:02:29:5316,"(70.75, 234.50)",,,,
15:02:29:5442,"(70.75, 234.50)",,,,
15:02:29:5581,"(70.75, 234.50)",,,,
15:02:29:5709,"(70.75, 234.50)",,,,
15:02:29:5837,"(70.75, 234.50)",,,,
15:02:29:5976,"(70.75, 234.50)",,,,
15:02:29:6102,"(70.75, 234.50)",,,,
15:02:29:6229,"(70.75, 234.50)",,,,
15:02:29:6361,"(70.75, 234.50)",,,,
15:02:29:6696,"(70.75, 234.50)",,,,
15:02:29:6907,"(70.75, 234.50)",,,,
15:02:29:7050,"(70.75, 234.50)",,,,
15:02:29:7161,"(70.75, 234.50)",,,,
15:02:29:7297,"(70.75, 234.50)",,,,
15:02:29:7439,"(70.75, 234.50)",,,,
15:02:29:7575,"(70.75, 234.50)",,,,
15:02:29:7696,"(70.75, 234.50)",,,,
15:02:29:7853,"(70.75, 234.50)",,,,
15:02:29:8019,"(70.75, 234.50)",,,,
15:02:29:8174,"(70.75, 234.50)",,,,
15:02:29:8315,"(70.75, 234.50)",,,,
15:02:29:8478,"(70.75, 234.50)",,,,
15:02:29:8688,"(70.75, 234.50)",,,,
15:02:29:8887,"(70.75, 234.50)",,,,
15:02:29:9101,"(70.75, 234.50)",,,,
15:02:29:9317,"(70.75, 234.50)",,,,
15:02:29:9509,"(70.75, 234.50)",,,,
15:02:29:9730,"(70.75, 234.50)",,,,
15:02:29:9953,"(70.75, 234.50)",,,,
15:02:30:0162,"(70.75, 234.50)",,,,
15:02:30:0381,"(70.75, 234.50)",,,,
15:02:30:0608,"(70.75, 234.50)",,,,
15:02:30:0805,"(70.75, 234.50)",,,,
15:02:30:1017,"(70.75, 234.50)",,,,
15:02:30:1235,"(70.75, 234.50)",,,,
15:02:30:1447,"(70.75, 234.50)",,,,
15:02:30:1598,"(70.75, 234.50)",,,,
15:02:30:1745,"(70.75, 234.50)",,,,
15:02:30:1899,"(70.75, 234.50)",,,,
15:02:30:2062,"(70.75, 234.50)",,,,
15:02:30:2221,"(70.75, 234.50)",,,,
15:02:30:2384,"(70.75, 234.50)",,,,
15:02:30:2567,"(70.75, 234.50)",,,,
15:02:30:2745,"(70.75, 234.50)",,,,
15:02:30:2897,"(70.75, 234.50)",,,,
15:02:30:3077,"(70.75, 234.50)",,,,
15:02:30:3239,"(70.75, 234.50)",,,,
15:02:30:3441,"(70.75, 234.50)",,,,
15:02:30:3638,"(70.75, 234.50)",,,,
15:02:30:3809,"(70.75, 234.50)",,,,
15:02:30:3996,"(70.75, 234.50)",,,,
15:02:30:4188,"(70.75, 234.50)",,,,
15:02:30:4437,"(140.75, 226.50)",,,,
15:02:30:4632,"(317.75, 181.50)",,,,
15:02:30:4817,"(525.75, 151.50)",,,,
15:02:30:4969,"(635.75, 139.50)",,,,
15:02:30:5128,"(710.75, 134.50)",,,,
15:02:30:5300,"(742.75, 131.50)",,,,
15:02:30:5446,"(780.75, 129.50)",,,,
15:02:30:5582,"(780.75, 129.50)",,,,
15:02:30:5726,"(780.75, 129.50)",,,,
15:02:30:5864,"(780.75, 129.50)",,,,
15:02:30:6037,"(780.75, 129.50)",,,,
15:02:30:6189,"(780.75, 129.50)",,,,
15:02:30:6337,"(780.75, 129.50)",,,,
15:02:30:6479,"(780.75, 129.50)",,,,
15:02:30:6616,"(780.75, 129.50)",,,,
15:02:30:6753,"(780.75, 129.50)",,,,
15:02:30:6898,"(780.75, 129.50)",,,,
15:02:30:7041,"(780.75, 129.50)",,,,
15:02:30:7179,"(780.75, 129.50)",,,,
15:02:30:7361,"(782.75, 119.50)",,,,
15:02:30:7508,"(782.75, 109.50)",,,,
15:02:30:7659,"(782.75, 99.50)",,,,
15:02:30:7807,"(782.75, 94.50)",,,,
15:02:30:7963,"(782.75, 84.50)",,,,
15:02:30:8102,"(782.75, 74.50)",,,,
15:02:30:8331,"(787.75, 69.50)",,,,
15:02:30:8508,"(797.75, 54.50)",,,,
15:02:30:8778,"(805.75, 41.50)",,,,
15:02:30:9033,"(807.75, 36.50)",,,,
15:02:30:9295,"(807.75, 36.50)",,,,
15:02:30:9593,"(807.75, 36.50)",,,,
15:02:30:9896,"(807.75, 36.50)",,,,
15:02:31:0165,"(807.75, 36.50)",,,,
15:02:31:0485,"(807.75, 36.50)",,,,
15:02:31:0835,"(807.75, 36.50)",,,,
15:02:31:1417,"(807.75, 36.50)",,,,
15:02:31:1551,"(807.75, 36.50)",,,,
15:02:31:1685,"(807.75, 36.50)",,,,
15:02:31:1862,"(807.75, 36.50)",,W-48_S-1,failed,nextMission
15:03:07:5677,"(807.75, 36.50)",,,,
15:03:07:5988,"(807.75, 36.50)",,,,
15:03:07:9313,"(807.75, 36.50)",,,,
15:03:07:9452,"(807.75, 36.50)",,,,
15:03:07:9595,"(807.75, 36.50)",,,,
15:03:07:9727,"(807.75, 36.50)",,,,
15:03:07:9871,"(807.75, 36.50)",,,,
15:03:08:0021,"(807.75, 36.50)",,,,
15:03:08:0157,"(807.75, 36.50)",,,,
15:03:08:0304,"(807.75, 36.50)",,,,
15:03:08:0441,"(807.75, 36.50)",,,,
15:03:08:0581,"(807.75, 36.50)",,,,
15:03:08:0729,"(807.75, 36.50)",,,,
15:03:08:0868,"(807.75, 36.50)",,,,
15:03:08:1000,"(807.75, 36.50)",,,,
15:03:08:1137,"(807.75, 36.50)",,,,
15:03:08:1275,"(807.75, 36.50)",,,,
15:03:08:1484,"(807.75, 36.50)",,,,
15:03:08:1719,"(807.75, 36.50)",,,,
15:03:08:1996,"(807.75, 36.50)",,,,
15:03:08:2212,"(807.75, 36.50)",,,,
15:03:08:2410,"(807.75, 36.50)",,,,
15:03:08:2598,"(807.75, 36.50)",,,,
15:03:08:2796,"(807.75, 36.50)",,,,
15:03:08:2990,"(807.75, 36.50)",,,,
15:03:08:3161,"(807.75, 36.50)",,,,
15:03:08:3342,"(807.75, 36.50)",,,,
15:03:08:3478,"(807.75, 36.50)",,,,
15:03:08:3606,"(807.75, 36.50)",,,,
15:03:08:3742,"(807.75, 36.50)",,,,
15:03:08:3876,"(807.75, 36.50)",,,,
15:03:08:4038,"(807.75, 36.50)",,,,
15:03:08:4189,"(807.75, 36.50)",,,,
15:03:08:4328,"(807.75, 36.50)",,,,
15:03:08:4462,"(807.75, 36.50)",,,,
15:03:08:4600,"(807.75, 36.50)",,,,
15:03:08:4733,"(807.75, 36.50)",,,,
15:03:08:4880,"(807.75, 36.50)",,,,
15:03:08:5007,"(807.75, 36.50)",,,,
15:03:08:5159,"(807.75, 36.50)",,,,
15:03:08:5301,"(807.75, 36.50)",,,,
15:03:08:5433,"(807.75, 36.50)",,,,
15:03:08:5574,"(807.75, 36.50)",,,,
15:03:08:6799,"(-29.25, 329.50)",,,,
15:03:08:7343,"(-29.25, 329.50)",,,,
15:03:08:7502,"(-29.25, 329.50)",,,,
15:03:08:7749,"(-29.25, 329.50)",,,,
15:03:08:7916,"(-29.25, 329.50)",,,,
15:03:08:8082,"(-29.25, 329.50)",,,,
15:03:08:8251,"(-29.25, 329.50)",,,,
15:03:08:8397,"(-29.25, 329.50)",,,,
15:03:08:8539,"(-29.25, 329.50)",,,,
15:03:08:8701,"(-29.25, 329.50)",,,,
15:03:08:8860,"(-29.25, 329.50)",,,,
15:03:08:9024,"(-29.25, 329.50)",,,,
15:03:08:9182,"(-29.25, 329.50)",,,,
15:03:08:9335,"(-29.25, 329.50)",,,,
15:03:08:9494,"(-29.25, 329.50)",,,,
15:03:08:9648,"(-29.25, 329.50)",,,,
15:03:08:9820,"(-29.25, 329.50)",,,,
15:03:08:9990,"(-29.25, 329.50)",,,,
15:03:09:0163,"(-29.25, 329.50)",,,,
15:03:09:0349,"(-29.25, 329.50)",,,,
15:03:09:0538,"(-29.25, 329.50)",,,,
15:03:09:0694,"(-29.25, 329.50)",,,,
15:03:09:0840,"(-29.25, 329.50)",,,,
15:03:09:0997,"(-29.25, 329.50)",,,,
15:03:09:1200,"(-22.25, 341.50)",,,,
15:03:09:1385,"(-22.25, 341.50)",,,,
15:03:09:1598,"(-22.25, 341.50)",,,,
15:03:09:1833,"(-22.25, 341.50)",,,,
15:03:09:2060,"(-22.25, 341.50)",,,,
15:03:09:2271,"(-22.25, 341.50)",,,,
15:03:09:2463,"(-22.25, 341.50)",,,,
15:03:09:2649,"(-22.25, 341.50)",,,,
15:03:09:2842,"(-22.25, 341.50)",,,,
15:03:09:3043,"(-22.25, 341.50)",,,,
15:03:09:3221,"(-22.25, 341.50)",,,,
15:03:09:3418,"(-22.25, 341.50)",,,,
15:03:09:3648,"(-22.25, 341.50)",,,,
15:03:09:3870,"(2.75, 312.50)",,,,
15:03:09:4102,"(35.75, 284.50)",,,,
15:03:09:4450,"(122.75, 212.50)",,,,
15:03:09:4793,"(230.75, 109.50)",,,,
15:03:09:5061,"(312.75, 29.50)",,,,
15:03:09:5325,"(522.75, -122.50)",,,,
15:03:09:5722,"(740.75, -250.50)",,,,
15:03:09:5971,"(777.75, -270.50)",,,,
15:03:09:6133,"(777.75, -270.50)",,,,
15:03:09:6380,"(777.75, -270.50)",,,,
15:03:09:6547,"(777.75, -270.50)",,,,
15:03:09:6710,"(777.75, -270.50)",,,,
15:03:09:6861,"(777.75, -270.50)",,,,
15:03:09:7093,"(777.75, -270.50)",,,,
15:03:09:7287,"(787.75, -280.50)",,,,
15:03:09:7474,"(792.75, -287.50)",,,,
15:03:09:7746,"(805.75, -312.50)",,,,
15:03:09:7928,"(805.75, -315.50)",,,,
15:03:09:8160,"(805.75, -332.50)",,,,
15:03:09:8405,"(805.75, -332.50)",,,,
15:03:09:8581,"(805.75, -332.50)",,,,
15:03:09:8739,"(805.75, -332.50)",,,,
15:03:09:8881,"(805.75, -332.50)",,,,
15:03:09:9025,"(805.75, -332.50)",,,,
15:03:09:9174,"(805.75, -332.50)",,,,
15:03:09:9324,"(805.75, -332.50)",,,,
15:03:09:9488,"(805.75, -332.50)",,,,
15:03:09:9635,"(805.75, -332.50)",,,,
15:03:09:9813,"(805.75, -332.50)",,,,
15:03:09:9950,"(805.75, -332.50)",,,,
15:03:10:0099,"(805.75, -332.50)",,,,
15:03:10:0243,"(805.75, -332.50)",,,,
15:03:10:0420,"(805.75, -332.50)",,,,
15:03:10:0562,"(805.75, -332.50)",,,,
15:03:10:0710,"(805.75, -332.50)",,,,
15:03:10:0848,"(805.75, -332.50)",,,,
15:03:10:1004,"(805.75, -332.50)",,,,
15:03:10:1146,"(805.75, -332.50)",,,,
15:03:10:1293,"(805.75, -332.50)",,,,
15:03:10:1439,"(805.75, -332.50)",,,,
15:03:10:1620,"(805.75, -332.50)",,,,
15:03:10:1824,"(805.75, -332.50)",,,,
15:03:10:2008,"(805.75, -332.50)",,,,
15:03:10:2212,"(805.75, -332.50)",,,,
15:03:10:2559,"(805.75, -332.50)",,,,
15:03:10:2803,"(805.75, -332.50)",,,,
15:03:10:3060,"(805.75, -332.50)",,,,
15:03:10:3272,"(805.75, -332.50)",,,,
15:03:10:3535,"(805.75, -332.50)",,,,
15:03:10:3972,"(805.75, -332.50)",,,,
15:03:10:4259,"(805.75, -332.50)",,,,
15:03:10:4585,"(805.75, -332.50)",,,,
15:03:10:4869,"(805.75, -332.50)",,,,
15:03:10:5028,"(805.75, -332.50)",,,,
15:03:10:5164,"(805.75, -332.50)",,,,
15:03:10:5322,"(805.75, -332.50)",,,,
15:03:10:5478,"(805.75, -332.50)",,,,
15:03:10:5640,"(805.75, -332.50)",,,,
15:03:10:5787,"(805.75, -332.50)",,,,
15:03:10:5957,"(805.75, -332.50)",,,,
15:03:10:6160,"(805.75, -332.50)",,,,
15:03:10:6318,"(805.75, -332.50)",,,,
15:03:10:6497,"(805.75, -332.50)",,,,
15:03:10:6694,"(805.75, -332.50)",,,,
15:03:10:6877,"(805.75, -332.50)",,,,
15:03:10:7032,"(805.75, -332.50)",,,,
15:03:10:7198,"(805.75, -332.50)",,,,
15:03:10:7366,"(805.75, -332.50)",,,,
15:03:10:7537,"(805.75, -332.50)",,,,
15:03:10:7707,"(805.75, -332.50)",,,,
15:03:10:7874,"(805.75, -332.50)",,,,
15:03:10:8030,"(805.75, -332.50)",,,,
15:03:10:8193,"(805.75, -332.50)",,,,
15:03:10:8379,"(805.75, -332.50)",,,,
15:03:10:8545,"(805.75, -332.50)",,,,
15:03:10:8743,"(805.75, -332.50)",,,,
15:03:10:8920,"(805.75, -332.50)",,,,
15:03:10:9083,"(805.75, -332.50)",,,,
15:03:10:9246,"(805.75, -332.50)",,,,
15:03:10:9415,"(805.75, -332.50)",,,,
15:03:10:9563,"(805.75, -332.50)",,,,
15:03:10:9724,"(805.75, -332.50)",,,,
15:03:10:9949,"(805.75, -332.50)",,,,
15:03:11:0168,"(805.75, -332.50)",,,,
15:03:11:0346,"(805.75, -332.50)",,,,
15:03:11:0552,"(805.75, -332.50)",,,,
15:03:11:0745,"(805.75, -332.50)",,,,
15:03:11:0916,"(805.75, -332.50)",,,,
15:03:11:1099,"(805.75, -332.50)",,,,
15:03:11:1299,"(805.75, -332.50)",,,,
15:03:11:1461,"(805.75, -332.50)",,,,
15:03:11:1673,"(805.75, -332.50)",,,,
15:03:11:1936,"(805.75, -332.50)",,,,
15:03:11:2138,"(805.75, -332.50)",,,,
15:03:11:2376,"(805.75, -332.50)",,,,
15:03:11:2658,"(805.75, -332.50)",,,,
15:03:11:2875,"(805.75, -332.50)",,,,
15:03:11:3214,"(805.75, -332.50)",,,,
15:03:11:3508,"(805.75, -332.50)",,,,
15:03:11:3866,"(805.75, -332.50)",,,,
15:03:11:4202,"(805.75, -332.50)",,,,
15:03:11:4466,"(805.75, -332.50)",,,,
15:03:11:4683,"(805.75, -332.50)",,,,
15:03:11:4886,"(805.75, -332.50)",,,,
15:03:11:5084,"(805.75, -332.50)",,,,
15:03:11:5292,"(805.75, -332.50)",,,,
15:03:11:5471,"(805.75, -332.50)",,,,
15:03:11:5668,"(805.75, -332.50)",,,,
15:03:11:5868,"(805.75, -332.50)",,,,
15:03:11:6126,"(805.75, -332.50)",,,,
15:03:11:6369,"(805.75, -332.50)",,,,
15:03:11:6516,"(805.75, -332.50)",,,,
15:03:11:6668,"(805.75, -332.50)",,,,
15:03:11:6806,"(805.75, -332.50)",,,,
15:03:11:6949,"(805.75, -332.50)",,,,
15:03:11:7100,"(805.75, -332.50)",,,,
15:03:11:7241,"(805.75, -332.50)",,,,
15:03:11:7430,"(805.75, -332.50)",,,,
15:03:11:7577,"(805.75, -332.50)",,,,
15:03:11:7731,"(805.75, -332.50)",,,,
15:03:11:7885,"(805.75, -332.50)",,,,
15:03:11:8031,"(805.75, -332.50)",,,,
15:03:11:8193,"(805.75, -332.50)",,,,
15:03:11:8379,"(805.75, -332.50)",,,,
15:03:11:8594,"(805.75, -332.50)",,,,
15:03:11:8778,"(805.75, -332.50)",,,,
15:03:11:8996,"(805.75, -332.50)",,,,
15:03:11:9159,"(805.75, -332.50)",,,,
15:03:11:9315,"(805.75, -332.50)",,,,
15:03:11:9483,"(805.75, -332.50)",,,,
15:03:11:9649,"(805.75, -332.50)",,,,
15:03:11:9796,"(805.75, -332.50)",,,,
15:03:12:0002,"(805.75, -332.50)",,,,
15:03:12:0176,"(805.75, -332.50)",,,,
15:03:12:0387,"(805.75, -332.50)",,,,
15:03:12:0557,"(805.75, -332.50)",,,,
15:03:12:0721,"(805.75, -332.50)",,,,
15:03:12:0885,"(805.75, -332.50)",,,,
15:03:12:1072,"(805.75, -332.50)",,,,
15:03:12:1220,"(805.75, -332.50)",,,,
15:03:12:1379,"(805.75, -332.50)",,,,
15:03:12:1541,"(805.75, -332.50)",,,,
15:03:12:1703,"(805.75, -332.50)",,,,
15:03:12:1909,"(805.75, -332.50)",,,,
15:03:12:2172,"(805.75, -332.50)",,,,
15:03:12:2419,"(805.75, -332.50)",,,,
15:03:12:2674,"(805.75, -332.50)",,,,
15:03:12:2944,"(805.75, -332.50)",,,,
15:03:12:3195,"(805.75, -332.50)",,,,
15:03:12:3447,"(805.75, -332.50)",,,,
15:03:12:3690,"(805.75, -332.50)",,,,
15:03:12:3990,"(805.75, -332.50)",,,,
15:03:12:4263,"(805.75, -332.50)",,,,
15:03:12:4484,"(805.75, -332.50)",,,,
15:03:12:4706,"(805.75, -332.50)",,,,
15:03:12:4973,"(805.75, -332.50)",,,,
15:03:12:5184,"(805.75, -332.50)",,,,
15:03:12:5345,"(805.75, -332.50)",,,,
15:03:12:5509,"(805.75, -332.50)",,,,
15:03:12:5657,"(805.75, -332.50)",,,,
15:03:12:5814,"(805.75, -332.50)",,,,
15:03:12:5959,"(805.75, -332.50)",,,,
15:03:12:6116,"(805.75, -332.50)",,,,
15:03:12:6274,"(805.75, -332.50)",,,,
15:03:12:6410,"(805.75, -332.50)",,,,
15:03:12:6572,"(805.75, -332.50)",,,,
15:03:12:6745,"(805.75, -332.50)",,,,
15:03:12:6902,"(805.75, -332.50)",,,,
15:03:12:7061,"(805.75, -332.50)",,,,
15:03:12:7219,"(805.75, -332.50)",,,,
15:03:12:7381,"(805.75, -332.50)",,,,
15:03:12:7525,"(805.75, -332.50)",,,,
15:03:12:7693,"(805.75, -332.50)",,,,
15:03:12:7838,"(805.75, -332.50)",,,,
15:03:12:7992,"(805.75, -332.50)",,,,
15:03:12:8147,"(805.75, -332.50)",,,,
15:03:12:8283,"(805.75, -332.50)",,,,
15:03:12:8432,"(805.75, -332.50)",,,,
15:03:12:8689,"(805.75, -332.50)",,,,
15:03:12:8902,"(805.75, -332.50)",,,,
15:03:12:9067,"(805.75, -332.50)",,,,
15:03:12:9246,"(805.75, -332.50)",,,,
15:03:12:9404,"(805.75, -332.50)",,,,
15:03:12:9562,"(805.75, -332.50)",,,,
15:03:13:0758,"(942.75, -358.50)",,,,
15:03:13:1296,"(910.75, -300.50)",,,,
15:03:13:1593,"(873.75, -228.50)",,,,
15:03:13:1770,"(848.75, -180.50)",,,,
15:03:13:1963,"(800.75, -118.50)",,,,
15:03:13:2237,"(733.75, -63.50)",,,,
15:03:13:2475,"(680.75, -13.50)",,,,
15:03:13:2809,"(583.75, 76.50)",,,,
15:03:13:3151,"(363.75, 204.50)",,,,
15:03:13:3426,"(268.75, 236.50)",,,,
15:03:13:3675,"(190.75, 249.50)",,,,
15:03:13:3940,"(168.75, 254.50)",,,,
15:03:13:4226,"(158.75, 259.50)",,,,
15:03:13:4579,"(153.75, 261.50)",,,,
15:03:13:4913,"(125.75, 279.50)",,,,
15:03:13:5211,"(110.75, 284.50)",,,,
15:03:13:5474,"(108.75, 286.50)",,,,
15:03:13:5720,"(100.75, 291.50)",,,,
15:03:13:5953,"(98.75, 294.50)",,,,
15:03:13:6164,"(93.75, 299.50)",,,,
15:03:13:6398,"(90.75, 304.50)",,,,
15:03:13:6605,"(90.75, 304.50)",,,,
15:03:13:6848,"(88.75, 311.50)",,,,
15:03:13:7081,"(85.75, 319.50)",,,,
15:03:13:7227,"(85.75, 319.50)",,,,
15:03:13:7388,"(85.75, 319.50)",,,,
15:03:13:7580,"(85.75, 319.50)",,,,
15:03:13:7747,"(85.75, 319.50)",,,,
15:03:13:7974,"(85.75, 319.50)",,,,
15:04:24:4045,"(85.75, 319.50)",,,,
15:04:24:4418,"(85.75, 319.50)",,,,
15:04:24:7789,"(85.75, 319.50)",,,,
15:04:24:8057,"(85.75, 319.50)",,,,
15:04:24:8283,"(85.75, 319.50)",,,,
15:04:24:8426,"(85.75, 319.50)",,,,
15:04:24:8585,"(85.75, 319.50)",,,,
15:04:24:8737,"(85.75, 319.50)",,,,
15:04:24:8899,"(85.75, 319.50)",,,,
15:04:24:9048,"(85.75, 319.50)",,,,
15:04:24:9241,"(85.75, 319.50)",,,,
15:04:24:9396,"(85.75, 319.50)",,,,
15:04:24:9558,"(85.75, 319.50)",,,,
15:04:24:9725,"(85.75, 319.50)",,,,
15:04:24:9876,"(85.75, 319.50)",,,,
15:04:25:0054,"(85.75, 319.50)",,,,
15:04:25:0206,"(85.75, 319.50)",,,,
15:04:25:0384,"(85.75, 319.50)",,,,
15:04:25:0564,"(85.75, 319.50)",,,,
15:04:25:0737,"(85.75, 319.50)",,,,
15:04:25:0894,"(85.75, 319.50)",,,,
15:04:25:1042,"(85.75, 319.50)",,,,
15:04:25:1214,"(85.75, 319.50)",,,,
15:04:25:1391,"(85.75, 319.50)",,,,
15:04:25:1559,"(85.75, 319.50)",,,,
15:04:25:1716,"(85.75, 319.50)",,,,
15:04:25:1894,"(85.75, 319.50)",,,,
15:04:25:2065,"(85.75, 319.50)",,,,
15:04:25:2239,"(85.75, 319.50)",,,,
15:04:25:2402,"(85.75, 319.50)",,,,
15:04:25:2570,"(85.75, 319.50)",,,,
15:04:25:2727,"(85.75, 319.50)",,,,
15:04:25:2875,"(85.75, 319.50)",,,,
15:04:25:3033,"(85.75, 319.50)",,,,
15:04:25:3182,"(85.75, 319.50)",,,,
15:04:25:3338,"(85.75, 319.50)",,,,
15:04:25:3483,"(85.75, 319.50)",,,,
15:04:25:3634,"(85.75, 319.50)",,,,
15:04:25:3782,"(85.75, 319.50)",,,,
15:04:25:5071,"(85.75, 319.50)",,,,
15:04:25:6105,"(935.75, -380.50)",,,,
15:04:25:6365,"(935.75, -380.50)",,,,
15:04:25:6675,"(935.75, -380.50)",,,,
15:04:25:7020,"(935.75, -380.50)",,,,
15:04:25:7338,"(935.75, -380.50)",,,,
15:04:25:7704,"(935.75, -380.50)",,,,
15:04:25:8006,"(935.75, -380.50)",,,,
15:04:25:8390,"(935.75, -380.50)",,,,
15:04:25:8689,"(935.75, -380.50)",,,,
15:04:25:8999,"(935.75, -380.50)",,,,
15:04:25:9360,"(935.75, -380.50)",,,,
15:04:25:9727,"(935.75, -380.50)",,,,
15:04:26:0059,"(935.75, -380.50)",,,,
15:04:26:0464,"(935.75, -380.50)",,,,
15:04:26:0835,"(935.75, -380.50)",,,,
15:04:26:1233,"(935.75, -380.50)",,,,
15:04:26:1468,"(935.75, -380.50)",,,,
15:04:26:1691,"(935.75, -380.50)",,,,
15:04:26:1929,"(935.75, -380.50)",,,,
15:04:26:2156,"(935.75, -380.50)",,,,
15:04:26:2390,"(935.75, -380.50)",,,,
15:04:26:2635,"(935.75, -380.50)",,,,
15:04:26:2909,"(935.75, -380.50)",,,,
15:04:26:3197,"(935.75, -380.50)",,,,
15:04:26:3445,"(935.75, -380.50)",,,,
15:04:26:3720,"(935.75, -380.50)",,,,
15:04:26:3979,"(935.75, -380.50)",,,,
15:04:26:4272,"(935.75, -380.50)",,,,
15:04:26:4526,"(935.75, -380.50)",,,,
15:04:26:4758,"(935.75, -380.50)",,,,
15:04:26:5028,"(935.75, -380.50)",,,,
15:04:26:5271,"(935.75, -380.50)",,,,
15:04:26:5509,"(935.75, -380.50)",,,,
15:04:26:5767,"(935.75, -380.50)",,,,
15:04:26:6044,"(935.75, -380.50)",,,,
15:04:26:6341,"(935.75, -380.50)",,,,
15:04:26:6558,"(935.75, -380.50)",,,,
15:04:26:6843,"(935.75, -380.50)",,,,
15:04:26:7142,"(935.75, -380.50)",,,,
15:04:26:7471,"(935.75, -380.50)",,,,
15:04:26:7756,"(935.75, -380.50)",,,,
15:04:26:8056,"(935.75, -380.50)",,,,
15:04:26:8381,"(935.75, -380.50)",,,,
15:04:26:8691,"(935.75, -380.50)",,,,
15:04:26:9111,"(935.75, -380.50)",,,,
15:04:26:9510,"(935.75, -380.50)",,,,
15:04:26:9813,"(935.75, -380.50)",,,,
15:04:27:0089,"(935.75, -380.50)",,,,
15:04:27:0362,"(935.75, -380.50)",,,,
15:04:27:0835,"(935.75, -380.50)",,,,
15:04:27:0996,"(935.75, -380.50)",,,,
15:04:27:1147,"(935.75, -380.50)",,,,
15:04:27:1293,"(935.75, -380.50)",,,,
15:04:27:1444,"(935.75, -380.50)",,,,
15:04:27:1598,"(935.75, -380.50)",,,,
15:04:27:1744,"(935.75, -380.50)",,,,
15:04:27:1900,"(935.75, -380.50)",,,,
15:04:27:2057,"(935.75, -380.50)",,,,
15:04:27:2225,"(935.75, -380.50)",,,,
15:04:27:2376,"(935.75, -380.50)",,,,
15:04:27:2527,"(935.75, -380.50)",,,,
15:04:27:2686,"(935.75, -380.50)",,,,
15:04:27:2842,"(935.75, -380.50)",,,,
15:04:27:3003,"(935.75, -380.50)",,,,
15:04:27:3155,"(935.75, -380.50)",,,,
15:04:27:3321,"(935.75, -380.50)",,,,
15:04:27:3472,"(935.75, -380.50)",,,,
15:04:27:3617,"(935.75, -380.50)",,,,
15:04:27:3778,"(935.75, -380.50)",,,,
15:04:27:3929,"(935.75, -380.50)",,,,
15:04:27:4083,"(935.75, -380.50)",,,,
15:04:27:4231,"(935.75, -380.50)",,,,
15:04:27:4389,"(935.75, -380.50)",,,,
15:04:27:4557,"(935.75, -380.50)",,,,
15:04:27:4713,"(935.75, -380.50)",,,,
15:04:27:4880,"(935.75, -380.50)",,,,
15:04:27:5033,"(935.75, -380.50)",,,,
15:04:27:5207,"(935.75, -380.50)",,,,
15:04:27:5364,"(935.75, -380.50)",,,,
15:04:27:5534,"(935.75, -380.50)",,,,
15:04:27:5689,"(935.75, -380.50)",,,,
15:04:27:5849,"(935.75, -380.50)",,,,
15:04:27:6008,"(935.75, -380.50)",,,,
15:04:27:6147,"(935.75, -380.50)",,,,
15:04:27:6305,"(935.75, -380.50)",,,,
15:04:27:6448,"(935.75, -380.50)",,,,
15:04:27:6602,"(935.75, -380.50)",,,,
15:04:27:6764,"(935.75, -380.50)",,,,
15:04:27:6965,"(935.75, -380.50)",,,,
15:04:27:7177,"(935.75, -380.50)",,,,
15:04:27:7383,"(935.75, -380.50)",,,,
15:04:27:7585,"(935.75, -380.50)",,,,
15:04:27:7786,"(935.75, -380.50)",,,,
15:04:27:7983,"(935.75, -380.50)",,,,
15:04:27:8195,"(935.75, -380.50)",,,,
15:04:27:8398,"(935.75, -380.50)",,,,
15:04:27:8595,"(935.75, -380.50)",,,,
15:04:27:8803,"(935.75, -380.50)",,,,
15:04:27:9017,"(935.75, -380.50)",,,,
15:04:27:9228,"(935.75, -380.50)",,,,
15:04:27:9382,"(935.75, -380.50)",,,,
15:04:27:9546,"(935.75, -380.50)",,,,
15:04:27:9703,"(935.75, -380.50)",,,,
15:04:27:9855,"(935.75, -380.50)",,,,
15:04:28:0014,"(935.75, -380.50)",,,,
15:04:28:0170,"(935.75, -380.50)",,,,
15:04:28:0312,"(935.75, -380.50)",,,,
15:04:28:0466,"(935.75, -380.50)",,,,
15:04:28:0618,"(935.75, -380.50)",,,,
15:04:28:0778,"(935.75, -380.50)",,,,
15:04:28:0935,"(935.75, -380.50)",,,,
15:04:28:1094,"(935.75, -380.50)",,,,
15:04:28:1243,"(935.75, -380.50)",,,,
15:04:28:1402,"(935.75, -380.50)",,,,
15:04:28:1559,"(935.75, -380.50)",,,,
15:04:28:1716,"(935.75, -380.50)",,,,
15:04:28:1876,"(935.75, -380.50)",,,,
15:04:28:2033,"(935.75, -380.50)",,,,
15:04:28:2185,"(935.75, -380.50)",,,,
15:04:28:2336,"(935.75, -380.50)",,,,
15:04:28:2510,"(935.75, -380.50)",,,,
15:04:28:2660,"(935.75, -380.50)",,,,
15:04:28:2820,"(935.75, -380.50)",,,,
15:04:28:2969,"(935.75, -380.50)",,,,
15:04:28:3125,"(935.75, -380.50)",,,,
15:04:28:3284,"(935.75, -380.50)",,,,
15:04:28:3439,"(935.75, -380.50)",,,,
15:04:28:3584,"(935.75, -380.50)",,,,
15:04:28:3739,"(935.75, -380.50)",,,,
15:04:28:3892,"(935.75, -380.50)",,,,
15:04:28:4053,"(935.75, -380.50)",,,,
15:04:28:4196,"(935.75, -380.50)",,,,
15:04:28:4361,"(935.75, -380.50)",,,,
15:04:28:4521,"(935.75, -380.50)",,,,
15:04:28:4671,"(935.75, -380.50)",,,,
15:04:28:4834,"(935.75, -380.50)",,,,
15:04:28:4983,"(935.75, -380.50)",,,,
15:04:28:5129,"(935.75, -380.50)",,,,
15:04:28:5288,"(935.75, -380.50)",,,,
15:04:28:5441,"(935.75, -380.50)",,,,
15:04:28:5610,"(935.75, -380.50)",,,,
15:04:28:5760,"(935.75, -380.50)",,,,
15:04:28:5913,"(935.75, -380.50)",,,,
15:04:28:6074,"(935.75, -380.50)",,,,
15:04:28:6225,"(935.75, -380.50)",,,,
15:04:28:6384,"(935.75, -380.50)",,,,
15:04:28:6531,"(935.75, -380.50)",,,,
15:04:28:6694,"(935.75, -380.50)",,,,
15:04:28:6843,"(935.75, -380.50)",,,,
15:04:28:7046,"(935.75, -380.50)",,,,
15:04:28:7241,"(935.75, -380.50)",,,,
15:04:28:7449,"(935.75, -380.50)",,,,
15:04:28:7650,"(935.75, -380.50)",,,,
15:04:28:7867,"(935.75, -380.50)",,,,
15:04:28:8065,"(935.75, -380.50)",,,,
15:04:28:8279,"(935.75, -380.50)",,,,
15:04:28:8477,"(935.75, -380.50)",,,,
15:04:28:8698,"(935.75, -380.50)",,,,
15:04:28:8874,"(935.75, -380.50)",,,,
15:04:28:9032,"(935.75, -380.50)",,,,
15:04:28:9195,"(935.75, -380.50)",,,,
15:04:28:9350,"(935.75, -380.50)",,,,
15:04:28:9522,"(935.75, -380.50)",,,,
15:04:28:9682,"(935.75, -380.50)",,,,
15:04:28:9837,"(935.75, -380.50)",,,,
15:04:29:0016,"(935.75, -380.50)",,,,
15:04:29:0182,"(935.75, -380.50)",,,,
15:04:29:0342,"(935.75, -380.50)",,,,
15:04:29:0514,"(935.75, -380.50)",,,,
15:04:29:0684,"(935.75, -380.50)",,,,
15:04:29:0858,"(935.75, -380.50)",,,,
15:04:29:1025,"(935.75, -380.50)",,,,
15:04:29:1185,"(935.75, -380.50)",,,,
15:04:29:1349,"(935.75, -380.50)",,,,
15:04:29:1509,"(935.75, -380.50)",,,,
15:04:29:1686,"(935.75, -380.50)",,,,
15:04:29:1986,"(935.75, -380.50)",,,,
15:04:29:2327,"(935.75, -380.50)",,,,
15:04:29:2569,"(935.75, -380.50)",,,,
15:04:29:2770,"(935.75, -380.50)",,,,
15:04:29:2943,"(935.75, -380.50)",,,,
15:04:29:3119,"(935.75, -380.50)",,,,
15:04:29:3322,"(935.75, -380.50)",,,,
15:04:29:3536,"(935.75, -380.50)",,,,
15:04:29:3717,"(935.75, -380.50)",,,,
15:04:29:3905,"(935.75, -380.50)",,,,
15:04:29:4070,"(935.75, -380.50)",,,,
15:04:29:4229,"(935.75, -380.50)",,,,
15:04:29:4399,"(935.75, -380.50)",,,,
15:04:29:4589,"(935.75, -380.50)",,,,
15:04:29:4744,"(935.75, -380.50)",,,,
15:04:29:4904,"(935.75, -380.50)",,,,
15:04:29:5116,"(935.75, -380.50)",,,,
15:04:29:5298,"(935.75, -380.50)",,,,
15:04:29:5467,"(935.75, -380.50)",,,,
15:04:29:5627,"(935.75, -380.50)",,,,
15:04:29:5783,"(935.75, -380.50)",,,,
15:04:29:5956,"(935.75, -380.50)",,,,
15:04:29:6126,"(935.75, -380.50)",,,,
15:04:29:6311,"(935.75, -380.50)",,,,
15:04:29:6523,"(935.75, -380.50)",,,,
15:04:29:6694,"(935.75, -380.50)",,,,
15:04:29:6911,"(935.75, -380.50)",,,,
15:04:29:7392,"(935.75, -380.50)",,,,
15:04:29:7791,"(935.75, -380.50)",,,,
15:04:29:8073,"(935.75, -380.50)",,,,
15:04:29:8414,"(935.75, -380.50)",,,,
15:04:29:8721,"(935.75, -380.50)",,,,
15:04:29:9076,"(935.75, -380.50)",,,,
15:04:29:9368,"(935.75, -380.50)",,,,
15:04:29:9713,"(935.75, -380.50)",,,,
15:04:30:0034,"(935.75, -380.50)",,,,
15:04:30:0362,"(935.75, -380.50)",,,,
15:04:30:0680,"(935.75, -380.50)",,,,
15:04:30:0938,"(935.75, -380.50)",,,,
15:04:30:1296,"(935.75, -380.50)",,,,
15:04:30:1696,"(935.75, -380.50)",,,,
15:04:30:2062,"(935.75, -380.50)",,,,
15:04:30:2495,"(935.75, -380.50)",,,,
15:04:30:2849,"(935.75, -380.50)",,,,
15:04:30:3255,"(935.75, -380.50)",,,,
15:04:30:3625,"(935.75, -380.50)",,,,
15:04:30:3963,"(935.75, -380.50)",,,,
15:04:30:4160,"(935.75, -380.50)",,,,
15:04:30:4336,"(935.75, -380.50)",,,,
15:04:30:4488,"(935.75, -380.50)",,,,
15:04:30:4660,"(935.75, -380.50)",,,,
15:04:30:4816,"(935.75, -380.50)",,,,
15:04:30:4982,"(935.75, -380.50)",,,,
15:04:30:5163,"(935.75, -380.50)",,,,
15:04:30:5351,"(935.75, -380.50)",,,,
15:04:30:5528,"(935.75, -380.50)",,,,
15:04:30:5684,"(935.75, -380.50)",,,,
15:04:30:5846,"(935.75, -380.50)",,,,
15:04:30:6005,"(935.75, -380.50)",,,,
15:04:30:6174,"(935.75, -380.50)",,,,
15:04:30:6392,"(935.75, -380.50)",,,,
15:04:30:6556,"(935.75, -380.50)",,,,
15:04:30:6721,"(935.75, -380.50)",,,,
15:04:30:6878,"(935.75, -380.50)",,,,
15:04:30:7041,"(935.75, -380.50)",,,,
15:04:30:7295,"(935.75, -380.50)",,,,
15:04:30:7547,"(935.75, -380.50)",,,,
15:04:30:7813,"(935.75, -380.50)",,,,
15:04:30:8029,"(935.75, -380.50)",,,,
15:04:30:8256,"(935.75, -380.50)",,,,
15:04:30:8506,"(935.75, -380.50)",,,,
15:04:30:8748,"(935.75, -380.50)",,,,
15:04:30:8996,"(935.75, -380.50)",,,,
15:04:30:9249,"(935.75, -380.50)",,,,
15:04:30:9438,"(935.75, -380.50)",,,,
15:04:30:9608,"(935.75, -380.50)",,,,
15:04:30:9779,"(935.75, -380.50)",,,,
15:04:30:9934,"(935.75, -380.50)",,,,
15:04:31:0078,"(935.75, -380.50)",,,,
15:04:31:0230,"(935.75, -380.50)",,,,
15:04:31:0400,"(935.75, -380.50)",,,,
15:04:31:0561,"(935.75, -380.50)",,,,
15:04:31:0716,"(935.75, -380.50)",,,,
15:04:31:0880,"(935.75, -380.50)",,,,
15:04:31:1031,"(935.75, -380.50)",,,,
15:04:31:1199,"(935.75, -380.50)",,,,
15:04:31:1357,"(935.75, -380.50)",,,,
15:04:31:1518,"(935.75, -380.50)",,,,
15:04:31:1683,"(935.75, -380.50)",,,,
15:04:31:1841,"(935.75, -380.50)",,,,
15:04:31:2006,"(935.75, -380.50)",,,,
15:04:31:2235,"(935.75, -380.50)",,,,
15:04:31:2399,"(935.75, -380.50)",,,,
15:04:31:2562,"(935.75, -380.50)",,,,
15:04:31:2718,"(935.75, -380.50)",,,,
15:04:31:2891,"(935.75, -380.50)",,,,
15:04:31:3050,"(935.75, -380.50)",,,,
15:04:31:3210,"(935.75, -380.50)",,,,
15:04:31:3368,"(935.75, -380.50)",,,,
15:04:31:3534,"(935.75, -380.50)",,,,
15:04:31:3705,"(935.75, -380.50)",,,,
15:04:31:3874,"(935.75, -380.50)",,,,
15:04:31:4037,"(935.75, -380.50)",,,,
15:04:31:4203,"(935.75, -380.50)",,,,
15:04:31:4368,"(935.75, -380.50)",,,,
15:04:31:4538,"(935.75, -380.50)",,,,
15:04:31:4688,"(935.75, -380.50)",,,,
15:04:31:4853,"(935.75, -380.50)",,,,
15:04:31:5011,"(935.75, -380.50)",,,,
15:04:31:5169,"(935.75, -380.50)",,,,
15:04:31:5323,"(935.75, -380.50)",,,,
15:04:31:5480,"(935.75, -380.50)",,,,
15:04:31:5643,"(935.75, -380.50)",,,,
15:04:31:5817,"(935.75, -380.50)",,,,
15:04:31:5988,"(935.75, -380.50)",,,,
15:04:31:6155,"(935.75, -380.50)",,,,
15:04:31:6322,"(935.75, -380.50)",,,,
15:04:31:6487,"(935.75, -380.50)",,,,
15:04:31:6655,"(935.75, -380.50)",,,,
15:04:31:6833,"(935.75, -380.50)",,,,
15:04:31:6991,"(935.75, -380.50)",,,,
15:04:31:7141,"(935.75, -380.50)",,,,
15:04:31:7361,"(935.75, -380.50)",,,,
15:04:31:7575,"(935.75, -380.50)",,,,
15:04:31:7812,"(935.75, -380.50)",,,,
15:04:31:8058,"(935.75, -380.50)",,,,
15:04:31:8337,"(935.75, -380.50)",,,,
15:04:31:8559,"(935.75, -380.50)",,,,
15:04:31:8719,"(935.75, -380.50)",,,,
15:04:31:8889,"(935.75, -380.50)",,,,
15:04:31:9066,"(935.75, -380.50)",,,,
15:04:31:9269,"(935.75, -380.50)",,,,
15:04:31:9431,"(935.75, -380.50)",,,,
15:04:31:9593,"(935.75, -380.50)",,,,
15:04:31:9743,"(935.75, -380.50)",,,,
15:04:31:9906,"(935.75, -380.50)",,,,
15:04:32:0074,"(935.75, -380.50)",,,,
15:04:32:0246,"(935.75, -380.50)",,,,
15:04:32:0441,"(935.75, -380.50)",,,,
15:04:32:0601,"(935.75, -380.50)",,,,
15:04:32:0784,"(935.75, -380.50)",,,,
15:04:32:0942,"(935.75, -380.50)",,,,
15:04:32:1125,"(935.75, -380.50)",,,,
15:04:32:1303,"(935.75, -380.50)",,,,
15:04:32:1480,"(935.75, -380.50)",,,,
15:04:32:1648,"(935.75, -380.50)",,,,
15:04:32:1818,"(935.75, -380.50)",,,,
15:04:32:1999,"(935.75, -380.50)",,,,
15:04:32:2216,"(935.75, -380.50)",,,,
15:04:32:2405,"(935.75, -380.50)",,,,
15:04:32:2573,"(935.75, -380.50)",,,,
15:04:32:2752,"(935.75, -380.50)",,,,
15:04:32:2910,"(935.75, -380.50)",,,,
15:04:32:3071,"(935.75, -380.50)",,,,
15:04:32:3244,"(935.75, -380.50)",,,,
15:04:32:3413,"(935.75, -380.50)",,,,
15:04:32:3573,"(935.75, -380.50)",,,,
15:04:32:3733,"(935.75, -380.50)",,,,
15:04:32:3897,"(935.75, -380.50)",,,,
15:04:32:4124,"(935.75, -380.50)",,,,
15:04:32:4336,"(935.75, -380.50)",,,,
15:04:32:4548,"(935.75, -380.50)",,,,
15:04:32:4776,"(935.75, -380.50)",,,,
15:04:32:5044,"(935.75, -380.50)",,,,
15:04:32:5299,"(935.75, -380.50)",,,,
15:04:32:5759,"(935.75, -380.50)",,,,
15:04:32:5924,"(935.75, -380.50)",,,,
15:04:32:6082,"(935.75, -380.50)",,,,
15:04:32:6263,"(935.75, -380.50)",,,,
15:04:32:6419,"(935.75, -380.50)",,,,
15:04:32:6588,"(935.75, -380.50)",,,,
15:04:32:6755,"(935.75, -380.50)",,,,
15:04:32:6928,"(935.75, -380.50)",,,,
15:04:32:7097,"(935.75, -380.50)",,,,
15:04:32:7304,"(935.75, -380.50)",,,,
15:04:32:7551,"(935.75, -380.50)",,,,
15:04:32:7771,"(935.75, -380.50)",,,,
15:04:32:8004,"(935.75, -380.50)",,,,
15:04:32:8236,"(935.75, -380.50)",,,,
15:04:32:8445,"(935.75, -380.50)",,,,
15:04:32:8668,"(935.75, -380.50)",,,,
15:04:32:8882,"(935.75, -380.50)",,,,
15:04:32:9123,"(935.75, -380.50)",,,,
15:04:32:9343,"(935.75, -380.50)",,,,
15:04:32:9555,"(935.75, -380.50)",,,,
15:04:32:9800,"(935.75, -380.50)",,,,
15:04:33:0023,"(935.75, -380.50)",,,,
15:04:33:0262,"(935.75, -380.50)",,,,
15:04:33:0490,"(935.75, -380.50)",,,,
15:04:33:0685,"(935.75, -380.50)",,,,
15:04:33:0858,"(935.75, -380.50)",,,,
15:04:33:1029,"(935.75, -380.50)",,,,
15:04:33:1188,"(935.75, -380.50)",,,,
15:04:33:1349,"(935.75, -380.50)",,,,
15:04:33:1523,"(935.75, -380.50)",,,,
15:04:33:1680,"(935.75, -380.50)",,,,
15:04:33:1838,"(935.75, -380.50)",,,,
15:04:33:2035,"(935.75, -380.50)",,,,
15:04:33:2212,"(935.75, -380.50)",,,,
15:04:33:2402,"(935.75, -380.50)",,,,
15:04:33:2568,"(935.75, -380.50)",,,,
15:04:33:2731,"(935.75, -380.50)",,,,
15:04:33:2901,"(935.75, -380.50)",,,,
15:04:33:3057,"(935.75, -380.50)",,,,
15:04:33:3230,"(935.75, -380.50)",,,,
15:04:33:3409,"(935.75, -380.50)",,,,
15:04:33:3564,"(935.75, -380.50)",,,,
15:04:33:3730,"(935.75, -380.50)",,,,
15:04:33:3898,"(935.75, -380.50)",,,,
15:04:33:4072,"(935.75, -380.50)",,,,
15:04:33:4258,"(935.75, -380.50)",,,,
15:04:33:4414,"(935.75, -380.50)",,,,
15:04:33:4589,"(935.75, -380.50)",,,,
15:04:33:4761,"(935.75, -380.50)",,,,
15:04:33:4925,"(935.75, -380.50)",,,,
15:04:33:5098,"(935.75, -380.50)",,,,
15:04:33:5272,"(935.75, -380.50)",,,,
15:04:33:5445,"(935.75, -380.50)",,,,
15:04:33:5601,"(935.75, -380.50)",,,,
15:04:33:5767,"(935.75, -380.50)",,,,
15:04:33:5942,"(935.75, -380.50)",,,,
15:04:33:6104,"(935.75, -380.50)",,,,
15:04:33:6273,"(935.75, -380.50)",,,,
15:04:33:6483,"(935.75, -380.50)",,,,
15:04:33:6684,"(935.75, -380.50)",,,,
15:04:33:6886,"(935.75, -380.50)",,,,
15:04:33:7110,"(935.75, -380.50)",,,,
15:04:33:7323,"(935.75, -380.50)",,,,
15:04:33:7670,"(935.75, -380.50)",,,,
15:04:33:8028,"(935.75, -380.50)",,,,
15:04:33:8273,"(935.75, -380.50)",,,,
15:04:33:8515,"(935.75, -380.50)",,,,
15:04:33:8735,"(935.75, -380.50)",,,,
15:04:33:8943,"(935.75, -380.50)",,,,
15:04:33:9173,"(935.75, -380.50)",,,,
15:04:33:9396,"(935.75, -380.50)",,,,
15:04:33:9631,"(935.75, -380.50)",,,,
15:04:33:9819,"(935.75, -380.50)",,,,
15:04:33:9997,"(935.75, -380.50)",,,,
15:04:34:0158,"(935.75, -380.50)",,,,
15:04:34:0330,"(935.75, -380.50)",,,,
15:04:34:0490,"(935.75, -380.50)",,,,
15:04:34:0659,"(935.75, -380.50)",,,,
15:04:34:0828,"(935.75, -380.50)",,,,
15:04:34:0984,"(935.75, -380.50)",,,,
15:04:34:1166,"(935.75, -380.50)",,,,
15:04:34:1322,"(935.75, -380.50)",,,,
15:04:34:1496,"(935.75, -380.50)",,,,
15:04:34:1672,"(935.75, -380.50)",,,,
15:04:34:1831,"(935.75, -380.50)",,,,
15:04:34:1998,"(935.75, -380.50)",,,,
15:04:34:2169,"(935.75, -380.50)",,,,
15:04:34:2342,"(935.75, -380.50)",,,,
15:04:34:2537,"(935.75, -380.50)",,,,
15:04:34:2722,"(935.75, -380.50)",,,,
15:04:34:2893,"(935.75, -380.50)",,,,
15:04:34:3060,"(935.75, -380.50)",,,,
15:04:34:3227,"(935.75, -380.50)",,,,
15:04:34:3388,"(935.75, -380.50)",,,,
15:04:34:3558,"(935.75, -380.50)",,,,
15:04:34:3732,"(935.75, -380.50)",,,,
15:04:34:3900,"(935.75, -380.50)",,,,
15:04:34:4085,"(935.75, -380.50)",,,,
15:04:34:4263,"(935.75, -380.50)",,,,
15:04:34:4430,"(935.75, -380.50)",,,,
15:04:34:4607,"(935.75, -380.50)",,,,
15:04:34:4773,"(935.75, -380.50)",,,,
15:04:34:4934,"(935.75, -380.50)",,,,
15:04:34:5104,"(935.75, -380.50)",,,,
15:04:34:5267,"(935.75, -380.50)",,,,
15:04:34:5444,"(935.75, -380.50)",,,,
15:04:34:5617,"(935.75, -380.50)",,,,
15:04:34:5791,"(935.75, -380.50)",,,,
15:04:34:5955,"(935.75, -380.50)",,,,
15:04:34:6117,"(935.75, -380.50)",,,,
15:04:34:6308,"(935.75, -380.50)",,,,
15:04:34:6489,"(935.75, -380.50)",,,,
15:04:34:6657,"(935.75, -380.50)",,,,
15:04:34:6836,"(935.75, -380.50)",,,,
15:04:34:7003,"(935.75, -380.50)",,,,
15:04:34:7183,"(935.75, -380.50)",,,,
15:04:34:7377,"(935.75, -380.50)",,,,
15:04:34:7575,"(935.75, -380.50)",,,,
15:04:34:7805,"(935.75, -380.50)",,,,
15:04:34:8038,"(935.75, -380.50)",,,,
15:04:34:8251,"(935.75, -380.50)",,,,
15:04:34:8469,"(935.75, -380.50)",,,,
15:04:34:8692,"(935.75, -380.50)",,,,
15:04:34:8910,"(935.75, -380.50)",,,,
15:04:34:9139,"(935.75, -380.50)",,,,
15:04:34:9369,"(935.75, -380.50)",,,,
15:04:34:9558,"(935.75, -380.50)",,,,
15:04:34:9723,"(935.75, -380.50)",,,,
15:04:34:9911,"(935.75, -380.50)",,,,
15:04:35:0083,"(935.75, -380.50)",,,,
15:04:35:0245,"(935.75, -380.50)",,,,
15:04:35:0414,"(935.75, -380.50)",,,,
15:04:35:0590,"(935.75, -380.50)",,,,
15:04:35:0757,"(935.75, -380.50)",,,,
15:04:35:0969,"(935.75, -380.50)",,,,
15:04:35:1205,"(935.75, -380.50)",,,,
15:04:35:1409,"(935.75, -380.50)",,,,
15:04:35:1602,"(935.75, -380.50)",,,,
15:04:35:1778,"(935.75, -380.50)",,,,
15:04:35:1943,"(935.75, -380.50)",,,,
15:04:35:2112,"(935.75, -380.50)",,,,
15:04:35:2291,"(935.75, -380.50)",,,,
15:04:35:2486,"(935.75, -380.50)",,,,
15:04:35:2666,"(935.75, -380.50)",,,,
15:04:35:2856,"(935.75, -380.50)",,,,
15:04:35:3030,"(935.75, -380.50)",,,,
15:04:35:3199,"(935.75, -380.50)",,,,
15:04:35:3378,"(935.75, -380.50)",,,,
15:04:35:3551,"(935.75, -380.50)",,,,
15:04:35:3735,"(935.75, -380.50)",,,,
15:04:35:3906,"(935.75, -380.50)",,,,
15:04:35:4069,"(935.75, -380.50)",,,,
15:04:35:4249,"(935.75, -380.50)",,,,
15:04:35:4425,"(935.75, -380.50)",,,,
15:04:35:4606,"(935.75, -380.50)",,,,
15:04:35:4775,"(935.75, -380.50)",,,,
15:04:35:4945,"(935.75, -380.50)",,,,
15:04:35:5110,"(935.75, -380.50)",,,,
15:04:35:5299,"(935.75, -380.50)",,,,
15:04:35:5467,"(935.75, -380.50)",,,,
15:04:35:5638,"(935.75, -380.50)",,,,
15:04:35:5823,"(935.75, -380.50)",,,,
15:04:35:5990,"(935.75, -380.50)",,,,
15:04:35:6158,"(935.75, -380.50)",,,,
15:04:35:6349,"(935.75, -380.50)",,,,
15:04:35:6525,"(935.75, -380.50)",,,,
15:04:35:6691,"(935.75, -380.50)",,,,
15:04:35:6868,"(935.75, -380.50)",,,,
15:04:35:7061,"(935.75, -380.50)",,,,
15:04:35:7232,"(935.75, -380.50)",,,,
15:04:35:7403,"(935.75, -380.50)",,,,
15:04:35:7623,"(935.75, -380.50)",,,,
15:04:35:7845,"(935.75, -380.50)",,,,
15:04:35:8067,"(935.75, -380.50)",,,,
15:04:35:8334,"(935.75, -380.50)",,,,
15:04:35:8549,"(935.75, -380.50)",,,,
15:04:35:8787,"(935.75, -380.50)",,,,
15:04:35:9007,"(935.75, -380.50)",,,,
15:04:35:9277,"(935.75, -380.50)",,,,
15:04:35:9615,"(935.75, -380.50)",,,,
15:04:35:9820,"(935.75, -380.50)",,,,
15:04:35:9996,"(935.75, -380.50)",,,,
15:04:36:0168,"(935.75, -380.50)",,,,
15:04:36:0342,"(935.75, -380.50)",,,,
15:04:36:0518,"(935.75, -380.50)",,,,
15:04:36:0689,"(935.75, -380.50)",,,,
15:04:36:0857,"(935.75, -380.50)",,,,
15:04:36:1028,"(935.75, -380.50)",,,,
15:04:36:1203,"(935.75, -380.50)",,,,
15:04:36:1380,"(935.75, -380.50)",,,,
15:04:36:1564,"(935.75, -380.50)",,,,
15:04:36:1742,"(935.75, -380.50)",,,,
15:04:36:1922,"(935.75, -380.50)",,,,
15:04:36:2105,"(935.75, -380.50)",,,,
15:04:36:2274,"(935.75, -380.50)",,,,
15:04:36:2454,"(935.75, -380.50)",,,,
15:04:36:2678,"(935.75, -380.50)",,,,
15:04:36:2859,"(935.75, -380.50)",,,,
15:04:36:3031,"(935.75, -380.50)",,,,
15:04:36:3205,"(935.75, -380.50)",,,,
15:04:36:3377,"(935.75, -380.50)",,,,
15:04:36:3540,"(935.75, -380.50)",,,,
15:04:36:3725,"(935.75, -380.50)",,,,
15:04:36:3897,"(935.75, -380.50)",,,,
15:04:36:4081,"(935.75, -380.50)",,,,
15:04:36:4266,"(935.75, -380.50)",,,,
15:04:36:4466,"(935.75, -380.50)",,,,
15:04:36:4680,"(935.75, -380.50)",,,,
15:04:36:4853,"(935.75, -380.50)",,,,
15:04:36:5022,"(935.75, -380.50)",,,,
15:04:36:5219,"(935.75, -380.50)",,,,
15:04:36:5396,"(935.75, -380.50)",,,,
15:04:36:5581,"(935.75, -380.50)",,,,
15:04:36:5758,"(935.75, -380.50)",,,,
15:04:36:5930,"(935.75, -380.50)",,,,
15:04:36:6102,"(935.75, -380.50)",,,,
15:04:36:6292,"(935.75, -380.50)",,,,
15:04:36:6478,"(935.75, -380.50)",,,,
15:04:36:6656,"(935.75, -380.50)",,,,
15:04:36:6831,"(935.75, -380.50)",,,,
15:04:36:7001,"(935.75, -380.50)",,,,
15:04:36:7176,"(935.75, -380.50)",,,,
15:04:36:7342,"(935.75, -380.50)",,,,
15:04:36:7529,"(935.75, -380.50)",,,,
15:04:36:7747,"(935.75, -380.50)",,,,
15:04:36:7965,"(935.75, -380.50)",,,,
15:04:36:8221,"(935.75, -380.50)",,,,
15:04:36:8509,"(935.75, -380.50)",,,,
15:04:36:8758,"(935.75, -380.50)",,,,
15:04:36:8997,"(935.75, -380.50)",,,,
15:04:36:9212,"(935.75, -380.50)",,,,
15:04:36:9458,"(935.75, -380.50)",,,,
15:04:36:9721,"(935.75, -380.50)",,,,
15:04:36:9966,"(935.75, -380.50)",,,,
15:04:37:0156,"(935.75, -380.50)",,,,
15:04:37:0346,"(935.75, -380.50)",,,,
15:04:37:0522,"(935.75, -380.50)",,,,
15:04:37:0702,"(935.75, -380.50)",,,,
15:04:37:0898,"(935.75, -380.50)",,,,
15:04:37:1081,"(935.75, -380.50)",,,,
15:04:37:1285,"(935.75, -380.50)",,,,
15:04:37:1468,"(935.75, -380.50)",,,,
15:04:37:1641,"(935.75, -380.50)",,,,
15:04:37:1844,"(935.75, -380.50)",,,,
15:04:37:2019,"(935.75, -380.50)",,,,
15:04:37:2193,"(935.75, -380.50)",,,,
15:04:37:2377,"(935.75, -380.50)",,,,
15:04:37:2555,"(935.75, -380.50)",,,,
15:04:37:2747,"(935.75, -380.50)",,,,
15:04:37:2931,"(935.75, -380.50)",,,,
15:04:37:3104,"(935.75, -380.50)",,,,
15:04:37:3360,"(935.75, -380.50)",,,,
15:04:37:3581,"(935.75, -380.50)",,,,
15:04:37:3816,"(935.75, -380.50)",,,,
15:04:37:4103,"(935.75, -380.50)",,,,
15:04:37:4368,"(935.75, -380.50)",,,,
15:04:37:4873,"(935.75, -380.50)",,,,
15:04:37:5052,"(935.75, -380.50)",,,,
15:04:37:5231,"(935.75, -380.50)",,,,
15:04:37:5409,"(935.75, -380.50)",,,,
15:04:37:5577,"(935.75, -380.50)",,,,
15:04:37:5766,"(935.75, -380.50)",,,,
15:04:37:5933,"(935.75, -380.50)",,,,
15:04:37:6107,"(935.75, -380.50)",,,,
15:04:37:6293,"(935.75, -380.50)",,,,
15:04:37:6478,"(935.75, -380.50)",,,,
15:04:37:6680,"(935.75, -380.50)",,,,
15:04:37:6863,"(935.75, -380.50)",,,,
15:04:37:7035,"(935.75, -380.50)",,,,
15:04:37:7214,"(935.75, -380.50)",,,,
15:04:37:7395,"(935.75, -380.50)",,,,
15:04:37:7603,"(935.75, -380.50)",,,,
15:04:37:7826,"(935.75, -380.50)",,,,
15:04:37:8158,"(935.75, -380.50)",,,,
15:04:37:8424,"(935.75, -380.50)",,,,
15:04:37:8673,"(935.75, -380.50)",,,,
15:04:37:8908,"(935.75, -380.50)",,,,
15:04:37:9144,"(935.75, -380.50)",,,,
15:04:37:9399,"(935.75, -380.50)",,,,
15:04:37:9572,"(935.75, -380.50)",,,,
15:04:37:9775,"(935.75, -380.50)",,,,
15:04:37:9943,"(935.75, -380.50)",,,,
15:04:38:0134,"(935.75, -380.50)",,,,
15:04:38:0312,"(935.75, -380.50)",,,,
15:04:38:0492,"(935.75, -380.50)",,,,
15:04:38:0709,"(935.75, -380.50)",,,,
15:04:38:0902,"(935.75, -380.50)",,,,
15:04:38:1080,"(935.75, -380.50)",,,,
15:04:38:1266,"(935.75, -380.50)",,,,
15:04:38:1457,"(935.75, -380.50)",,,,
15:04:38:1643,"(935.75, -380.50)",,,,
15:04:38:1829,"(935.75, -380.50)",,,,
15:04:38:2021,"(935.75, -380.50)",,,,
15:04:38:2195,"(935.75, -380.50)",,,,
15:04:38:2380,"(935.75, -380.50)",,,,
15:04:38:2578,"(935.75, -380.50)",,,,
15:04:38:2800,"(935.75, -380.50)",,,,
15:04:38:2981,"(935.75, -380.50)",,,,
15:04:38:3168,"(935.75, -380.50)",,,,
15:04:38:3352,"(935.75, -380.50)",,,,
15:04:38:3531,"(935.75, -380.50)",,,,
15:04:38:3706,"(935.75, -380.50)",,,,
15:04:38:3893,"(935.75, -380.50)",,,,
15:04:38:4074,"(935.75, -380.50)",,,,
15:04:38:4282,"(935.75, -380.50)",,,,
15:04:38:4454,"(935.75, -380.50)",,,,
15:04:38:4643,"(935.75, -380.50)",,,,
15:04:38:4816,"(935.75, -380.50)",,,,
15:04:38:4994,"(935.75, -380.50)",,,,
15:04:38:5174,"(935.75, -380.50)",,,,
15:04:38:5357,"(935.75, -380.50)",,,,
15:04:38:5536,"(935.75, -380.50)",,,,
15:04:38:5712,"(935.75, -380.50)",,,,
15:04:38:5888,"(935.75, -380.50)",,,,
15:04:38:6059,"(935.75, -380.50)",,,,
15:04:38:6241,"(935.75, -380.50)",,,,
15:04:38:6417,"(935.75, -380.50)",,,,
15:04:38:6601,"(935.75, -380.50)",,,,
15:04:38:6789,"(935.75, -380.50)",,,,
15:04:38:6967,"(935.75, -380.50)",,,,
15:04:38:7148,"(935.75, -380.50)",,,,
15:04:38:7331,"(935.75, -380.50)",,,,
15:04:38:7508,"(935.75, -380.50)",,,,
15:04:38:7717,"(935.75, -380.50)",,,,
15:04:38:7901,"(935.75, -380.50)",,,,
15:04:38:8130,"(935.75, -380.50)",,,,
15:04:38:8408,"(935.75, -380.50)",,,,
15:04:38:8655,"(935.75, -380.50)",,,,
15:04:38:8907,"(935.75, -380.50)",,,,
15:04:38:9134,"(935.75, -380.50)",,,,
15:04:38:9310,"(935.75, -380.50)",,,,
15:04:38:9487,"(935.75, -380.50)",,,,
15:04:38:9670,"(935.75, -380.50)",,,,
15:04:38:9847,"(935.75, -380.50)",,,,
15:04:39:0032,"(935.75, -380.50)",,,,
15:04:39:0206,"(935.75, -380.50)",,,,
15:04:39:0385,"(935.75, -380.50)",,,,
15:04:39:0562,"(935.75, -380.50)",,,,
15:04:39:0738,"(935.75, -380.50)",,,,
15:04:39:0907,"(935.75, -380.50)",,,,
15:04:39:1094,"(935.75, -380.50)",,,,
15:04:39:1279,"(935.75, -380.50)",,,,
15:04:39:1475,"(935.75, -380.50)",,,,
15:04:39:1645,"(935.75, -380.50)",,,,
15:04:39:1816,"(935.75, -380.50)",,,,
15:04:39:2006,"(935.75, -380.50)",,,,
15:04:39:2191,"(935.75, -380.50)",,,,
15:04:39:2394,"(935.75, -380.50)",,,,
15:04:39:2573,"(935.75, -380.50)",,,,
15:04:39:2758,"(935.75, -380.50)",,,,
15:04:39:2941,"(935.75, -380.50)",,,,
15:04:39:3133,"(935.75, -380.50)",,,,
15:04:39:3315,"(935.75, -380.50)",,,,
15:04:39:3498,"(935.75, -380.50)",,,,
15:04:39:3690,"(935.75, -380.50)",,,,
15:04:39:3895,"(935.75, -380.50)",,,,
15:04:39:4085,"(935.75, -380.50)",,,,
15:04:39:4283,"(935.75, -380.50)",,,,
15:04:39:4465,"(935.75, -380.50)",,,,
15:04:39:4658,"(935.75, -380.50)",,,,
15:04:39:4844,"(935.75, -380.50)",,,,
15:04:39:5024,"(935.75, -380.50)",,,,
15:04:39:5210,"(935.75, -380.50)",,,,
15:04:39:5381,"(935.75, -380.50)",,,,
15:04:39:5558,"(935.75, -380.50)",,,,
15:04:39:5732,"(935.75, -380.50)",,,,
15:04:39:5923,"(935.75, -380.50)",,,,
15:04:39:6102,"(935.75, -380.50)",,,,
15:04:39:6285,"(935.75, -380.50)",,,,
15:04:39:6471,"(935.75, -380.50)",,,,
15:04:39:6642,"(935.75, -380.50)",,,,
15:04:39:6823,"(935.75, -380.50)",,,,
15:04:39:7014,"(935.75, -380.50)",,,,
15:04:39:7204,"(935.75, -380.50)",,,,
15:04:39:7379,"(935.75, -380.50)",,,,
15:04:39:7555,"(935.75, -380.50)",,,,
15:04:39:7731,"(935.75, -380.50)",,,,
15:04:39:7911,"(935.75, -380.50)",,,,
15:04:39:8099,"(935.75, -380.50)",,,,
15:04:39:8356,"(935.75, -380.50)",,,,
15:04:39:8628,"(935.75, -380.50)",,,,
15:04:39:8851,"(935.75, -380.50)",,,,
15:04:39:9092,"(935.75, -380.50)",,,,
15:04:39:9299,"(935.75, -380.50)",,,,
15:04:39:9492,"(935.75, -380.50)",,,,
15:04:39:9675,"(935.75, -380.50)",,,,
15:04:39:9875,"(935.75, -380.50)",,,,
15:04:40:0056,"(935.75, -380.50)",,,,
15:04:40:0241,"(935.75, -380.50)",,,,
15:04:40:0443,"(935.75, -380.50)",,,,
15:04:40:0654,"(935.75, -380.50)",,,,
15:04:40:0850,"(935.75, -380.50)",,,,
15:04:40:1042,"(935.75, -380.50)",,,,
15:04:40:1252,"(935.75, -380.50)",,,,
15:04:40:1446,"(935.75, -380.50)",,,,
15:04:40:1644,"(935.75, -380.50)",,,,
15:04:40:1848,"(935.75, -380.50)",,,,
15:04:40:2047,"(935.75, -380.50)",,,,
15:04:40:2236,"(935.75, -380.50)",,,,
15:04:40:2422,"(935.75, -380.50)",,,,
15:04:40:2617,"(935.75, -380.50)",,,,
15:04:40:2809,"(935.75, -380.50)",,,,
15:04:40:3015,"(935.75, -380.50)",,,,
15:04:40:3198,"(935.75, -380.50)",,,,
15:04:40:3406,"(935.75, -380.50)",,,,
15:04:40:3609,"(935.75, -380.50)",,,,
15:04:40:3803,"(935.75, -380.50)",,,,
15:04:40:3999,"(935.75, -380.50)",,,,
15:04:40:4232,"(935.75, -380.50)",,,,
15:04:40:4486,"(935.75, -380.50)",,,,
15:04:40:4752,"(935.75, -380.50)",,,,
15:04:40:4981,"(935.75, -380.50)",,,,
15:04:40:5212,"(935.75, -380.50)",,,,
15:04:40:5417,"(935.75, -380.50)",,,,
15:04:40:5643,"(935.75, -380.50)",,,,
15:04:40:5833,"(935.75, -380.50)",,,,
15:04:40:6050,"(935.75, -380.50)",,,,
15:04:40:6344,"(935.75, -380.50)",,,,
15:04:40:6556,"(935.75, -380.50)",,,,
15:04:40:6793,"(935.75, -380.50)",,,,
15:04:40:7006,"(935.75, -380.50)",,,,
15:04:40:7199,"(935.75, -380.50)",,,,
15:04:40:7386,"(935.75, -380.50)",,,,
15:04:40:7559,"(935.75, -380.50)",,,,
15:04:40:7759,"(935.75, -380.50)",,,,
15:04:40:7962,"(935.75, -380.50)",,,,
15:04:40:8140,"(935.75, -380.50)",,,,
15:04:40:8404,"(935.75, -380.50)",,,,
15:04:40:8706,"(935.75, -380.50)",,,,
15:04:40:8967,"(935.75, -380.50)",,,,
15:04:40:9266,"(935.75, -380.50)",,,,
15:04:40:9584,"(935.75, -380.50)",,,,
15:04:40:9793,"(935.75, -380.50)",,,,
15:04:41:0019,"(935.75, -380.50)",,,,
15:04:41:0199,"(935.75, -380.50)",,,,
15:04:41:0380,"(935.75, -380.50)",,,,
15:04:41:0569,"(935.75, -380.50)",,,,
15:04:41:0745,"(935.75, -380.50)",,,,
15:04:41:0941,"(935.75, -380.50)",,,,
15:04:41:1183,"(935.75, -380.50)",,,,
15:04:41:2255,"(935.75, -380.50)",,,,
15:04:41:3495,"(950.75, -390.50)",,,,
15:04:41:3732,"(950.75, -390.50)",,,,
15:04:41:3936,"(950.75, -390.50)",,,,
15:04:41:4212,"(950.75, -390.50)",,,,
15:04:41:4427,"(950.75, -390.50)",,,,
15:04:41:4732,"(950.75, -390.50)",,,,
15:04:41:4996,"(950.75, -390.50)",,,,
15:04:41:5194,"(950.75, -390.50)",,,,
15:04:41:5391,"(950.75, -390.50)",,,,
15:04:41:5654,"(950.75, -390.50)",,,,
15:04:41:5900,"(950.75, -390.50)",,,,
15:04:41:6181,"(950.75, -390.50)",,,,
15:04:41:6418,"(950.75, -390.50)",,,,
15:04:41:6669,"(950.75, -390.50)",,,,
15:04:41:6881,"(950.75, -390.50)",,,,
15:04:41:7130,"(950.75, -390.50)",,,,
15:04:41:7363,"(950.75, -390.50)",,,,
15:04:41:7624,"(885.75, -325.50)",,,,
15:04:41:7894,"(880.75, -293.50)",,,,
15:04:41:8162,"(868.75, -255.50)",,,,
15:04:41:8539,"(853.75, -198.50)",,,,
15:04:41:8942,"(848.75, -155.50)",,,,
15:04:41:9365,"(835.75, -98.50)",,,,
15:04:41:9714,"(833.75, -48.50)",,,,
15:04:42:0063,"(833.75, -10.50)",,,,
15:04:42:0445,"(837.75, 11.50)",,,,
15:04:42:0838,"(845.75, 21.50)",,,,
15:04:42:1105,"(850.75, 31.50)",,,,
15:04:42:1340,"(852.75, 34.50)",,,,
15:04:42:1533,"(852.75, 34.50)",,,,
15:04:42:1723,"(852.75, 34.50)",,,,
15:04:42:1926,"(852.75, 34.50)",,,,
15:04:42:2123,"(852.75, 34.50)",,,,
15:04:42:2349,"(852.75, 36.50)",,,,
15:04:42:2557,"(852.75, 41.50)",,,,
15:04:42:2745,"(852.75, 41.50)",,,,
15:04:42:2963,"(852.75, 44.50)",,,,
15:04:42:3168,"(852.75, 46.50)",,,,
15:04:42:3357,"(852.75, 46.50)",,,,
15:04:42:3607,"(852.75, 46.50)",,,,
15:04:42:3841,"(852.75, 46.50)",,,,
15:04:42:4139,"(855.75, 42.50)",,,,
15:04:42:4391,"(855.75, 42.50)",,,,
15:04:42:4693,"(855.75, 42.50)",,,,
15:04:42:5028,"(855.75, 42.50)",,W-9_S-1,failed,nextMission
15:04:42:5624,"(855.75, 42.50)",,,,
15:04:42:5896,"(855.75, 42.50)",,,,
15:04:42:6097,"(855.75, 42.50)",,,,
15:04:42:6296,"(855.75, 42.50)",,,,
15:04:42:6501,"(855.75, 42.50)",,,,
15:04:42:6684,"(855.75, 42.50)",,,,
15:04:42:6887,"(855.75, 42.50)",,,,
15:04:42:7072,"(855.75, 42.50)",,,,
15:04:42:7268,"(855.75, 42.50)",,,,
15:04:42:7457,"(855.75, 42.50)",,,,
15:04:42:7640,"(855.75, 42.50)",,,,
15:04:42:7841,"(855.75, 42.50)",,,,
15:04:42:8031,"(855.75, 42.50)",,,,
15:04:42:8222,"(855.75, 42.50)",,,,
15:04:42:8408,"(855.75, 42.50)",,,,
15:04:42:8746,"(855.75, 42.50)",,,,
15:04:42:8994,"(855.75, 42.50)",,,,
15:04:42:9271,"(855.75, 42.50)",,,,
15:04:42:9517,"(855.75, 42.50)",,,,
15:04:42:9769,"(855.75, 42.50)",,,,
15:04:42:9997,"(855.75, 42.50)",,,,
15:04:43:0200,"(855.75, 42.50)",,,,
15:04:43:0386,"(855.75, 42.50)",,,,
15:04:43:0575,"(855.75, 42.50)",,,,
15:04:43:0770,"(855.75, 42.50)",,,,
15:04:43:0964,"(855.75, 42.50)",,,,
15:04:43:1158,"(855.75, 42.50)",,,,
15:04:43:1351,"(855.75, 42.50)",,,,
15:04:43:1536,"(855.75, 42.50)",,,,
15:04:43:1720,"(855.75, 42.50)",,,,
15:04:43:1918,"(855.75, 42.50)",,,,
15:04:43:2105,"(855.75, 42.50)",,,,
15:04:43:2308,"(855.75, 42.50)",,,,
15:04:43:2510,"(855.75, 42.50)",,,,
15:04:43:2706,"(855.75, 42.50)",,,,
15:04:43:2893,"(855.75, 42.50)",,,,
15:04:43:3075,"(855.75, 42.50)",,,,
15:04:43:3273,"(855.75, 42.50)",,,,
15:04:43:3479,"(855.75, 42.50)",,,,
15:04:43:3666,"(855.75, 42.50)",,,,
15:04:43:3855,"(855.75, 42.50)",,,,
15:04:43:4043,"(855.75, 42.50)",,,,
15:04:43:4237,"(855.75, 42.50)",,,,
15:04:43:4431,"(855.75, 42.50)",,,,
15:04:43:4632,"(855.75, 42.50)",,,,
15:04:43:4858,"(890.75, 44.50)",,,,
15:04:43:5083,"(925.75, 61.50)",,,,
15:04:43:5303,"(960.75, 89.50)",,,,
15:04:43:5525,"(985.75, 111.50)",,,,
15:04:43:5738,"(1015.75, 151.50)",,,,
15:04:43:5991,"(1055.75, 236.50)",,,,
15:04:43:6212,"(1092.75, 336.50)",,,,
15:04:43:6444,"(1110.75, 424.50)",,,,
15:04:43:6678,"(1120.75, 491.50)",,,,
15:04:43:6904,"(1140.75, 561.50)",,,,
15:04:43:7154,"(1157.75, 606.50)",,,,
15:04:43:7412,"(1157.75, 606.50)",,,,
15:04:43:7633,"(1157.75, 606.50)",,,,
15:04:43:7866,"(1157.75, 606.50)",,,,
15:04:43:8078,"(1157.75, 606.50)",,,,
15:04:43:8304,"(1157.75, 606.50)",,,,
15:04:43:8598,"(1157.75, 606.50)",,,,
15:04:43:8887,"(1157.75, 606.50)",,,,
15:04:43:9184,"(1157.75, 606.50)",,,,
15:04:43:9491,"(1157.75, 606.50)",,,,
15:04:43:9744,"(1157.75, 606.50)",,,,
15:04:44:0003,"(1157.75, 606.50)",,,,
15:04:44:0210,"(1157.75, 606.50)",,,,
15:04:44:0405,"(1157.75, 606.50)",,,,
15:04:44:0631,"(1157.75, 606.50)",,,,
15:04:44:0838,"(1157.75, 606.50)",,,,
15:04:44:1023,"(1157.75, 606.50)",,,,
15:04:44:1216,"(1157.75, 606.50)",,,,
15:04:44:1405,"(1157.75, 606.50)",,,,
15:04:44:1604,"(1157.75, 606.50)",,,,
15:04:44:1803,"(1157.75, 606.50)",,,,
15:04:44:2001,"(1157.75, 606.50)",,,,
15:04:44:2195,"(1157.75, 606.50)",,,,
15:04:44:2395,"(1157.75, 606.50)",,,,
15:04:44:2585,"(1157.75, 606.50)",,,,
15:04:44:2786,"(1157.75, 606.50)",,,,
15:04:44:2988,"(1157.75, 606.50)",,,,
15:04:44:3180,"(1157.75, 606.50)",,,,
15:04:44:3372,"(1157.75, 606.50)",,,,
15:04:44:3573,"(1157.75, 606.50)",,,,
15:04:44:3774,"(1157.75, 606.50)",,,,
15:04:44:3976,"(1157.75, 606.50)",,,,
15:04:44:4167,"(1157.75, 606.50)",,,,
15:04:44:5467,"(1157.75, 606.50)",,,,
15:04:44:5851,"(1157.75, 606.50)",,,,
15:04:44:6092,"(1157.75, 606.50)",,,,
15:04:44:6363,"(1157.75, 606.50)",,,,
15:04:44:6700,"(1157.75, 606.50)",,,,
15:04:44:6974,"(1157.75, 606.50)",,,,
15:04:44:7211,"(1157.75, 606.50)",,,,
15:04:44:7458,"(1157.75, 606.50)",,,,
15:04:44:7672,"(1157.75, 606.50)",,,,
15:04:44:7941,"(1157.75, 606.50)",,,,
15:04:44:8179,"(1157.75, 606.50)",,,,
15:04:44:8396,"(1157.75, 606.50)",,,,
15:04:44:8719,"(1157.75, 606.50)",,,,
15:04:44:9068,"(1157.75, 606.50)",,,,
15:04:44:9396,"(1157.75, 606.50)",,,,
15:04:44:9699,"(1157.75, 606.50)",,,,
15:04:45:0040,"(1157.75, 606.50)",,,,
15:04:45:0329,"(1157.75, 606.50)",,,,
15:04:45:0659,"(1157.75, 606.50)",,,,
15:04:45:0942,"(1157.75, 606.50)",,,,
15:04:45:1287,"(1157.75, 606.50)",,,,
15:04:45:1567,"(1157.75, 606.50)",,,,
15:04:45:1942,"(1157.75, 606.50)",,,,
15:04:45:2334,"(1157.75, 606.50)",,,,
15:04:45:2543,"(1157.75, 606.50)",,,,
15:04:45:2780,"(1157.75, 606.50)",,,,
15:04:45:3033,"(1157.75, 606.50)",,,,
15:04:45:3338,"(1157.75, 606.50)",,,,
15:04:45:3605,"(1157.75, 606.50)",,,,
15:04:45:3820,"(1157.75, 606.50)",,,,
15:04:45:4114,"(1157.75, 606.50)",,,,
15:04:45:4325,"(1157.75, 606.50)",,,,
15:04:45:4547,"(1157.75, 606.50)",,,,
15:04:45:4835,"(1157.75, 606.50)",,,,
15:04:45:5133,"(1157.75, 606.50)",,,,
15:04:45:5396,"(1157.75, 606.50)",,,,
15:04:45:5657,"(1157.75, 606.50)",,,,
15:04:45:5855,"(1157.75, 606.50)",,,,
15:04:45:6070,"(1157.75, 606.50)",,,,
15:04:45:6281,"(1157.75, 606.50)",,,,
15:04:45:6514,"(1157.75, 606.50)",,,,
15:04:45:6720,"(1157.75, 606.50)",,,,
15:04:45:6928,"(1157.75, 606.50)",,,,
15:04:45:7134,"(1157.75, 606.50)",,,,
15:04:45:7358,"(1157.75, 606.50)",,,,
15:04:45:7556,"(1157.75, 606.50)",,,,
15:04:45:7758,"(1157.75, 606.50)",,,,
15:04:45:7957,"(1157.75, 606.50)",,,,
15:04:45:8156,"(1157.75, 606.50)",,,,
15:04:45:8355,"(1157.75, 606.50)",,,,
15:04:45:8587,"(1157.75, 606.50)",,,,
15:04:45:8845,"(1157.75, 606.50)",,,,
15:04:45:9115,"(1157.75, 606.50)",,,,
15:04:45:9342,"(1157.75, 606.50)",,,,
15:04:45:9609,"(1157.75, 606.50)",,,,
15:04:45:9873,"(1157.75, 606.50)",,,,
15:04:46:0121,"(1157.75, 606.50)",,,,
15:04:46:0361,"(1157.75, 606.50)",,,,
15:04:46:0627,"(1157.75, 606.50)",,,,
15:04:46:0921,"(1157.75, 606.50)",,,,
15:04:46:1218,"(1157.75, 606.50)",,,,
15:04:46:1439,"(1157.75, 606.50)",,,,
15:04:46:1657,"(1157.75, 606.50)",,,,
15:04:46:1857,"(1157.75, 606.50)",,,,
15:04:46:2062,"(1157.75, 606.50)",,,,
15:04:46:2284,"(1157.75, 606.50)",,,,
15:04:46:2486,"(1157.75, 606.50)",,,,
15:04:46:2687,"(1157.75, 606.50)",,,,
15:04:46:2888,"(1157.75, 606.50)",,,,
15:04:46:3081,"(1157.75, 606.50)",,,,
15:04:46:3268,"(1157.75, 606.50)",,,,
15:04:46:3457,"(1157.75, 606.50)",,,,
15:04:46:3658,"(1157.75, 606.50)",,,,
15:04:46:3863,"(1157.75, 606.50)",,,,
15:04:46:4055,"(1157.75, 606.50)",,,,
15:04:46:4257,"(1157.75, 606.50)",,,,
15:04:46:4456,"(1157.75, 606.50)",,,,
15:04:46:4655,"(1157.75, 606.50)",,,,
15:04:46:4844,"(1157.75, 606.50)",,,,
15:04:46:5044,"(1157.75, 606.50)",,,,
15:04:46:5247,"(1157.75, 606.50)",,,,
15:04:46:5460,"(1157.75, 606.50)",,,,
15:04:46:5696,"(1157.75, 606.50)",,,,
15:04:46:5961,"(1157.75, 606.50)",,,,
15:04:46:6221,"(1157.75, 606.50)",,,,
15:04:46:6455,"(1157.75, 606.50)",,,,
15:04:46:6722,"(1157.75, 606.50)",,,,
15:04:46:6994,"(1157.75, 606.50)",,,,
15:04:46:7227,"(1157.75, 606.50)",,,,
15:04:46:7501,"(1157.75, 606.50)",,,,
15:04:46:7747,"(1157.75, 606.50)",,,,
15:04:46:7999,"(1157.75, 606.50)",,,,
15:04:46:8269,"(1157.75, 606.50)",,,,
15:04:46:8506,"(1157.75, 606.50)",,,,
15:04:46:8840,"(1157.75, 606.50)",,,,
15:04:46:9198,"(1157.75, 606.50)",,,,
15:04:46:9548,"(1157.75, 606.50)",,,,
15:04:46:9854,"(1157.75, 606.50)",,,,
15:04:47:0139,"(1157.75, 606.50)",,,,
15:04:47:0457,"(1157.75, 606.50)",,,,
15:04:47:0711,"(1157.75, 606.50)",,,,
15:04:47:1000,"(1157.75, 606.50)",,,,
15:04:47:1288,"(1157.75, 606.50)",,,,
15:04:47:1584,"(1157.75, 606.50)",,,,
15:04:47:1858,"(1157.75, 606.50)",,,,
15:04:47:2071,"(1157.75, 606.50)",,,,
15:04:47:2276,"(1157.75, 606.50)",,,,
15:04:47:2465,"(1157.75, 606.50)",,,,
15:04:47:2664,"(1157.75, 606.50)",,,,
15:04:47:2870,"(1157.75, 606.50)",,,,
15:04:47:3069,"(1157.75, 606.50)",,,,
15:04:47:3266,"(1157.75, 606.50)",,,,
15:04:47:3462,"(1157.75, 606.50)",,,,
15:04:47:3661,"(1157.75, 606.50)",,,,
15:04:47:3855,"(1157.75, 606.50)",,,,
15:04:47:4057,"(1157.75, 606.50)",,,,
15:04:47:4280,"(1157.75, 606.50)",,,,
15:04:47:4516,"(1157.75, 606.50)",,,,
15:04:47:4774,"(1157.75, 606.50)",,,,
15:04:47:4994,"(1157.75, 606.50)",,,,
15:04:47:5259,"(1157.75, 606.50)",,,,
15:04:47:5577,"(1157.75, 606.50)",,,,
15:04:47:5859,"(1157.75, 606.50)",,,,
15:04:47:6135,"(1157.75, 606.50)",,,,
15:04:47:6393,"(1157.75, 606.50)",,,,
15:04:47:6697,"(1157.75, 606.50)",,,,
15:04:47:6999,"(1157.75, 606.50)",,,,
15:04:47:7481,"(1157.75, 606.50)",,,,
15:04:47:7682,"(1157.75, 606.50)",,,,
15:04:47:7886,"(1157.75, 606.50)",,,,
15:04:47:8081,"(1157.75, 606.50)",,,,
15:04:47:8293,"(1157.75, 606.50)",,,,
15:04:47:8490,"(1157.75, 606.50)",,,,
15:04:47:8676,"(1157.75, 606.50)",,,,
15:04:47:8967,"(1157.75, 606.50)",,,,
15:04:47:9263,"(1157.75, 606.50)",,,,
15:04:47:9541,"(1157.75, 606.50)",,,,
15:04:47:9827,"(1157.75, 606.50)",,,,
15:04:48:0101,"(1157.75, 606.50)",,,,
15:04:48:0372,"(1157.75, 606.50)",,,,
15:04:48:0630,"(1157.75, 606.50)",,,,
15:04:48:0942,"(1157.75, 606.50)",,,,
15:04:48:1216,"(1157.75, 606.50)",,,,
15:04:48:1427,"(1157.75, 606.50)",,,,
15:04:48:1650,"(1157.75, 606.50)",,,,
15:04:48:1842,"(1157.75, 606.50)",,,,
15:04:48:2048,"(1157.75, 606.50)",,,,
15:04:48:2292,"(1157.75, 606.50)",,,,
15:04:48:2502,"(1157.75, 606.50)",,,,
15:04:48:2724,"(1157.75, 606.50)",,,,
15:04:48:2942,"(1157.75, 606.50)",,,,
15:04:48:3145,"(1157.75, 606.50)",,,,
15:04:48:3350,"(1157.75, 606.50)",,,,
15:04:48:3537,"(1157.75, 606.50)",,,,
15:04:48:3748,"(1157.75, 606.50)",,,,
15:04:48:3944,"(1157.75, 606.50)",,,,
15:04:48:4137,"(1157.75, 606.50)",,,,
15:04:48:4336,"(1157.75, 606.50)",,,,
15:04:48:4539,"(1157.75, 606.50)",,,,
15:04:48:4756,"(1157.75, 606.50)",,,,
15:04:48:4956,"(1157.75, 606.50)",,,,
15:04:48:5168,"(1157.75, 606.50)",,,,
15:04:48:5366,"(1157.75, 606.50)",,,,
15:04:48:5581,"(1157.75, 606.50)",,,,
15:04:48:5784,"(1157.75, 606.50)",,,,
15:04:48:6003,"(1157.75, 606.50)",,,,
15:04:48:6205,"(1157.75, 606.50)",,,,
15:04:48:6412,"(1157.75, 606.50)",,,,
15:04:48:6613,"(1157.75, 606.50)",,,,
15:04:48:6817,"(1157.75, 606.50)",,,,
15:04:48:7101,"(1157.75, 606.50)",,,,
15:04:48:7356,"(1157.75, 606.50)",,,,
15:04:48:7615,"(1157.75, 606.50)",,,,
15:04:48:7859,"(1157.75, 606.50)",,,,
15:04:48:8130,"(1157.75, 606.50)",,,,
15:04:48:8431,"(1157.75, 606.50)",,,,
15:04:48:8623,"(1157.75, 606.50)",,,,
15:04:48:8830,"(1157.75, 606.50)",,,,
15:04:48:9098,"(1157.75, 606.50)",,,,
15:04:48:9382,"(1157.75, 606.50)",,,,
15:04:48:9642,"(1157.75, 606.50)",,,,
15:04:48:9915,"(1157.75, 606.50)",,,,
15:04:49:0372,"(1157.75, 606.50)",,,,
15:04:49:0702,"(1157.75, 606.50)",,,,
15:04:49:1041,"(1157.75, 606.50)",,,,
15:04:49:1324,"(1157.75, 606.50)",,,,
15:04:49:1622,"(1157.75, 606.50)",,,,
15:04:49:1879,"(1157.75, 606.50)",,,,
15:04:49:2168,"(1157.75, 606.50)",,,,
15:04:49:2436,"(1157.75, 606.50)",,,,
15:04:49:2693,"(1157.75, 606.50)",,,,
15:04:49:2903,"(1157.75, 606.50)",,,,
15:04:49:3118,"(1157.75, 606.50)",,,,
15:04:49:3343,"(1157.75, 606.50)",,,,
15:04:49:3541,"(1157.75, 606.50)",,,,
15:04:49:3772,"(1157.75, 606.50)",,,,
15:04:49:3976,"(1157.75, 606.50)",,,,
15:04:49:4189,"(1157.75, 606.50)",,,,
15:04:49:4384,"(1157.75, 606.50)",,,,
15:04:49:4593,"(1157.75, 606.50)",,,,
15:04:49:4795,"(1157.75, 606.50)",,,,
15:04:49:5008,"(1157.75, 606.50)",,,,
15:04:49:5226,"(1157.75, 606.50)",,,,
15:04:49:5446,"(1157.75, 606.50)",,,,
15:04:49:5657,"(1157.75, 606.50)",,,,
15:04:49:5908,"(1157.75, 606.50)",,,,
15:04:49:6133,"(1157.75, 606.50)",,,,
15:04:49:6359,"(1157.75, 606.50)",,,,
15:04:49:6585,"(1157.75, 606.50)",,,,
15:04:49:6787,"(1157.75, 606.50)",,,,
15:04:49:6976,"(1157.75, 606.50)",,,,
15:04:49:7184,"(1157.75, 606.50)",,,,
15:04:49:7389,"(1157.75, 606.50)",,,,
15:04:49:7601,"(1157.75, 606.50)",,,,
15:04:49:7811,"(1157.75, 606.50)",,,,
15:04:49:8012,"(1157.75, 606.50)",,,,
15:04:49:8213,"(1157.75, 606.50)",,,,
15:04:49:8425,"(1157.75, 606.50)",,,,
15:04:49:8621,"(1157.75, 606.50)",,,,
15:04:49:8822,"(1157.75, 606.50)",,,,
15:04:49:9036,"(1157.75, 606.50)",,,,
15:04:49:9358,"(1157.75, 606.50)",,,,
15:04:49:9658,"(1157.75, 606.50)",,,,
15:04:49:9966,"(1157.75, 606.50)",,,,
15:04:50:0282,"(1157.75, 606.50)",,,,
15:04:50:0695,"(1157.75, 606.50)",,,,
15:04:50:1114,"(1157.75, 606.50)",,,,
15:04:50:1325,"(1157.75, 606.50)",,,,
15:04:50:1546,"(1157.75, 606.50)",,,,
15:04:50:1747,"(1157.75, 606.50)",,,,
15:04:50:1969,"(1157.75, 606.50)",,,,
15:04:50:2189,"(1157.75, 606.50)",,,,
15:04:50:2406,"(1157.75, 606.50)",,,,
15:04:50:2621,"(1157.75, 606.50)",,,,
15:04:50:2859,"(1157.75, 606.50)",,,,
15:04:50:3089,"(1157.75, 606.50)",,,,
15:04:50:3327,"(1157.75, 606.50)",,,,
15:04:50:3549,"(1157.75, 606.50)",,,,
15:04:50:3763,"(1157.75, 606.50)",,,,
15:04:50:3964,"(1157.75, 606.50)",,,,
15:04:50:4202,"(1157.75, 606.50)",,,,
15:04:50:4415,"(1157.75, 606.50)",,,,
15:04:50:4630,"(1157.75, 606.50)",,,,
15:04:50:4832,"(1157.75, 606.50)",,,,
15:04:50:5041,"(1157.75, 606.50)",,,,
15:04:50:5257,"(1157.75, 606.50)",,,,
15:04:50:5470,"(1157.75, 606.50)",,,,
15:04:50:5715,"(1157.75, 606.50)",,,,
15:04:50:6003,"(1157.75, 606.50)",,,,
15:04:50:6277,"(1157.75, 606.50)",,,,
15:04:50:6505,"(1157.75, 606.50)",,,,
15:04:50:6744,"(1157.75, 606.50)",,,,
15:04:50:7001,"(1157.75, 606.50)",,,,
15:04:50:7298,"(1157.75, 606.50)",,,,
15:04:50:7539,"(1157.75, 606.50)",,,,
15:04:50:7822,"(1157.75, 606.50)",,,,
15:04:50:8121,"(1157.75, 606.50)",,,,
15:04:50:8414,"(1157.75, 606.50)",,,,
15:04:50:8623,"(1157.75, 606.50)",,,,
15:04:50:8839,"(1157.75, 606.50)",,,,
15:04:50:9067,"(1157.75, 606.50)",,,,
15:04:50:9434,"(1157.75, 606.50)",,,,
15:04:50:9780,"(1157.75, 606.50)",,,,
15:04:51:0072,"(1157.75, 606.50)",,,,
15:04:51:0383,"(1157.75, 606.50)",,,,
15:04:51:0671,"(1157.75, 606.50)",,,,
15:04:51:0940,"(1157.75, 606.50)",,,,
15:04:51:1273,"(1157.75, 606.50)",,,,
15:04:51:1554,"(1157.75, 606.50)",,,,
15:04:51:1857,"(1157.75, 606.50)",,,,
15:04:51:2109,"(1157.75, 606.50)",,,,
15:04:51:2376,"(1157.75, 606.50)",,,,
15:04:51:2684,"(1157.75, 606.50)",,,,
15:04:51:3039,"(1157.75, 606.50)",,,,
15:04:51:3302,"(1157.75, 606.50)",,,,
15:04:51:3519,"(1157.75, 606.50)",,,,
15:04:51:3743,"(1157.75, 606.50)",,,,
15:04:51:3963,"(1157.75, 606.50)",,,,
15:04:51:4182,"(1157.75, 606.50)",,,,
15:04:51:4395,"(1157.75, 606.50)",,,,
15:04:51:4598,"(1157.75, 606.50)",,,,
15:04:51:4804,"(1157.75, 606.50)",,,,
15:04:51:5006,"(1157.75, 606.50)",,,,
15:04:51:5210,"(1157.75, 606.50)",,,,
15:04:51:5431,"(1157.75, 606.50)",,,,
15:04:51:5640,"(1157.75, 606.50)",,,,
15:04:51:5873,"(1157.75, 606.50)",,,,
15:04:51:6093,"(1157.75, 606.50)",,,,
15:04:51:6316,"(1157.75, 606.50)",,,,
15:04:51:6526,"(1157.75, 606.50)",,,,
15:04:51:6766,"(1157.75, 606.50)",,,,
15:04:51:7026,"(1157.75, 606.50)",,,,
15:04:51:7283,"(1157.75, 606.50)",,,,
15:04:51:7532,"(1157.75, 606.50)",,,,
15:04:51:7795,"(1157.75, 606.50)",,,,
15:04:51:8043,"(1157.75, 606.50)",,,,
15:04:51:8321,"(1157.75, 606.50)",,,,
15:04:51:8587,"(1157.75, 606.50)",,,,
15:04:51:8849,"(1157.75, 606.50)",,,,
15:04:51:9144,"(1157.75, 606.50)",,,,
15:04:51:9526,"(1157.75, 606.50)",,,,
15:04:51:9896,"(1157.75, 606.50)",,,,
15:04:52:0263,"(1157.75, 606.50)",,,,
15:04:52:0600,"(1157.75, 606.50)",,,,
15:04:52:0941,"(1157.75, 606.50)",,,,
15:04:52:1218,"(1157.75, 606.50)",,,,
15:04:52:1617,"(1157.75, 606.50)",,,,
15:04:52:1967,"(1157.75, 606.50)",,,,
15:04:52:2258,"(1157.75, 606.50)",,,,
15:04:52:2475,"(1157.75, 606.50)",,,,
15:04:52:2682,"(1157.75, 606.50)",,,,
15:04:52:2882,"(1157.75, 606.50)",,,,
15:04:52:3089,"(1157.75, 606.50)",,,,
15:04:52:3294,"(1157.75, 606.50)",,,,
15:04:52:3524,"(1157.75, 606.50)",,,,
15:04:52:3729,"(1157.75, 606.50)",,,,
15:04:52:3942,"(1157.75, 606.50)",,,,
15:04:52:4157,"(1157.75, 606.50)",,,,
15:04:52:4359,"(1157.75, 606.50)",,,,
15:04:52:4557,"(1157.75, 606.50)",,,,
15:04:52:4769,"(1157.75, 606.50)",,,,
15:04:52:5039,"(1157.75, 606.50)",,,,
15:04:52:5299,"(1157.75, 606.50)",,,,
15:04:52:5547,"(1157.75, 606.50)",,,,
15:04:52:5889,"(1157.75, 606.50)",,,,
15:04:52:6224,"(1157.75, 606.50)",,,,
15:04:52:6725,"(1157.75, 606.50)",,,,
15:04:52:6934,"(1157.75, 606.50)",,,,
15:04:52:7144,"(1157.75, 606.50)",,,,
15:04:52:7373,"(1157.75, 606.50)",,,,
15:04:52:7592,"(1157.75, 606.50)",,,,
15:04:52:7805,"(1157.75, 606.50)",,,,
15:04:52:8008,"(1157.75, 606.50)",,,,
15:04:52:8230,"(1157.75, 606.50)",,,,
15:04:52:8439,"(1157.75, 606.50)",,,,
15:04:52:8698,"(1157.75, 606.50)",,,,
15:04:52:8956,"(1157.75, 606.50)",,,,
15:04:52:9217,"(1157.75, 606.50)",,,,
15:04:52:9581,"(1157.75, 606.50)",,,,
15:04:52:9964,"(1157.75, 606.50)",,,,
15:04:53:0340,"(1157.75, 606.50)",,,,
15:04:53:0693,"(1157.75, 606.50)",,,,
15:04:53:1049,"(1157.75, 606.50)",,,,
15:04:53:1479,"(1157.75, 606.50)",,,,
15:04:53:1845,"(1157.75, 606.50)",,,,
15:04:53:2194,"(1157.75, 606.50)",,,,
15:04:53:2454,"(1157.75, 606.50)",,,,
15:04:53:2693,"(1157.75, 606.50)",,,,
15:04:53:2961,"(1157.75, 606.50)",,,,
15:04:53:3205,"(1157.75, 606.50)",,,,
15:04:53:3415,"(1157.75, 606.50)",,,,
15:04:53:3633,"(1157.75, 606.50)",,,,
15:04:53:3866,"(1157.75, 606.50)",,,,
15:04:53:4079,"(1157.75, 606.50)",,,,
15:04:53:4306,"(1157.75, 606.50)",,,,
15:04:53:4504,"(1157.75, 606.50)",,,,
15:04:53:4721,"(1157.75, 606.50)",,,,
15:04:53:4932,"(1157.75, 606.50)",,,,
15:04:53:5145,"(1157.75, 606.50)",,,,
15:04:53:5353,"(1157.75, 606.50)",,,,
15:04:53:5561,"(1157.75, 606.50)",,,,
15:04:53:5776,"(1157.75, 606.50)",,,,
15:04:53:6005,"(1157.75, 606.50)",,,,
15:04:53:6295,"(1157.75, 606.50)",,,,
15:04:53:6576,"(1157.75, 606.50)",,,,
15:04:53:6825,"(1157.75, 606.50)",,,,
15:04:53:7084,"(1157.75, 606.50)",,,,
15:04:53:7367,"(1157.75, 606.50)",,,,
15:04:53:7657,"(1157.75, 606.50)",,,,
15:04:53:7936,"(1157.75, 606.50)",,,,
15:04:53:8194,"(1157.75, 606.50)",,,,
15:04:53:8476,"(1157.75, 606.50)",,,,
15:04:53:8742,"(1157.75, 606.50)",,,,
15:04:53:9026,"(1157.75, 606.50)",,,,
15:04:53:9297,"(1157.75, 606.50)",,,,
15:04:53:9641,"(1157.75, 606.50)",,,,
15:04:54:0021,"(1157.75, 606.50)",,,,
15:04:54:0426,"(1157.75, 606.50)",,,,
15:04:54:0810,"(1157.75, 606.50)",,,,
15:04:54:1164,"(1157.75, 606.50)",,,,
15:04:54:1436,"(1157.75, 606.50)",,,,
15:04:54:1724,"(1157.75, 606.50)",,,,
15:04:54:1995,"(1157.75, 606.50)",,,,
15:04:54:2286,"(1157.75, 606.50)",,,,
15:04:54:2521,"(1157.75, 606.50)",,,,
15:04:54:2748,"(1157.75, 606.50)",,,,
15:04:54:2957,"(1157.75, 606.50)",,,,
15:04:54:3164,"(1157.75, 606.50)",,,,
15:04:54:3374,"(1157.75, 606.50)",,,,
15:04:54:3579,"(1157.75, 606.50)",,,,
15:04:54:3810,"(1157.75, 606.50)",,,,
15:04:54:4027,"(1157.75, 606.50)",,,,
15:04:54:4247,"(1157.75, 606.50)",,,,
15:04:54:4459,"(1157.75, 606.50)",,,,
15:04:54:4675,"(1157.75, 606.50)",,,,
15:04:54:4888,"(1157.75, 606.50)",,,,
15:04:54:5123,"(1157.75, 606.50)",,,,
15:04:54:5364,"(1157.75, 606.50)",,,,
15:04:54:5686,"(1157.75, 606.50)",,,,
15:04:54:5964,"(1157.75, 606.50)",,,,
15:04:54:6224,"(1157.75, 606.50)",,,,
15:04:54:6471,"(1157.75, 606.50)",,,,
15:04:54:6759,"(1157.75, 606.50)",,,,
15:04:54:7009,"(1157.75, 606.50)",,,,
15:04:54:7275,"(1157.75, 606.50)",,,,
15:04:54:7517,"(1157.75, 606.50)",,,,
15:04:54:7792,"(1157.75, 606.50)",,,,
15:04:54:8056,"(1157.75, 606.50)",,,,
15:04:54:8310,"(1157.75, 606.50)",,,,
15:04:54:8580,"(1157.75, 606.50)",,,,
15:04:54:8858,"(1157.75, 606.50)",,,,
15:04:54:9113,"(1157.75, 606.50)",,,,
15:04:54:9367,"(1157.75, 606.50)",,,,
15:04:54:9792,"(1157.75, 606.50)",,,,
15:04:55:0156,"(1157.75, 606.50)",,,,
15:04:55:0537,"(1157.75, 606.50)",,,,
15:04:55:0880,"(1157.75, 606.50)",,,,
15:04:55:1160,"(1157.75, 606.50)",,,,
15:04:55:1422,"(1157.75, 606.50)",,,,
15:04:55:1693,"(1157.75, 606.50)",,,,
15:04:55:1940,"(1157.75, 606.50)",,,,
15:04:55:2162,"(1157.75, 606.50)",,,,
15:04:55:2380,"(1157.75, 606.50)",,,,
15:04:55:2592,"(1157.75, 606.50)",,,,
15:04:55:2800,"(1157.75, 606.50)",,,,
15:04:55:3017,"(1157.75, 606.50)",,,,
15:04:55:3309,"(1157.75, 606.50)",,,,
15:04:55:3581,"(1157.75, 606.50)",,,,
15:04:55:3839,"(1157.75, 606.50)",,,,
15:04:55:4112,"(1157.75, 606.50)",,,,
15:04:55:4408,"(1157.75, 606.50)",,,,
15:04:55:4661,"(1157.75, 606.50)",,,,
15:04:55:4933,"(1157.75, 606.50)",,,,
15:04:55:5173,"(1157.75, 606.50)",,,,
15:04:55:5466,"(1157.75, 606.50)",,,,
15:04:55:5738,"(1157.75, 606.50)",,,,
15:04:55:6006,"(1157.75, 606.50)",,,,
15:04:55:6271,"(1157.75, 606.50)",,,,
15:04:55:6564,"(1157.75, 606.50)",,,,
15:04:55:6822,"(1157.75, 606.50)",,,,
15:04:55:7085,"(1157.75, 606.50)",,,,
15:04:55:7310,"(1157.75, 606.50)",,,,
15:04:55:7526,"(1157.75, 606.50)",,,,
15:04:55:7756,"(1157.75, 606.50)",,,,
15:04:55:7977,"(1157.75, 606.50)",,,,
15:04:55:8192,"(1157.75, 606.50)",,,,
15:04:55:8429,"(1157.75, 606.50)",,,,
15:04:55:8654,"(1157.75, 606.50)",,,,
15:04:55:8878,"(1157.75, 606.50)",,,,
15:04:55:9120,"(1157.75, 606.50)",,,,
15:04:55:9333,"(1157.75, 606.50)",,,,
15:04:55:9566,"(1157.75, 606.50)",,,,
15:04:55:9856,"(1157.75, 606.50)",,,,
15:04:56:0139,"(1157.75, 606.50)",,,,
15:04:56:0404,"(1157.75, 606.50)",,,,
15:04:56:0693,"(1157.75, 606.50)",,,,
15:04:56:1013,"(1157.75, 606.50)",,,,
15:04:56:1297,"(1157.75, 606.50)",,,,
15:04:56:1654,"(1157.75, 606.50)",,,,
15:04:56:1941,"(1157.75, 606.50)",,,,
15:04:56:2146,"(1157.75, 606.50)",,,,
15:04:56:2380,"(1157.75, 606.50)",,,,
15:04:56:2602,"(1157.75, 606.50)",,,,
15:04:56:2808,"(1157.75, 606.50)",,,,
15:04:56:3023,"(1157.75, 606.50)",,,,
15:04:56:3233,"(1157.75, 606.50)",,,,
15:04:56:3455,"(1157.75, 606.50)",,,,
15:04:56:3680,"(1157.75, 606.50)",,,,
15:04:56:3883,"(1157.75, 606.50)",,,,
15:04:56:4113,"(1157.75, 606.50)",,,,
15:04:56:4324,"(1157.75, 606.50)",,,,
15:04:56:4545,"(1157.75, 606.50)",,,,
15:04:56:4778,"(1157.75, 606.50)",,,,
15:04:56:5009,"(1157.75, 606.50)",,,,
15:04:56:5231,"(1157.75, 606.50)",,,,
15:04:56:5440,"(1157.75, 606.50)",,,,
15:04:56:5673,"(1157.75, 606.50)",,,,
15:04:56:5893,"(1157.75, 606.50)",,,,
15:04:56:6114,"(1157.75, 606.50)",,,,
15:04:56:6319,"(1157.75, 606.50)",,,,
15:04:56:6564,"(1157.75, 606.50)",,,,
15:04:56:6785,"(1157.75, 606.50)",,,,
15:04:56:7006,"(1157.75, 606.50)",,,,
15:04:56:7234,"(1157.75, 606.50)",,,,
15:04:56:7457,"(1157.75, 606.50)",,,,
15:04:56:7672,"(1157.75, 606.50)",,,,
15:04:56:7942,"(1157.75, 606.50)",,,,
15:04:56:8172,"(1157.75, 606.50)",,,,
15:04:56:8393,"(1157.75, 606.50)",,,,
15:04:56:8614,"(1157.75, 606.50)",,,,
15:04:56:8833,"(1157.75, 606.50)",,,,
15:04:56:9061,"(1157.75, 606.50)",,,,
15:04:56:9275,"(1157.75, 606.50)",,,,
15:04:56:9490,"(1157.75, 606.50)",,,,
15:04:56:9754,"(1157.75, 606.50)",,,,
15:04:57:0061,"(1157.75, 606.50)",,,,
15:04:57:0356,"(1157.75, 606.50)",,,,
15:04:57:0636,"(1157.75, 606.50)",,,,
15:04:57:0944,"(1157.75, 606.50)",,,,
15:04:57:1275,"(1157.75, 606.50)",,,,
15:04:57:1611,"(1157.75, 606.50)",,,,
15:04:57:1953,"(1157.75, 606.50)",,,,
15:04:57:2168,"(1157.75, 606.50)",,,,
15:04:57:2396,"(1157.75, 606.50)",,,,
15:04:57:2601,"(1157.75, 606.50)",,,,
15:04:57:2824,"(1157.75, 606.50)",,,,
15:04:57:3041,"(1157.75, 606.50)",,,,
15:04:57:3257,"(1157.75, 606.50)",,,,
15:04:57:3527,"(1157.75, 606.50)",,,,
15:04:57:3786,"(1157.75, 606.50)",,,,
15:04:57:4042,"(1157.75, 606.50)",,,,
15:04:57:4406,"(1157.75, 606.50)",,,,
15:04:57:4750,"(1157.75, 606.50)",,,,
15:04:57:5258,"(1157.75, 606.50)",,,,
15:04:57:5481,"(1157.75, 606.50)",,,,
15:04:57:5698,"(1157.75, 606.50)",,,,
15:04:57:5904,"(1157.75, 606.50)",,,,
15:04:57:6128,"(1157.75, 606.50)",,,,
15:04:57:6345,"(1157.75, 606.50)",,,,
15:04:57:6599,"(1157.75, 606.50)",,,,
15:04:57:6829,"(1157.75, 606.50)",,,,
15:04:57:7055,"(1157.75, 606.50)",,,,
15:04:57:7265,"(1157.75, 606.50)",,,,
15:04:57:7471,"(1157.75, 606.50)",,,,
15:04:57:7705,"(1157.75, 606.50)",,,,
15:04:57:7918,"(1157.75, 606.50)",,,,
15:04:57:8140,"(1157.75, 606.50)",,,,
15:04:57:8346,"(1157.75, 606.50)",,,,
15:04:57:8569,"(1157.75, 606.50)",,,,
15:04:57:8784,"(1157.75, 606.50)",,,,
15:04:57:8994,"(1157.75, 606.50)",,,,
15:04:57:9217,"(1157.75, 606.50)",,,,
15:04:57:9441,"(1157.75, 606.50)",,,,
15:04:57:9658,"(1157.75, 606.50)",,,,
15:04:57:9938,"(1157.75, 606.50)",,,,
15:04:58:0233,"(1157.75, 606.50)",,,,
15:04:58:0523,"(1157.75, 606.50)",,,,
15:04:58:0856,"(1157.75, 606.50)",,,,
15:04:58:1218,"(1157.75, 606.50)",,,,
15:04:58:1588,"(1157.75, 606.50)",,,,
15:04:58:1874,"(1157.75, 606.50)",,,,
15:04:58:2169,"(1157.75, 606.50)",,,,
15:04:58:2427,"(1157.75, 606.50)",,,,
15:04:58:2638,"(1157.75, 606.50)",,,,
15:04:58:2868,"(1157.75, 606.50)",,,,
15:04:58:3080,"(1157.75, 606.50)",,,,
15:04:58:3306,"(1157.75, 606.50)",,,,
15:04:58:3511,"(1157.75, 606.50)",,,,
15:04:58:3731,"(1157.75, 606.50)",,,,
15:04:58:3955,"(1157.75, 606.50)",,,,
15:04:58:4181,"(1157.75, 606.50)",,,,
15:04:58:4396,"(1157.75, 606.50)",,,,
15:04:58:4620,"(1157.75, 606.50)",,,,
15:04:58:4843,"(1157.75, 606.50)",,,,
15:04:58:5077,"(1157.75, 606.50)",,,,
15:04:58:5306,"(1157.75, 606.50)",,,,
15:04:58:5529,"(1157.75, 606.50)",,,,
15:04:58:5747,"(1157.75, 606.50)",,,,
15:04:58:5978,"(1157.75, 606.50)",,,,
15:04:58:6195,"(1157.75, 606.50)",,,,
15:04:58:6424,"(1157.75, 606.50)",,,,
15:04:58:6643,"(1157.75, 606.50)",,,,
15:04:58:6871,"(1157.75, 606.50)",,,,
15:04:58:7119,"(1157.75, 606.50)",,,,
15:04:58:7362,"(1157.75, 606.50)",,,,
15:04:58:7595,"(1157.75, 606.50)",,,,
15:04:58:7826,"(1157.75, 606.50)",,,,
15:04:58:8056,"(1157.75, 606.50)",,,,
15:04:58:8297,"(1157.75, 606.50)",,,,
15:04:58:8527,"(1157.75, 606.50)",,,,
15:04:58:8758,"(1157.75, 606.50)",,,,
15:04:58:8980,"(1157.75, 606.50)",,,,
15:04:58:9211,"(1157.75, 606.50)",,,,
15:04:58:9441,"(1157.75, 606.50)",,,,
15:04:58:9657,"(1157.75, 606.50)",,,,
15:04:58:9926,"(1157.75, 606.50)",,,,
15:04:59:0208,"(1157.75, 606.50)",,,,
15:04:59:0499,"(1157.75, 606.50)",,,,
15:04:59:0797,"(1157.75, 606.50)",,,,
15:04:59:1083,"(1157.75, 606.50)",,,,
15:04:59:1428,"(1157.75, 606.50)",,,,
15:04:59:1731,"(1157.75, 606.50)",,,,
15:04:59:1956,"(1157.75, 606.50)",,,,
15:04:59:2189,"(1157.75, 606.50)",,,,
15:04:59:2467,"(1157.75, 606.50)",,,,
15:04:59:2695,"(1157.75, 606.50)",,,,
15:04:59:2907,"(1157.75, 606.50)",,,,
15:04:59:3131,"(1157.75, 606.50)",,,,
15:04:59:3344,"(1157.75, 606.50)",,,,
15:04:59:3578,"(1157.75, 606.50)",,,,
15:04:59:3814,"(1157.75, 606.50)",,,,
15:04:59:4042,"(1157.75, 606.50)",,,,
15:04:59:4275,"(1157.75, 606.50)",,,,
15:04:59:4507,"(1157.75, 606.50)",,,,
15:04:59:4747,"(1157.75, 606.50)",,,,
15:04:59:4979,"(1157.75, 606.50)",,,,
15:04:59:5224,"(1157.75, 606.50)",,,,
15:04:59:5461,"(1157.75, 606.50)",,,,
15:04:59:5697,"(1157.75, 606.50)",,,,
15:04:59:5924,"(1157.75, 606.50)",,,,
15:04:59:6141,"(1157.75, 606.50)",,,,
15:04:59:6362,"(1157.75, 606.50)",,,,
15:04:59:6612,"(1157.75, 606.50)",,,,
15:04:59:6828,"(1157.75, 606.50)",,,,
15:04:59:7062,"(1157.75, 606.50)",,,,
15:04:59:7293,"(1157.75, 606.50)",,,,
15:04:59:7521,"(1157.75, 606.50)",,,,
15:04:59:7747,"(1157.75, 606.50)",,,,
15:04:59:7987,"(1157.75, 606.50)",,,,
15:04:59:8226,"(1157.75, 606.50)",,,,
15:04:59:8449,"(1157.75, 606.50)",,,,
15:04:59:8677,"(1157.75, 606.50)",,,,
15:04:59:8889,"(1157.75, 606.50)",,,,
15:04:59:9106,"(1157.75, 606.50)",,,,
15:04:59:9328,"(1157.75, 606.50)",,,,
15:04:59:9546,"(1157.75, 606.50)",,,,
15:04:59:9770,"(1157.75, 606.50)",,,,
15:05:00:0045,"(1157.75, 606.50)",,,,
15:05:00:0428,"(1157.75, 606.50)",,,,
15:05:00:0766,"(1157.75, 606.50)",,,,
15:05:00:1057,"(1157.75, 606.50)",,,,
15:05:00:1342,"(1157.75, 606.50)",,,,
15:05:00:1624,"(1157.75, 606.50)",,,,
15:05:00:1882,"(1157.75, 606.50)",,,,
15:05:00:2099,"(1157.75, 606.50)",,,,
15:05:00:2319,"(1157.75, 606.50)",,,,
15:05:00:2536,"(1157.75, 606.50)",,,,
15:05:00:2770,"(1157.75, 606.50)",,,,
15:05:00:2991,"(1157.75, 606.50)",,,,
15:05:00:3218,"(1157.75, 606.50)",,,,
15:05:00:3440,"(1157.75, 606.50)",,,,
15:05:00:3678,"(1157.75, 606.50)",,,,
15:05:00:3905,"(1157.75, 606.50)",,,,
15:05:00:4126,"(1157.75, 606.50)",,,,
15:05:00:4358,"(1157.75, 606.50)",,,,
15:05:00:4598,"(1157.75, 606.50)",,,,
15:05:00:4832,"(1157.75, 606.50)",,,,
15:05:00:5106,"(1157.75, 606.50)",,,,
15:05:00:5351,"(1157.75, 606.50)",,,,
15:05:00:5590,"(1157.75, 606.50)",,,,
15:05:00:5818,"(1157.75, 606.50)",,,,
15:05:00:6056,"(1157.75, 606.50)",,,,
15:05:00:6271,"(1157.75, 606.50)",,,,
15:05:00:6506,"(1157.75, 606.50)",,,,
15:05:00:6734,"(1157.75, 606.50)",,,,
15:05:00:6966,"(1157.75, 606.50)",,,,
15:05:00:7220,"(1157.75, 606.50)",,,,
15:05:00:7520,"(1157.75, 606.50)",,,,
15:05:00:7829,"(1157.75, 606.50)",,,,
15:05:00:8102,"(1157.75, 606.50)",,,,
15:05:00:8394,"(1157.75, 606.50)",,,,
15:05:00:8656,"(1157.75, 606.50)",,,,
15:05:00:8887,"(1157.75, 606.50)",,,,
15:05:00:9119,"(1157.75, 606.50)",,,,
15:05:00:9348,"(1157.75, 606.50)",,,,
15:05:00:9590,"(1157.75, 606.50)",,,,
15:05:00:9821,"(1157.75, 606.50)",,,,
15:05:01:0126,"(1157.75, 606.50)",,,,
15:05:01:0470,"(1157.75, 606.50)",,,,
15:05:01:0804,"(1157.75, 606.50)",,,,
15:05:01:1206,"(1157.75, 606.50)",,,,
15:05:01:1534,"(1157.75, 606.50)",,,,
15:05:01:1840,"(1157.75, 606.50)",,,,
15:05:01:2183,"(1157.75, 606.50)",,,,
15:05:01:2533,"(1157.75, 606.50)",,,,
15:05:01:2798,"(1157.75, 606.50)",,,,
15:05:01:3042,"(1157.75, 606.50)",,,,
15:05:01:3286,"(1157.75, 606.50)",,,,
15:05:01:3513,"(1157.75, 606.50)",,,,
15:05:01:3743,"(1157.75, 606.50)",,,,
15:05:01:3968,"(1157.75, 606.50)",,,,
15:05:01:4194,"(1157.75, 606.50)",,,,
15:05:01:4417,"(1157.75, 606.50)",,,,
15:05:01:4642,"(1157.75, 606.50)",,,,
15:05:01:4869,"(1157.75, 606.50)",,,,
15:05:01:5096,"(1157.75, 606.50)",,,,
15:05:01:5330,"(1157.75, 606.50)",,,,
15:05:01:5557,"(1157.75, 606.50)",,,,
15:05:01:5791,"(1157.75, 606.50)",,,,
15:05:01:6008,"(1157.75, 606.50)",,,,
15:05:01:6234,"(1157.75, 606.50)",,,,
15:05:01:6467,"(1157.75, 606.50)",,,,
15:05:01:6696,"(1157.75, 606.50)",,,,
15:05:01:6927,"(1157.75, 606.50)",,,,
15:05:01:7154,"(1157.75, 606.50)",,,,
15:05:01:7440,"(1157.75, 606.50)",,,,
15:05:01:7741,"(1157.75, 606.50)",,,,
15:05:01:8032,"(1157.75, 606.50)",,,,
15:05:01:8372,"(1157.75, 606.50)",,,,
15:05:01:8709,"(1157.75, 606.50)",,,,
15:05:38:5133,"(1157.75, 606.50)",,,,
15:05:38:6281,"(608.75, 316.50)",,,,
15:05:38:6643,"(595.75, 289.50)",,,,
15:05:38:7036,"(580.75, 191.50)",,,,
15:05:38:7426,"(580.75, 84.50)",,,,
15:05:38:7787,"(592.75, -195.50)",,,,
15:05:38:8091,"(595.75, -295.50)",,,,
15:05:38:8428,"(580.75, -318.50)",,,,
15:05:38:8704,"(558.75, -320.50)",,,,
15:05:38:9010,"(528.75, -320.50)",,,,
15:05:38:9319,"(505.75, -320.50)",,,,
15:05:38:9581,"(480.75, -325.50)",,,,
15:05:39:0053,"(448.75, -345.50)",,,,
15:05:39:0446,"(448.75, -345.50)",,,,
15:05:39:0859,"(448.75, -345.50)",,,,
15:05:39:1163,"(448.75, -345.50)",,,,
15:05:39:1476,"(448.75, -345.50)",,,,
15:05:39:1796,"(448.75, -345.50)",,,,
15:05:39:2164,"(448.75, -345.50)",,,,
15:05:39:2514,"(497.75, -326.50)",,,,
15:05:39:2841,"(500.75, -321.50)",,,,
15:05:39:3333,"(500.75, -321.50)",,,,
15:05:39:3961,"(500.75, -321.50)",,,,
15:05:39:4400,"(500.75, -321.50)",,,,
15:05:39:4832,"(500.75, -321.50)",,,,
15:05:39:5136,"(500.75, -321.50)",,,,
15:05:39:5427,"(500.75, -321.50)",,,,
15:05:39:5730,"(500.75, -321.50)",,,,
15:05:39:6043,"(500.75, -321.50)",,,,
15:05:39:6309,"(500.75, -321.50)",,,,
15:05:39:6624,"(500.75, -321.50)",,,,
15:06:07:6169,"(230.75, -258.50)",,,,
15:06:07:7132,"(230.75, -258.50)",,,,
15:06:07:7587,"(230.75, -258.50)",,,,
15:06:07:8056,"(230.75, -258.50)",,,,
15:06:07:8323,"(230.75, -258.50)",,,,
15:06:07:8585,"(230.75, -258.50)",,,,
15:06:07:8810,"(230.75, -258.50)",,,,
15:06:07:9042,"(230.75, -258.50)",,,,
15:06:07:9293,"(230.75, -258.50)",,,,
15:06:07:9526,"(230.75, -258.50)",,,,
15:06:07:9769,"(230.75, -258.50)",,,,
15:06:07:9994,"(230.75, -258.50)",,,,
15:06:08:0222,"(230.75, -258.50)",,,,
15:06:08:0455,"(230.75, -258.50)",,,,
15:06:08:0712,"(230.75, -258.50)",,,,
15:06:08:0982,"(230.75, -258.50)",,,,
15:06:08:1251,"(230.75, -258.50)",,,,
15:06:08:1494,"(230.75, -258.50)",,,,
15:06:08:1725,"(230.75, -258.50)",,,,
15:06:08:1962,"(230.75, -258.50)",,,,
15:06:08:2196,"(230.75, -258.50)",,,,
15:06:08:2434,"(230.75, -258.50)",,,,
15:06:08:2677,"(230.75, -258.50)",,,,
15:06:08:2903,"(230.75, -258.50)",,,,
15:06:08:3168,"(230.75, -258.50)",,,,
15:06:08:3414,"(230.75, -258.50)",,,,
15:06:08:3646,"(230.75, -258.50)",,,,
15:06:08:3932,"(230.75, -258.50)",,,,
15:06:08:4240,"(250.75, -241.50)",,,,
15:06:08:4560,"(317.75, -288.50)",,,,
15:06:08:4848,"(317.75, -288.50)",,,,
15:06:08:5199,"(317.75, -288.50)",,,,
15:06:08:5820,"(317.75, -288.50)",,,,
15:06:08:6192,"(317.75, -288.50)",,,,
15:06:08:6588,"(317.75, -288.50)",,,,
15:06:08:6976,"(317.75, -288.50)",,,,
15:06:08:7393,"(317.75, -288.50)",,,,
15:06:08:7925,"(317.75, -288.50)",,,,
15:06:08:8198,"(317.75, -288.50)",,,,
15:06:08:8475,"(317.75, -288.50)",,,,
15:06:08:8755,"(317.75, -288.50)",,,,
15:06:08:8997,"(317.75, -288.50)",,,,
15:06:08:9259,"(317.75, -288.50)",,,,
15:06:08:9502,"(317.75, -288.50)",,,,
15:06:08:9742,"(317.75, -288.50)",,,,
15:06:08:9981,"(317.75, -288.50)",,,,
15:06:09:0215,"(317.75, -288.50)",,,,
15:06:09:0453,"(317.75, -288.50)",,,,
15:06:09:0681,"(317.75, -288.50)",,,,
15:06:09:1004,"(317.75, -288.50)",,,,
15:06:33:1733,"(548.75, 342.50)",,,,
15:06:33:2420,"(503.75, 252.50)",,,,
15:06:33:2703,"(498.75, 242.50)",,,,
15:06:33:3022,"(495.75, 229.50)",,,,
15:06:33:3365,"(493.75, 217.50)",,,,
15:06:33:3714,"(480.75, 187.50)",,,,
15:06:33:4010,"(475.75, 157.50)",,,,
15:06:33:4338,"(470.75, 84.50)",,,,
15:06:33:4616,"(450.75, -10.50)",,,,
15:06:33:4882,"(435.75, -92.50)",,,,
15:06:33:5235,"(423.75, -220.50)",,,,
15:06:33:5511,"(427.75, -305.50)",,,,
15:06:33:5791,"(450.75, -342.50)",,,,
15:06:33:6156,"(450.75, -342.50)",,,,
15:06:33:6464,"(450.75, -342.50)",,,,
15:06:33:6803,"(450.75, -342.50)",,,,
15:06:33:7184,"(450.75, -342.50)",,,,
15:06:33:7642,"(450.75, -342.50)",,,,
15:06:33:8055,"(450.75, -342.50)",,,,
15:06:33:8449,"(450.75, -342.50)",,,,
15:06:33:8760,"(450.75, -342.50)",,,,
15:06:33:9104,"(450.75, -342.50)",,,,
15:06:33:9598,"(450.75, -342.50)",,,,
15:06:34:0029,"(450.75, -342.50)",,,,
15:06:34:0419,"(450.75, -342.50)",,,,
15:06:34:0702,"(450.75, -342.50)",,,,
15:06:34:0973,"(450.75, -342.50)",,,,
15:06:34:1228,"(450.75, -342.50)",,,,
15:06:34:1489,"(450.75, -342.50)",,,,
15:06:34:1741,"(450.75, -342.50)",,,,
15:06:34:1991,"(450.75, -342.50)",,,,
15:06:34:2219,"(450.75, -342.50)",,,,
15:06:34:2464,"(450.75, -342.50)",,,,
15:06:34:2694,"(450.75, -342.50)",,,,
15:06:34:2945,"(450.75, -342.50)",,,,
15:06:34:3314,"(450.75, -342.50)",,,,
15:06:45:3760,"(902.75, 179.50)",,,,
15:06:45:4431,"(915.75, 137.50)",,,,
15:06:45:4704,"(915.75, 137.50)",,,,
15:06:45:4976,"(915.75, 137.50)",,,,
15:06:45:5247,"(915.75, 137.50)",,,,
15:06:45:5581,"(929.75, 134.50)",,,,
15:06:45:5855,"(1012.75, 154.50)",,,,
15:06:45:6204,"(1034.75, 194.50)",,,,
15:06:45:6533,"(1012.75, 229.50)",,,,
15:06:45:6848,"(1007.75, 217.50)",,,,
15:06:45:7126,"(987.75, 127.50)",,,,
15:06:45:7398,"(952.75, 37.50)",,,,
15:06:45:7654,"(915.75, -72.50)",,,,
15:06:45:7952,"(907.75, -162.50)",,,,
15:06:45:8320,"(905.75, -212.50)",,,,
15:06:45:8692,"(902.75, -260.50)",,,,
15:06:45:9052,"(897.75, -287.50)",,,,
15:06:45:9384,"(895.75, -292.50)",,,,
15:06:45:9717,"(880.75, -315.50)",,,,
15:06:46:0056,"(870.75, -330.50)",,,,
15:06:46:0483,"(870.75, -332.50)",,,,
15:06:46:0908,"(870.75, -332.50)",,,,
15:06:46:1252,"(870.75, -332.50)",,,,
15:06:46:1602,"(870.75, -332.50)",,,,
15:06:46:1922,"(870.75, -332.50)",,,,
15:06:46:2315,"(870.75, -332.50)",,,,
15:06:46:2682,"(870.75, -332.50)",,,,
15:06:46:3012,"(870.75, -332.50)",,,,
15:06:52:5764,"(659.75, 396.50)",,,,
15:06:52:6970,"(659.75, 396.50)",,,,
15:06:52:7236,"(659.75, 396.50)",,,,
15:06:52:7521,"(645.75, 389.50)",,,,
15:06:52:7824,"(595.75, 362.50)",,,,
15:06:52:8102,"(545.75, 339.50)",,,,
15:06:52:8395,"(482.75, 299.50)",,,,
15:06:52:8735,"(447.75, 259.50)",,,,
15:06:52:9112,"(392.75, 147.50)",,,,
15:06:52:9613,"(365.75, -52.50)",,,,
15:06:53:0179,"(389.75, -292.50)",,,,
15:06:53:0597,"(389.75, -292.50)",,,,
15:06:53:0997,"(389.75, -292.50)",,,,
15:06:53:1381,"(389.75, -292.50)",,,,
15:06:53:1722,"(389.75, -292.50)",,,,
15:06:53:2095,"(389.75, -292.50)",,,,
15:06:53:2384,"(389.75, -292.50)",,,,
15:06:53:2683,"(389.75, -292.50)",,,,
15:06:53:3017,"(389.75, -292.50)",,,,
15:06:53:3342,"(389.75, -292.50)",,,,
15:06:53:3612,"(389.75, -292.50)",,,,
15:06:53:3886,"(389.75, -292.50)",,,,
15:06:53:4127,"(389.75, -292.50)",,,,
15:06:53:4422,"(389.75, -292.50)",,,,
15:06:53:4729,"(389.75, -292.50)",,,,
15:06:53:5014,"(389.75, -292.50)",,,,
15:06:53:5270,"(389.75, -292.50)",,,,
15:06:53:5529,"(389.75, -292.50)",,,,
15:06:53:6039,"(389.75, -292.50)",,,,
15:07:04:2141,"(322.75, -295.50)",,,,
15:07:04:2936,"(322.75, -295.50)",,,,
15:07:04:3368,"(322.75, -295.50)",,,,
15:07:04:3716,"(322.75, -295.50)",,,,
15:07:04:3955,"(322.75, -295.50)",,,,
15:07:04:4205,"(322.75, -295.50)",,,,
15:07:04:4452,"(322.75, -295.50)",,,,
15:07:04:4693,"(322.75, -295.50)",,,,
15:07:04:4933,"(322.75, -295.50)",,,,
15:07:04:5178,"(322.75, -295.50)",,,,
15:07:04:5422,"(322.75, -295.50)",,,,
15:07:04:5669,"(322.75, -295.50)",,,,
15:07:04:5906,"(322.75, -295.50)",,,,
15:07:04:6142,"(322.75, -295.50)",,,,
15:07:04:6373,"(322.75, -295.50)",,,,
15:07:04:6615,"(322.75, -295.50)",,,,
15:07:04:6854,"(322.75, -295.50)",,,,
15:07:04:7138,"(322.75, -295.50)",,,,
15:07:04:7399,"(322.75, -295.50)",,,,
15:07:04:7653,"(322.75, -295.50)",,,,
15:07:04:8028,"(322.75, -295.50)",,,,
15:09:58:1431,"(932.75, -407.50)",,,,
