timestamp,PointerPosition,SubState,missionName,lastMissionState,missionEvent
14:33:07:5758,"(0.00, 0.00)",,W-58_S-2,,nextMission
14:33:11:4348,"(0.00, 0.00)",,,,
14:33:12:0727,"(0.00, 0.00)",,,,
14:33:12:2418,"(59.75, 284.50)",,,,
14:33:12:2728,"(59.75, 284.50)",,,,
14:33:12:2931,"(59.75, 284.50)",,,,
14:33:12:3033,"(59.75, 284.50)",,,,
14:33:12:3175,"(59.75, 284.50)",,,,
14:33:12:3312,"(59.75, 284.50)",,,,
14:33:12:3433,"(59.75, 284.50)",,,,
14:33:12:3580,"(59.75, 284.50)",,,,
14:33:12:3691,"(59.75, 284.50)",,,,
14:33:12:3812,"(59.75, 284.50)",,,,
14:33:12:3949,"(59.75, 284.50)",,,,
14:33:12:4081,"(59.75, 284.50)",,,,
14:33:12:4187,"(59.75, 284.50)",,,,
14:33:12:4313,"(59.75, 284.50)",,,,
14:33:12:4431,"(59.75, 284.50)",,,,
14:33:12:4736,"(50.75, 279.50)",,,,
14:33:12:4862,"(27.75, 256.50)",,,,
14:33:12:4973,"(20.75, 244.50)",,,,
14:33:12:5091,"(17.75, 239.50)",,,,
14:33:12:5218,"(15.75, 229.50)",,,,
14:33:12:5354,"(15.75, 224.50)",,,,
14:33:12:5490,"(15.75, 214.50)",,,,
14:33:12:5626,"(15.75, 211.50)",,,,
14:33:12:5763,"(15.75, 206.50)",,,,
14:33:12:5851,"(15.75, 201.50)",,,,
14:33:12:5973,"(15.75, 199.50)",,,,
14:33:12:6096,"(15.75, 194.50)",,,,
14:33:12:6171,"(15.75, 194.50)",,,,
14:33:12:6266,"(15.75, 194.50)",,,,
14:33:12:6329,"(15.75, 194.50)",,,,
14:33:12:6430,"(15.75, 194.50)",,,,
14:33:12:6516,"(15.75, 194.50)",,,,
14:33:12:6612,"(15.75, 194.50)",,,,
14:33:12:6728,"(15.75, 194.50)",,,,
14:33:12:6821,"(15.75, 194.50)",,,,
14:33:12:6917,"(15.75, 194.50)",,,,
14:33:12:6983,"(15.75, 194.50)",,,,
14:33:12:7064,"(15.75, 194.50)",,,,
14:33:12:7149,"(15.75, 194.50)",,,,
14:33:12:7246,"(15.75, 194.50)",,,,
14:33:12:7347,"(15.75, 194.50)",,,,
14:33:12:7449,"(15.75, 194.50)",,,,
14:33:12:7561,"(15.75, 194.50)",,,,
14:33:12:7723,"(15.75, 194.50)",,,,
14:33:12:7804,"(15.75, 194.50)",,,,
14:33:12:7900,"(15.75, 194.50)",,,,
14:33:12:7992,"(15.75, 194.50)",,,,
14:33:12:8093,"(15.75, 194.50)",,,,
14:33:12:8255,"(15.75, 194.50)",,,,
14:33:12:8356,"(15.75, 194.50)",,,,
14:33:12:8494,"(15.75, 194.50)",,,,
14:33:12:8637,"(15.75, 194.50)",,,,
14:33:12:8784,"(15.75, 194.50)",,,,
14:33:12:8985,"(15.75, 194.50)",,,,
14:33:12:9117,"(15.75, 194.50)",,,,
14:33:12:9274,"(15.75, 194.50)",,,,
14:33:12:9426,"(15.75, 194.50)",,,,
14:33:12:9559,"(15.75, 194.50)",,,,
14:33:12:9696,"(15.75, 194.50)",,,,
14:33:12:9859,"(15.75, 194.50)",,,,
14:33:13:0021,"(15.75, 194.50)",,,,
14:33:13:0174,"(15.75, 194.50)",,,,
14:33:13:0296,"(15.75, 194.50)",,,,
14:33:13:0434,"(15.75, 194.50)",,,,
14:33:13:0524,"(15.75, 194.50)",,,,
14:33:13:0610,"(15.75, 194.50)",,,,
14:33:13:0697,"(15.75, 194.50)",,,,
14:33:13:0787,"(15.75, 194.50)",,,,
14:33:13:0863,"(15.75, 194.50)",,,,
14:33:13:0949,"(15.75, 194.50)",,,,
14:33:13:1024,"(15.75, 194.50)",,,,
14:33:13:1113,"(15.75, 194.50)",,,,
14:33:13:1204,"(15.75, 194.50)",,,,
14:33:13:1288,"(15.75, 194.50)",,,,
14:33:13:1375,"(15.75, 194.50)",,,,
14:33:13:1471,"(15.75, 194.50)",,,,
14:33:13:1583,"(15.75, 194.50)",,,,
14:33:13:1674,"(15.75, 194.50)",,,,
14:33:13:1770,"(15.75, 194.50)",,,,
14:33:13:1853,"(15.75, 194.50)",,,,
14:33:13:1949,"(15.75, 194.50)",,,,
14:33:13:2048,"(15.75, 194.50)",,,,
14:33:13:2141,"(15.75, 194.50)",,,,
14:33:13:2227,"(15.75, 194.50)",,,,
14:33:13:2313,"(37.75, 201.50)",,,,
14:33:13:2425,"(47.75, 203.50)",,,,
14:33:13:2525,"(74.75, 211.50)",,,,
14:33:13:2617,"(87.75, 213.50)",,,,
14:33:13:2734,"(99.75, 216.50)",,,,
14:33:13:2846,"(119.75, 221.50)",,,,
14:33:13:2964,"(124.75, 223.50)",,,,
14:33:13:3055,"(124.75, 223.50)",,,,
14:33:13:3151,"(124.75, 223.50)",,,,
14:33:13:3247,"(124.75, 223.50)",,,,
14:33:13:3328,"(124.75, 223.50)",,,,
14:33:13:3409,"(124.75, 223.50)",,,,
14:33:13:3490,"(124.75, 223.50)",,,,
14:33:13:3588,"(124.75, 223.50)",,,,
14:33:13:3677,"(124.75, 223.50)",,,,
14:33:13:3774,"(124.75, 223.50)",,,,
14:33:13:3878,"(124.75, 223.50)",,,,
14:33:13:3944,"(124.75, 223.50)",,,,
14:33:13:4048,"(124.75, 223.50)",,,,
14:33:13:4153,"(124.75, 223.50)",,,,
14:33:13:4234,"(124.75, 223.50)",,,,
14:33:13:4326,"(124.75, 223.50)",,,,
14:33:13:4432,"(124.75, 223.50)",,,,
14:33:13:4529,"(124.75, 223.50)",,,,
14:33:13:4656,"(124.75, 223.50)",,,,
14:33:13:4748,"(124.75, 223.50)",,,,
14:33:13:4839,"(124.75, 223.50)",,,,
14:33:13:4950,"(124.75, 223.50)",,,,
14:33:13:5026,"(124.75, 223.50)",,,,
14:33:13:5128,"(124.75, 223.50)",,,,
14:33:13:5219,"(124.75, 223.50)",,,,
14:33:13:5308,"(124.75, 223.50)",,,,
14:33:13:5395,"(124.75, 223.50)",,,,
14:33:13:5474,"(124.75, 223.50)",,,,
14:33:13:5571,"(124.75, 223.50)",,,,
14:33:13:5651,"(124.75, 223.50)",,,,
14:33:13:5742,"(124.75, 223.50)",,,,
14:33:13:5845,"(124.75, 223.50)",,,,
14:33:13:5961,"(124.75, 223.50)",,,,
14:33:13:6077,"(124.75, 223.50)",,,,
14:33:13:6185,"(124.75, 223.50)",,,,
14:33:13:6277,"(124.75, 223.50)",,,,
14:33:13:6387,"(124.75, 223.50)",,,,
14:33:13:6473,"(124.75, 223.50)",,,,
14:33:13:6579,"(124.75, 223.50)",,,,
14:33:13:6660,"(124.75, 223.50)",,,,
14:33:13:6756,"(124.75, 223.50)",,,,
14:33:13:6841,"(124.75, 223.50)",,,,
14:33:13:6937,"(124.75, 223.50)",,,,
14:33:13:7018,"(124.75, 223.50)",,,,
14:33:13:7114,"(124.75, 223.50)",,,,
14:33:13:7211,"(124.75, 223.50)",,,,
14:33:13:7306,"(124.75, 223.50)",,,,
14:33:13:7405,"(124.75, 223.50)",,,,
14:33:13:7486,"(124.75, 223.50)",,,,
14:33:13:7593,"(124.75, 223.50)",,,,
14:33:13:7664,"(124.75, 223.50)",,,,
14:33:13:7762,"(124.75, 223.50)",,,,
14:33:13:7874,"(169.75, 223.50)",,,,
14:33:13:7980,"(197.75, 223.50)",,,,
14:33:13:8092,"(259.75, 226.50)",,,,
14:33:13:8250,"(287.75, 228.50)",,,,
14:33:13:8423,"(334.75, 231.50)",,,,
14:33:13:8580,"(352.75, 233.50)",,,,
14:33:13:8717,"(352.75, 233.50)",,,,
14:33:13:8826,"(352.75, 233.50)",,,,
14:33:13:8966,"(352.75, 233.50)",,,,
14:33:13:9138,"(352.75, 233.50)",,,,
14:33:13:9300,"(352.75, 233.50)",,,,
14:33:13:9473,"(352.75, 233.50)",,,,
14:33:13:9642,"(352.75, 233.50)",,,,
14:33:13:9784,"(352.75, 233.50)",,,,
14:33:13:9951,"(352.75, 233.50)",,,,
14:33:14:0200,"(352.75, 233.50)",,,,
14:33:14:0367,"(352.75, 233.50)",,,,
14:33:14:0519,"(352.75, 233.50)",,,,
14:33:14:0682,"(352.75, 233.50)",,,,
14:33:14:0850,"(352.75, 233.50)",,,,
14:33:14:1014,"(352.75, 233.50)",,,,
14:33:14:1171,"(352.75, 233.50)",,,,
14:33:14:1338,"(352.75, 233.50)",,,,
14:33:14:1449,"(352.75, 233.50)",,,,
14:33:14:1566,"(352.75, 233.50)",,,,
14:33:14:1683,"(352.75, 233.50)",,,,
14:33:14:1783,"(352.75, 233.50)",,,,
14:33:14:1902,"(352.75, 233.50)",,,,
14:33:14:2000,"(352.75, 233.50)",,,,
14:33:14:2107,"(352.75, 233.50)",,,,
14:33:14:2217,"(352.75, 233.50)",,,,
14:33:14:2344,"(352.75, 233.50)",,,,
14:33:14:2450,"(352.75, 233.50)",,,,
14:33:14:2546,"(352.75, 233.50)",,,,
14:33:14:2632,"(352.75, 233.50)",,,,
14:33:14:2778,"(352.75, 216.50)",,,,
14:33:14:2882,"(399.75, 214.50)",,,,
14:33:14:3004,"(434.75, 206.50)",,,,
14:33:14:3134,"(514.75, 186.50)",,,,
14:33:14:3267,"(554.75, 179.50)",,,,
14:33:14:3421,"(642.75, 159.50)",,,,
14:33:14:3567,"(719.75, 136.50)",,,,
14:33:14:3663,"(752.75, 126.50)",,,,
14:33:14:3795,"(794.75, 114.50)",,,,
14:33:14:3940,"(827.75, 99.50)",,,,
14:33:14:4098,"(839.75, 91.50)",,,,
14:33:14:4234,"(842.75, 89.50)",,,,
14:33:14:4346,"(844.75, 86.50)",,,,
14:33:14:4467,"(849.75, 81.50)",,,,
14:33:14:4578,"(852.75, 79.50)",,,,
14:33:14:4704,"(854.75, 74.50)",,,,
14:33:14:4840,"(857.75, 66.50)",,,,
14:33:14:4994,"(857.75, 61.50)",,,,
14:33:14:5134,"(857.75, 56.50)",,,,
14:33:14:5284,"(857.75, 49.50)",,,,
14:33:14:5406,"(857.75, 46.50)",,,,
14:33:14:5508,"(857.75, 44.50)",,,,
14:33:14:5660,"(857.75, 39.50)",,,,
14:33:14:5792,"(857.75, 39.50)",,,,
14:33:14:5923,"(857.75, 39.50)",,,,
14:33:14:6024,"(857.75, 39.50)",,,,
14:33:14:6105,"(857.75, 39.50)",,,,
14:33:14:6221,"(857.75, 39.50)",,,,
14:33:14:6322,"(857.75, 39.50)",,,,
14:33:14:6418,"(857.75, 39.50)",,,,
14:33:14:6515,"(857.75, 39.50)",,,,
14:33:14:6631,"(857.75, 39.50)",,,,
14:33:14:6727,"(857.75, 39.50)",,,,
14:33:14:6828,"(857.75, 39.50)",,,,
14:33:14:6944,"(857.75, 39.50)",,,,
14:33:14:7049,"(857.75, 39.50)",,,,
14:33:14:7158,"(857.75, 39.50)",,,,
14:33:14:7264,"(857.75, 39.50)",,,,
14:33:14:7365,"(857.75, 39.50)",,,,
14:33:14:7459,"(857.75, 39.50)",,,,
14:33:14:7556,"(857.75, 39.50)",,,,
14:33:14:7647,"(857.75, 39.50)",,,,
14:33:14:7765,"(857.75, 39.50)",,,,
14:33:14:7979,"(857.75, 39.50)",,,,
14:33:14:8084,"(857.75, 39.50)",,,,
14:33:14:8200,"(857.75, 39.50)",,,,
14:33:14:8349,"(857.75, 39.50)",,,,
14:33:14:8526,"(857.75, 39.50)",,,,
14:33:14:8705,"(857.75, 39.50)",,,,
14:33:14:8863,"(857.75, 39.50)",,,,
14:33:14:9014,"(857.75, 39.50)",,,,
14:33:14:9174,"(857.75, 39.50)",,,,
14:33:14:9330,"(857.75, 39.50)",,,,
14:33:14:9735,"(857.75, 39.50)",,W-12_S-1,success,nextMission
14:33:15:0016,"(857.75, 39.50)",,,,
14:33:15:0205,"(857.75, 39.50)",,,,
14:33:15:0402,"(857.75, 39.50)",,,,
14:33:15:0602,"(857.75, 39.50)",,,,
14:33:15:0786,"(857.75, 39.50)",,,,
14:33:15:1003,"(857.75, 39.50)",,,,
14:33:15:1186,"(857.75, 39.50)",,,,
14:33:15:1417,"(857.75, 26.50)",,,,
14:33:15:1588,"(857.75, 26.50)",,,,
14:33:15:1745,"(857.75, 26.50)",,,,
14:33:15:1889,"(857.75, 26.50)",,,,
14:33:15:2013,"(857.75, 26.50)",,,,
14:33:15:2160,"(857.75, 26.50)",,,,
14:33:15:2297,"(857.75, 26.50)",,,,
14:33:15:2428,"(857.75, 26.50)",,,,
14:33:15:2552,"(857.75, 26.50)",,,,
14:33:15:2653,"(857.75, 26.50)",,,,
14:33:15:2779,"(857.75, 26.50)",,,,
14:33:15:2891,"(857.75, 26.50)",,,,
14:33:15:3002,"(857.75, 26.50)",,,,
14:33:15:3118,"(857.75, 26.50)",,,,
14:33:15:3235,"(857.75, 26.50)",,,,
14:33:15:3346,"(857.75, 26.50)",,,,
14:33:15:3455,"(857.75, 26.50)",,,,
14:33:15:3572,"(857.75, 26.50)",,,,
14:33:15:3683,"(857.75, 26.50)",,,,
14:33:15:3799,"(857.75, 26.50)",,,,
14:33:15:3916,"(857.75, 26.50)",,,,
14:33:15:4037,"(857.75, 26.50)",,,,
14:33:15:4155,"(857.75, 26.50)",,,,
14:33:15:4327,"(857.75, 26.50)",,,,
14:33:15:4474,"(857.75, 26.50)",,,,
14:33:15:4646,"(857.75, 26.50)",,,,
14:33:15:4803,"(857.75, 26.50)",,,,
14:33:15:4969,"(857.75, 26.50)",,,,
14:33:15:5127,"(857.75, 26.50)",,,,
14:33:15:5263,"(857.75, 26.50)",,,,
14:33:15:5379,"(857.75, 26.50)",,,,
14:33:15:5511,"(857.75, 26.50)",,,,
14:33:15:5642,"(857.75, 26.50)",,,,
14:33:15:5770,"(857.75, 26.50)",,,,
14:33:15:5905,"(857.75, 26.50)",,,,
14:33:15:6052,"(857.75, 26.50)",,,,
14:33:15:6184,"(857.75, 26.50)",,,,
14:33:15:6331,"(857.75, 26.50)",,,,
14:33:15:6467,"(857.75, 26.50)",,,,
14:33:15:6631,"(857.75, 26.50)",,,,
14:33:15:6758,"(857.75, 26.50)",,,,
14:33:15:6889,"(857.75, 26.50)",,,,
14:33:15:7063,"(857.75, 26.50)",,,,
14:33:15:7175,"(857.75, 26.50)",,,,
14:33:15:7331,"(857.75, 26.50)",,,,
14:33:15:7478,"(857.75, 26.50)",,,,
14:33:15:7661,"(857.75, 26.50)",,,,
14:33:15:7783,"(857.75, 26.50)",,,,
14:33:15:7910,"(857.75, 26.50)",,,,
14:33:15:8032,"(857.75, 26.50)",,,,
14:33:15:8162,"(857.75, 26.50)",,,,
14:33:15:8304,"(857.75, 26.50)",,,,
14:33:15:8461,"(857.75, 26.50)",,,,
14:33:15:8617,"(857.75, 26.50)",,,,
14:33:15:8784,"(857.75, 26.50)",,,,
14:33:15:8945,"(857.75, 26.50)",,,,
14:33:15:9116,"(857.75, 26.50)",,,,
14:33:15:9389,"(857.75, 26.50)",,,,
14:33:15:9557,"(857.75, 26.50)",,,,
14:33:15:9730,"(857.75, 26.50)",,,,
14:33:15:9938,"(857.75, 26.50)",,,,
14:33:16:0117,"(857.75, 26.50)",,,,
14:33:16:0264,"(857.75, 26.50)",,,,
14:33:16:0431,"(857.75, 26.50)",,,,
14:33:16:0594,"(857.75, 26.50)",,,,
14:33:16:0833,"(855.75, 33.50)",,,,
14:33:16:1035,"(855.75, 33.50)",,,,
14:33:16:1192,"(855.75, 33.50)",,,,
14:33:16:1325,"(855.75, 33.50)",,,,
14:33:16:1453,"(855.75, 33.50)",,,,
14:33:16:1585,"(855.75, 33.50)",,,,
14:33:16:1716,"(855.75, 33.50)",,,,
14:33:16:1837,"(855.75, 33.50)",,,,
14:33:16:1976,"(855.75, 33.50)",,,,
14:33:16:2112,"(855.75, 33.50)",,,,
14:33:16:2248,"(855.75, 33.50)",,,,
14:33:16:2384,"(855.75, 33.50)",,,,
14:33:16:2561,"(855.75, 33.50)",,,,
14:33:16:2693,"(855.75, 33.50)",,,,
14:33:16:2839,"(855.75, 33.50)",,,,
14:33:16:2972,"(855.75, 33.50)",,,,
14:33:16:3114,"(855.75, 33.50)",,,,
14:33:16:3245,"(855.75, 33.50)",,,,
14:33:16:3412,"(855.75, 33.50)",,,,
14:33:16:3566,"(855.75, 33.50)",,,,
14:33:16:3693,"(855.75, 33.50)",,,,
14:33:16:3839,"(855.75, 33.50)",,,,
14:33:16:3971,"(855.75, 33.50)",,,,
14:33:16:4118,"(855.75, 33.50)",,,,
14:33:16:4255,"(855.75, 33.50)",,,,
14:33:16:4419,"(855.75, 33.50)",,,,
14:33:16:4571,"(855.75, 33.50)",,,,
14:33:16:4708,"(855.75, 33.50)",,,,
14:33:16:4845,"(855.75, 33.50)",,,,
14:33:16:5037,"(855.75, 33.50)",,,,
14:33:16:5211,"(855.75, 33.50)",,,,
14:33:16:5389,"(855.75, 41.50)",,,,
14:33:16:5537,"(855.75, 41.50)",,,,
14:33:16:5679,"(855.75, 41.50)",,,,
14:33:16:5815,"(855.75, 41.50)",,,,
14:33:16:5978,"(855.75, 41.50)",,,,
14:33:16:6128,"(855.75, 41.50)",,,,
14:33:16:6282,"(855.75, 41.50)",,,,
14:33:16:6418,"(855.75, 41.50)",,,,
14:33:16:6549,"(855.75, 41.50)",,,,
14:33:16:6649,"(855.75, 41.50)",,,,
14:33:16:6780,"(855.75, 41.50)",,W-7_S-1,success,nextMission
14:33:16:6922,"(855.75, 41.50)",,,,
14:33:16:7019,"(855.75, 41.50)",,,,
14:33:16:7105,"(855.75, 41.50)",,,,
14:33:16:7191,"(855.75, 41.50)",,,,
14:33:16:7267,"(855.75, 41.50)",,,,
14:33:16:7363,"(855.75, 41.50)",,,,
14:33:16:7452,"(855.75, 41.50)",,,,
14:33:16:7542,"(855.75, 41.50)",,,,
14:33:16:7628,"(855.75, 41.50)",,,,
14:33:16:7734,"(855.75, 41.50)",,,,
14:33:16:7830,"(855.75, 41.50)",,,,
14:33:16:7934,"(855.75, 41.50)",,,,
14:33:16:8020,"(855.75, 41.50)",,,,
14:33:16:8106,"(855.75, 41.50)",,,,
14:33:16:8202,"(855.75, 41.50)",,,,
14:33:16:8304,"(855.75, 41.50)",,,,
14:33:16:8435,"(855.75, 41.50)",,,,
14:33:16:8593,"(852.75, 51.50)",,,,
14:33:16:8756,"(852.75, 51.50)",,,,
14:33:16:8901,"(852.75, 51.50)",,,,
14:33:16:9013,"(852.75, 51.50)",,,,
14:33:16:9166,"(852.75, 51.50)",,,,
14:33:16:9306,"(852.75, 51.50)",,,,
14:33:16:9449,"(852.75, 51.50)",,,,
14:33:16:9576,"(852.75, 51.50)",,,,
14:33:16:9731,"(852.75, 51.50)",,,,
14:33:16:9894,"(852.75, 51.50)",,,,
14:33:17:0027,"(852.75, 51.50)",,,,
14:33:17:0153,"(852.75, 51.50)",,,,
14:33:17:0315,"(852.75, 51.50)",,,,
14:33:17:0447,"(852.75, 51.50)",,,,
14:33:17:0600,"(852.75, 51.50)",,,,
14:33:17:0711,"(852.75, 51.50)",,,,
14:33:17:0794,"(852.75, 51.50)",,,,
14:33:17:0877,"(852.75, 51.50)",,,,
14:33:17:0963,"(852.75, 51.50)",,,,
14:33:17:1056,"(852.75, 51.50)",,,,
14:33:17:1137,"(852.75, 51.50)",,,,
14:33:17:1219,"(852.75, 51.50)",,,,
14:33:17:1315,"(852.75, 51.50)",,,,
14:33:17:1405,"(852.75, 51.50)",,,,
14:33:17:1485,"(852.75, 51.50)",,,,
14:33:17:1582,"(852.75, 51.50)",,,,
14:33:17:1659,"(852.75, 51.50)",,,,
14:33:17:1756,"(852.75, 51.50)",,,,
14:33:17:1848,"(852.75, 51.50)",,,,
14:33:17:1950,"(852.75, 51.50)",,,,
14:33:17:2047,"(852.75, 51.50)",,,,
14:33:17:2148,"(852.75, 51.50)",,,,
14:33:17:2264,"(852.75, 51.50)",,,,
14:33:17:2385,"(852.75, 51.50)",,,,
14:33:17:2494,"(852.75, 51.50)",,,,
14:33:17:2593,"(852.75, 51.50)",,,,
14:33:17:2699,"(852.75, 51.50)",,,,
14:33:17:2812,"(852.75, 51.50)",,,,
14:33:17:2918,"(852.75, 51.50)",,,,
14:33:17:3009,"(852.75, 51.50)",,,,
14:33:17:3110,"(852.75, 51.50)",,,,
14:33:17:3217,"(852.75, 51.50)",,,,
14:33:17:3298,"(852.75, 51.50)",,,,
14:33:17:3394,"(852.75, 51.50)",,,,
14:33:17:3477,"(852.75, 51.50)",,,,
14:33:17:3583,"(852.75, 51.50)",,,,
14:33:17:3662,"(852.75, 51.50)",,,,
14:33:17:3757,"(852.75, 51.50)",,,,
14:33:17:3853,"(852.75, 51.50)",,,,
14:33:17:3996,"(852.75, 51.50)",,,,
14:33:17:4108,"(852.75, 51.50)",,,,
14:33:17:4229,"(852.75, 51.50)",,,,
14:33:17:4317,"(852.75, 51.50)",,,,
14:33:17:4417,"(852.75, 51.50)",,,,
14:33:17:4511,"(852.75, 51.50)",,,,
14:33:17:4651,"(854.75, 34.50)",,,,
14:33:17:4809,"(854.75, 26.50)",,,,
14:33:17:4958,"(854.75, 21.50)",,,,
14:33:17:5117,"(854.75, 16.50)",,,,
14:33:17:5255,"(854.75, 11.50)",,,,
14:33:17:5366,"(854.75, 11.50)",,,,
14:33:17:5520,"(854.75, 9.50)",,,,
14:33:17:5647,"(854.75, 9.50)",,,,
14:33:17:5788,"(854.75, 9.50)",,,,
14:33:17:5909,"(854.75, 9.50)",,,,
14:33:17:6017,"(854.75, 9.50)",,,,
14:33:17:6135,"(854.75, 9.50)",,,,
14:33:17:6255,"(854.75, 9.50)",,,,
14:33:17:6402,"(854.75, 9.50)",,,,
14:33:17:6554,"(852.75, 6.50)",,,,
14:33:17:6707,"(842.75, 13.50)",,,,
14:33:17:6826,"(825.75, 21.50)",,,,
14:33:17:6949,"(792.75, 33.50)",,,,
14:33:17:7082,"(760.75, 48.50)",,,,
14:33:17:7238,"(705.75, 71.50)",,,,
14:33:17:7401,"(630.75, 98.50)",,,,
14:33:17:7517,"(630.75, 98.50)",,,,
14:33:17:7660,"(527.75, 128.50)",,,,
14:33:17:7806,"(435.75, 156.50)",,,,
14:33:17:7927,"(357.75, 183.50)",,,,
14:33:17:8076,"(312.75, 203.50)",,,,
14:33:17:8232,"(295.75, 218.50)",,,,
14:33:17:8414,"(285.75, 231.50)",,,,
14:33:17:8582,"(282.75, 241.50)",,,,
14:33:17:8782,"(272.75, 276.50)",,,,
14:33:17:8986,"(250.75, 313.50)",,,,
14:33:17:9181,"(232.75, 333.50)",,,,
14:33:17:9392,"(195.75, 366.50)",,,,
14:33:17:9600,"(170.75, 381.50)",,,,
14:33:17:9807,"(147.75, 391.50)",,,,
14:33:17:9975,"(132.75, 398.50)",,,,
14:33:18:0132,"(120.75, 408.50)",,,,
14:33:18:0313,"(102.75, 421.50)",,,,
14:33:18:0459,"(87.75, 431.50)",,,,
14:33:18:0618,"(80.75, 436.50)",,,,
14:33:18:0765,"(77.75, 438.50)",,,,
14:33:18:0862,"(77.75, 438.50)",,,,
14:33:18:0949,"(77.75, 438.50)",,,,
14:33:18:1030,"(77.75, 438.50)",,,,
14:33:18:1147,"(72.75, 443.50)",,,,
14:33:18:1259,"(70.75, 446.50)",,,,
14:33:18:1346,"(70.75, 446.50)",,,,
14:33:18:1452,"(67.75, 448.50)",,,,
14:33:18:1545,"(67.75, 448.50)",,,,
14:33:18:1632,"(67.75, 448.50)",,,,
14:33:18:1719,"(67.75, 448.50)",,,,
14:33:18:1805,"(67.75, 448.50)",,,,
14:33:18:1928,"(67.75, 448.50)",,,,
14:33:18:2019,"(67.75, 448.50)",,,,
14:33:18:2118,"(67.75, 448.50)",,,,
14:33:18:2221,"(67.75, 448.50)",,,,
14:33:18:2304,"(67.75, 448.50)",,,,
14:33:18:2416,"(67.75, 448.50)",,,,
14:33:18:2499,"(67.75, 448.50)",,,,
14:33:18:2595,"(67.75, 448.50)",,,,
14:33:18:2692,"(67.75, 448.50)",,,,
14:33:18:2788,"(67.75, 448.50)",,,,
14:33:18:2889,"(67.75, 448.50)",,,,
14:33:18:2984,"(67.75, 448.50)",,,,
14:33:18:3086,"(67.75, 448.50)",,,,
14:33:18:3205,"(67.75, 448.50)",,,,
14:33:18:3316,"(62.75, 453.50)",,,,
14:33:18:3409,"(62.75, 453.50)",,,,
14:33:18:3536,"(60.75, 453.50)",,,,
14:33:18:3627,"(60.75, 453.50)",,,,
14:33:18:3726,"(60.75, 453.50)",,,,
14:33:18:3812,"(60.75, 453.50)",,,,
14:33:18:3914,"(60.75, 453.50)",,,,
14:33:18:4001,"(60.75, 453.50)",,,,
14:33:18:4145,"(72.75, 399.50)",,,,
14:33:18:4245,"(87.75, 369.50)",,,,
14:33:18:4378,"(104.75, 336.50)",,,,
14:33:18:4491,"(124.75, 301.50)",,,,
14:33:18:4607,"(174.75, 214.50)",,,,
14:33:18:4745,"(267.75, 99.50)",,,,
14:33:18:4857,"(319.75, 41.50)",,,,
14:33:18:5131,"(419.75, -80.50)",,,,
14:33:18:5248,"(562.75, -265.50)",,,,
14:33:18:5418,"(619.75, -340.50)",,,,
14:33:18:5585,"(619.75, -340.50)",,,,
14:33:18:5722,"(619.75, -340.50)",,,,
14:33:18:5829,"(619.75, -340.50)",,,,
14:33:18:5936,"(619.75, -340.50)",,,,
14:33:18:6038,"(619.75, -340.50)",,,,
14:33:18:6132,"(619.75, -340.50)",,,,
14:33:18:6229,"(619.75, -340.50)",,,,
14:33:18:6329,"(619.75, -340.50)",,,,
14:33:18:6461,"(619.75, -340.50)",,,,
14:33:18:6566,"(619.75, -340.50)",,,,
14:33:18:6661,"(619.75, -340.50)",,,,
14:33:18:6756,"(619.75, -340.50)",,,,
14:33:18:6852,"(619.75, -340.50)",,,,
14:33:18:6953,"(619.75, -340.50)",,,,
14:33:18:7049,"(619.75, -340.50)",,,,
14:33:18:7139,"(619.75, -340.50)",,,,
14:33:18:7237,"(619.75, -340.50)",,,,
14:33:18:7328,"(619.75, -340.50)",,,,
14:33:18:7429,"(619.75, -340.50)",,,,
14:33:18:7519,"(619.75, -340.50)",,,,
14:33:18:7610,"(619.75, -340.50)",,,,
14:33:18:7711,"(619.75, -340.50)",,,,
14:33:18:7812,"(619.75, -340.50)",,,,
14:33:18:7921,"(619.75, -340.50)",,,,
14:33:18:8030,"(619.75, -340.50)",,,,
14:33:18:8137,"(619.75, -340.50)",,,,
14:33:18:8253,"(619.75, -340.50)",,,,
14:33:18:8355,"(619.75, -340.50)",,,,
14:33:18:8471,"(619.75, -340.50)",,,,
14:33:18:8582,"(619.75, -340.50)",,,,
14:33:18:8759,"(619.75, -340.50)",,,,
14:33:18:8907,"(619.75, -340.50)",,,,
14:33:18:9063,"(619.75, -340.50)",,,,
14:33:18:9196,"(619.75, -340.50)",,,,
14:33:18:9347,"(619.75, -340.50)",,,,
14:33:18:9516,"(619.75, -340.50)",,,,
14:33:18:9664,"(619.75, -340.50)",,,,
14:33:18:9821,"(619.75, -340.50)",,,,
14:33:18:9974,"(619.75, -340.50)",,,,
14:33:19:0127,"(619.75, -340.50)",,,,
14:33:19:0304,"(619.75, -340.50)",,,,
14:33:19:0446,"(619.75, -340.50)",,,,
14:33:19:0593,"(619.75, -340.50)",,,,
14:33:19:0750,"(619.75, -340.50)",,,,
14:33:19:0897,"(619.75, -340.50)",,,,
14:33:19:1016,"(619.75, -340.50)",,,,
14:33:19:1117,"(619.75, -340.50)",,,,
14:33:19:1208,"(619.75, -340.50)",,,,
14:33:19:1304,"(619.75, -340.50)",,,,
14:33:19:1395,"(619.75, -340.50)",,,,
14:33:19:1497,"(619.75, -340.50)",,,,
14:33:19:1599,"(619.75, -340.50)",,,,
14:33:19:1697,"(619.75, -340.50)",,,,
14:33:19:1785,"(619.75, -340.50)",,,,
14:33:19:1888,"(619.75, -340.50)",,,,
14:33:19:1978,"(619.75, -340.50)",,,,
14:33:19:2071,"(619.75, -340.50)",,,,
14:33:19:2168,"(619.75, -340.50)",,,,
14:33:19:2270,"(619.75, -340.50)",,,,
14:33:19:2372,"(619.75, -340.50)",,,,
14:33:19:2471,"(619.75, -340.50)",,,,
14:33:19:2569,"(619.75, -340.50)",,,,
14:33:19:2661,"(619.75, -340.50)",,,,
14:33:19:2755,"(619.75, -340.50)",,,,
14:33:19:2861,"(619.75, -340.50)",,,,
14:33:19:2948,"(619.75, -340.50)",,,,
14:33:19:3053,"(619.75, -340.50)",,,,
14:33:19:3147,"(619.75, -340.50)",,,,
14:33:19:3241,"(619.75, -340.50)",,,,
14:33:19:3324,"(619.75, -340.50)",,,,
14:33:19:3454,"(619.75, -340.50)",,,,
14:33:19:3545,"(619.75, -340.50)",,,,
14:33:19:3661,"(619.75, -340.50)",,,,
14:33:19:3761,"(619.75, -340.50)",,,,
14:33:19:3872,"(619.75, -340.50)",,,,
14:33:19:3985,"(619.75, -340.50)",,,,
14:33:19:4093,"(619.75, -340.50)",,,,
14:33:19:4203,"(619.75, -340.50)",,,,
14:33:19:4306,"(619.75, -340.50)",,,,
14:33:19:4409,"(619.75, -340.50)",,,,
14:33:19:4527,"(619.75, -340.50)",,,,
14:33:19:4631,"(619.75, -340.50)",,,,
14:33:19:4755,"(619.75, -340.50)",,,,
14:33:19:4861,"(619.75, -340.50)",,,,
14:33:19:4967,"(619.75, -340.50)",,,,
14:33:19:5091,"(619.75, -340.50)",,,,
14:33:19:5192,"(619.75, -340.50)",,,,
14:33:19:5303,"(619.75, -340.50)",,,,
14:33:19:5409,"(619.75, -340.50)",,,,
14:33:19:5515,"(619.75, -340.50)",,,,
14:33:19:5615,"(619.75, -340.50)",,,,
14:33:19:5721,"(619.75, -340.50)",,,,
14:33:19:5811,"(619.75, -340.50)",,,,
14:33:19:5912,"(619.75, -340.50)",,,,
14:33:19:6023,"(619.75, -340.50)",,,,
14:33:19:6124,"(619.75, -340.50)",,,,
14:33:19:6230,"(619.75, -340.50)",,,,
14:33:19:6331,"(619.75, -340.50)",,,,
14:33:19:6447,"(619.75, -340.50)",,,,
14:33:19:6570,"(619.75, -340.50)",,,,
14:33:19:6665,"(619.75, -340.50)",,,,
14:33:19:6773,"(619.75, -340.50)",,,,
14:33:19:6884,"(619.75, -340.50)",,,,
14:33:19:6982,"(619.75, -340.50)",,,,
14:33:19:7083,"(619.75, -340.50)",,,,
14:33:19:7204,"(619.75, -340.50)",,,,
14:33:19:7300,"(619.75, -340.50)",,,,
14:33:19:7407,"(619.75, -340.50)",,,,
14:33:19:7519,"(619.75, -340.50)",,,,
14:33:19:7625,"(619.75, -340.50)",,,,
14:33:19:8010,"(619.75, -340.50)",,,,
14:33:19:8193,"(619.75, -340.50)",,,,
14:33:19:8319,"(619.75, -340.50)",,,,
14:33:19:8469,"(619.75, -340.50)",,,,
14:33:19:8615,"(619.75, -340.50)",,,,
14:33:19:8770,"(619.75, -340.50)",,,,
14:33:19:8969,"(619.75, -340.50)",,,,
14:33:19:9125,"(619.75, -340.50)",,,,
14:33:19:9318,"(619.75, -340.50)",,,,
14:33:19:9451,"(619.75, -340.50)",,,,
14:33:19:9598,"(619.75, -340.50)",,,,
14:33:19:9864,"(619.75, -340.50)",,,,
14:33:20:0237,"(619.75, -340.50)",,,,
14:33:20:0492,"(619.75, -340.50)",,,,
14:33:20:0717,"(619.75, -340.50)",,,,
14:33:20:0903,"(619.75, -340.50)",,,,
14:33:20:1227,"(619.75, -340.50)",,,,
14:33:20:1420,"(619.75, -340.50)",,,,
14:33:20:1658,"(619.75, -340.50)",,,,
14:33:20:1904,"(619.75, -340.50)",,,,
14:33:20:2112,"(619.75, -340.50)",,,,
14:33:20:2571,"(619.75, -340.50)",,,,
14:33:20:2743,"(619.75, -340.50)",,,,
14:33:20:2979,"(619.75, -340.50)",,,,
14:33:20:3217,"(619.75, -340.50)",,,,
14:33:20:3549,"(619.75, -340.50)",,,,
14:33:20:4130,"(619.75, -340.50)",,,,
14:33:20:4425,"(619.75, -340.50)",,,,
14:33:20:5063,"(619.75, -340.50)",,,,
14:33:20:5259,"(619.75, -340.50)",,,,
14:33:20:5485,"(619.75, -340.50)",,,,
14:33:20:5637,"(619.75, -340.50)",,,,
14:33:20:6015,"(619.75, -340.50)",,,,
14:33:20:6375,"(619.75, -340.50)",,,,
14:33:20:6591,"(619.75, -340.50)",,,,
14:33:20:6866,"(619.75, -340.50)",,,,
14:33:20:7411,"(619.75, -340.50)",,,,
14:33:20:7575,"(619.75, -340.50)",,,,
14:33:20:7762,"(619.75, -340.50)",,,,
14:33:20:8283,"(619.75, -340.50)",,,,
14:33:20:8794,"(619.75, -340.50)",,,,
14:33:20:9869,"(619.75, -340.50)",,,,
14:33:21:0447,"(619.75, -340.50)",,,,
14:33:21:0997,"(619.75, -340.50)",,,,
14:33:21:1216,"(619.75, -340.50)",,,,
14:33:21:1404,"(619.75, -340.50)",,,,
14:33:21:1577,"(619.75, -340.50)",,,,
14:33:21:1750,"(619.75, -340.50)",,,,
14:33:21:1947,"(619.75, -340.50)",,,,
14:33:21:2427,"(619.75, -340.50)",,,,
14:33:21:2560,"(619.75, -340.50)",,,,
14:33:21:2661,"(619.75, -340.50)",,,,
14:33:21:2803,"(619.75, -340.50)",,,,
14:33:21:3632,"(619.75, -340.50)",,,,
14:33:21:3790,"(619.75, -340.50)",,,,
14:33:21:4043,"(619.75, -340.50)",,,,
14:33:21:4383,"(619.75, -340.50)",,,,
14:33:21:4494,"(619.75, -340.50)",,,,
14:33:21:4600,"(619.75, -340.50)",,,,
14:33:21:4698,"(619.75, -340.50)",,,,
14:33:21:4875,"(619.75, -340.50)",,,,
14:33:21:5348,"(619.75, -340.50)",,,,
14:33:21:5653,"(619.75, -340.50)",,,,
14:33:21:5915,"(619.75, -340.50)",,,,
14:33:21:6086,"(619.75, -340.50)",,,,
14:33:21:6209,"(619.75, -340.50)",,,,
14:33:21:6350,"(619.75, -340.50)",,,,
14:33:21:6512,"(619.75, -340.50)",,,,
14:33:21:6910,"(619.75, -340.50)",,,,
14:33:21:7016,"(619.75, -340.50)",,,,
14:33:21:7125,"(619.75, -340.50)",,,,
14:33:21:7221,"(619.75, -340.50)",,,,
14:33:21:7320,"(619.75, -340.50)",,,,
14:33:21:7464,"(619.75, -340.50)",,,,
14:33:21:7592,"(619.75, -340.50)",,,,
14:33:21:7709,"(619.75, -340.50)",,,,
14:33:21:7808,"(619.75, -340.50)",,,,
14:33:21:7961,"(619.75, -340.50)",,,,
14:33:21:8211,"(619.75, -340.50)",,,,
14:33:21:8438,"(619.75, -340.50)",,,,
14:33:21:8892,"(619.75, -340.50)",,,,
14:33:21:9232,"(619.75, -340.50)",,,,
14:33:21:9431,"(619.75, -340.50)",,,,
14:33:21:9722,"(619.75, -340.50)",,,,
14:33:21:9975,"(619.75, -340.50)",,,,
14:33:22:0086,"(619.75, -340.50)",,,,
14:33:22:0206,"(619.75, -340.50)",,,,
14:33:22:0329,"(619.75, -340.50)",,,,
14:33:22:0452,"(619.75, -340.50)",,,,
14:33:22:0578,"(619.75, -340.50)",,,,
14:33:22:0674,"(619.75, -340.50)",,,,
14:33:22:0788,"(619.75, -340.50)",,,,
14:33:22:0897,"(619.75, -340.50)",,,,
14:33:22:0993,"(619.75, -340.50)",,,,
14:33:22:1097,"(619.75, -340.50)",,,,
14:33:22:1208,"(619.75, -340.50)",,,,
14:33:22:1318,"(619.75, -340.50)",,,,
14:33:22:1436,"(619.75, -340.50)",,,,
14:33:22:1568,"(619.75, -340.50)",,,,
14:33:22:1694,"(619.75, -340.50)",,,,
14:33:22:1826,"(619.75, -340.50)",,,,
14:33:22:1933,"(619.75, -340.50)",,,,
14:33:22:2045,"(619.75, -340.50)",,,,
14:33:22:2152,"(619.75, -340.50)",,,,
14:33:22:2252,"(619.75, -340.50)",,,,
14:33:22:2349,"(619.75, -340.50)",,,,
14:33:22:2482,"(619.75, -340.50)",,,,
14:33:22:2589,"(619.75, -340.50)",,,,
14:33:22:2687,"(619.75, -340.50)",,,,
14:33:22:2788,"(619.75, -340.50)",,,,
14:33:22:2902,"(619.75, -340.50)",,,,
14:33:22:3029,"(619.75, -340.50)",,,,
14:33:22:3145,"(619.75, -340.50)",,,,
14:33:22:3261,"(619.75, -340.50)",,,,
14:33:22:3382,"(619.75, -340.50)",,,,
14:33:22:3497,"(619.75, -340.50)",,,,
14:33:22:3635,"(619.75, -340.50)",,,,
14:33:22:3774,"(619.75, -340.50)",,,,
14:33:22:3907,"(619.75, -340.50)",,,,
14:33:22:4018,"(619.75, -340.50)",,,,
14:33:22:4124,"(619.75, -340.50)",,,,
14:33:22:4227,"(619.75, -340.50)",,,,
14:33:22:4333,"(619.75, -340.50)",,,,
14:33:22:4444,"(619.75, -340.50)",,,,
14:33:22:4546,"(619.75, -340.50)",,,,
14:33:22:4654,"(619.75, -340.50)",,,,
14:33:22:4756,"(619.75, -340.50)",,,,
14:33:22:4868,"(619.75, -340.50)",,,,
14:33:22:4980,"(619.75, -340.50)",,,,
14:33:22:5088,"(619.75, -340.50)",,,,
14:33:22:5197,"(619.75, -340.50)",,,,
14:33:22:5333,"(619.75, -340.50)",,,,
14:33:22:5435,"(619.75, -340.50)",,,,
14:33:22:5553,"(619.75, -340.50)",,,,
14:33:22:5687,"(619.75, -340.50)",,,,
14:33:22:5783,"(619.75, -340.50)",,,,
14:33:22:5910,"(619.75, -340.50)",,,,
14:33:22:6011,"(619.75, -340.50)",,,,
14:33:22:6118,"(619.75, -340.50)",,,,
14:33:22:6230,"(619.75, -340.50)",,,,
14:33:22:6344,"(619.75, -340.50)",,,,
14:33:22:6447,"(619.75, -340.50)",,,,
14:33:22:6558,"(619.75, -340.50)",,,,
14:33:22:6675,"(619.75, -340.50)",,,,
14:33:22:6803,"(619.75, -340.50)",,,,
14:33:22:6936,"(619.75, -340.50)",,,,
14:33:22:7038,"(619.75, -340.50)",,,,
14:33:22:7183,"(619.75, -340.50)",,,,
14:33:22:7303,"(619.75, -340.50)",,,,
14:33:22:7430,"(619.75, -340.50)",,,,
14:33:22:7542,"(619.75, -340.50)",,,,
14:33:22:7647,"(619.75, -340.50)",,,,
14:33:22:7780,"(619.75, -340.50)",,,,
14:33:22:7893,"(619.75, -340.50)",,,,
14:33:22:8005,"(619.75, -340.50)",,,,
14:33:22:8116,"(619.75, -340.50)",,,,
14:33:22:8230,"(619.75, -340.50)",,,,
14:33:22:8337,"(619.75, -340.50)",,,,
14:33:22:8446,"(619.75, -340.50)",,,,
14:33:22:8567,"(619.75, -340.50)",,,,
14:33:22:8691,"(619.75, -340.50)",,,,
14:33:22:8795,"(619.75, -340.50)",,,,
14:33:22:8910,"(619.75, -340.50)",,,,
14:33:22:9069,"(619.75, -340.50)",,,,
14:33:22:9254,"(619.75, -340.50)",,,,
14:33:22:9482,"(619.75, -340.50)",,,,
14:33:22:9666,"(619.75, -340.50)",,,,
14:33:22:9781,"(619.75, -340.50)",,,,
14:33:22:9893,"(619.75, -340.50)",,,,
14:33:23:0014,"(619.75, -340.50)",,,,
14:33:23:0135,"(619.75, -340.50)",,,,
14:33:23:0253,"(619.75, -340.50)",,,,
14:33:23:0358,"(619.75, -340.50)",,,,
14:33:23:0455,"(619.75, -340.50)",,,,
14:33:23:0584,"(619.75, -340.50)",,,,
14:33:23:0691,"(619.75, -340.50)",,,,
14:33:23:0799,"(619.75, -340.50)",,,,
14:33:23:0921,"(619.75, -340.50)",,,,
14:33:23:1018,"(619.75, -340.50)",,,,
14:33:23:1130,"(619.75, -340.50)",,,,
14:33:23:1249,"(619.75, -340.50)",,,,
14:33:23:1365,"(619.75, -340.50)",,,,
14:33:23:1478,"(619.75, -340.50)",,,,
14:33:23:1602,"(619.75, -340.50)",,,,
14:33:23:1707,"(619.75, -340.50)",,,,
14:33:23:1827,"(619.75, -340.50)",,,,
14:33:23:1930,"(619.75, -340.50)",,,,
14:33:23:2046,"(619.75, -340.50)",,,,
14:33:23:2171,"(619.75, -340.50)",,,,
14:33:23:2289,"(619.75, -340.50)",,,,
14:33:23:2416,"(619.75, -340.50)",,,,
14:33:23:2531,"(619.75, -340.50)",,,,
14:33:23:2653,"(619.75, -340.50)",,,,
14:33:23:2766,"(619.75, -340.50)",,,,
14:33:23:2890,"(619.75, -340.50)",,,,
14:33:23:3008,"(619.75, -340.50)",,,,
14:33:23:3105,"(619.75, -340.50)",,,,
14:33:23:3275,"(619.75, -340.50)",,,,
14:33:23:3422,"(619.75, -340.50)",,,,
14:33:23:3575,"(619.75, -340.50)",,,,
14:33:23:3731,"(619.75, -340.50)",,,,
14:33:23:3892,"(619.75, -340.50)",,,,
14:33:23:4065,"(619.75, -340.50)",,,,
14:33:23:4248,"(619.75, -340.50)",,,,
14:33:23:4421,"(619.75, -340.50)",,,,
14:33:23:4584,"(619.75, -340.50)",,,,
14:33:23:4747,"(619.75, -340.50)",,,,
14:33:23:4918,"(619.75, -340.50)",,,,
14:33:23:5094,"(619.75, -340.50)",,,,
14:33:23:5494,"(619.75, -340.50)",,,,
14:33:23:5608,"(619.75, -340.50)",,,,
14:33:23:5715,"(619.75, -340.50)",,,,
14:33:23:5830,"(619.75, -340.50)",,,,
14:33:23:5929,"(619.75, -340.50)",,,,
14:33:23:6056,"(619.75, -340.50)",,,,
14:33:23:6157,"(619.75, -340.50)",,,,
14:33:23:6272,"(619.75, -340.50)",,,,
14:33:23:6371,"(619.75, -340.50)",,,,
14:33:23:6490,"(619.75, -340.50)",,,,
14:33:23:6623,"(619.75, -340.50)",,,,
14:33:23:6770,"(619.75, -340.50)",,,,
14:33:23:6903,"(619.75, -340.50)",,,,
14:33:23:7031,"(619.75, -340.50)",,,,
14:33:23:7186,"(619.75, -340.50)",,,,
14:33:23:7350,"(619.75, -340.50)",,,,
14:33:23:7492,"(619.75, -340.50)",,,,
14:33:23:7630,"(619.75, -340.50)",,,,
14:33:23:7795,"(619.75, -340.50)",,,,
14:33:23:7931,"(619.75, -340.50)",,,,
14:33:23:8075,"(619.75, -340.50)",,,,
14:33:23:8217,"(619.75, -340.50)",,,,
14:33:23:8368,"(619.75, -340.50)",,,,
14:33:23:8515,"(619.75, -340.50)",,,,
14:33:23:8661,"(619.75, -340.50)",,,,
14:33:23:8775,"(619.75, -340.50)",,,,
14:33:23:8889,"(619.75, -340.50)",,,,
14:33:23:8990,"(619.75, -340.50)",,,,
14:33:23:9113,"(619.75, -340.50)",,,,
14:33:23:9256,"(619.75, -340.50)",,,,
14:33:23:9404,"(619.75, -340.50)",,,,
14:33:23:9565,"(619.75, -340.50)",,,,
14:33:23:9717,"(619.75, -340.50)",,,,
14:33:23:9870,"(619.75, -340.50)",,,,
14:33:24:0082,"(619.75, -340.50)",,,,
14:33:24:0203,"(619.75, -340.50)",,,,
14:33:24:0317,"(619.75, -340.50)",,,,
14:33:24:0429,"(619.75, -340.50)",,,,
14:33:24:0546,"(619.75, -340.50)",,,,
14:33:24:0666,"(619.75, -340.50)",,,,
14:33:24:0779,"(619.75, -340.50)",,,,
14:33:24:0905,"(619.75, -340.50)",,,,
14:33:24:1001,"(619.75, -340.50)",,,,
14:33:24:1168,"(619.75, -340.50)",,,,
14:33:24:1295,"(619.75, -340.50)",,,,
14:33:24:1435,"(619.75, -340.50)",,,,
14:33:24:1577,"(619.75, -340.50)",,,,
14:33:24:1730,"(619.75, -340.50)",,,,
14:33:24:1882,"(619.75, -340.50)",,,,
14:33:24:2038,"(619.75, -340.50)",,,,
14:33:24:2184,"(619.75, -340.50)",,,,
14:33:24:2334,"(619.75, -340.50)",,,,
14:33:24:2488,"(619.75, -340.50)",,,,
14:33:24:2644,"(619.75, -340.50)",,,,
14:33:24:2816,"(619.75, -340.50)",,,,
14:33:24:2948,"(619.75, -340.50)",,,,
14:33:24:3078,"(619.75, -340.50)",,,,
14:33:24:3246,"(619.75, -340.50)",,,,
14:33:24:3393,"(619.75, -340.50)",,,,
14:33:24:3557,"(619.75, -340.50)",,,,
14:33:24:3723,"(619.75, -340.50)",,,,
14:33:24:3876,"(619.75, -340.50)",,,,
14:33:24:4025,"(619.75, -340.50)",,,,
14:33:24:4171,"(619.75, -340.50)",,,,
14:33:24:4333,"(619.75, -340.50)",,,,
14:33:24:4449,"(619.75, -340.50)",,,,
14:33:24:4560,"(619.75, -340.50)",,,,
14:33:24:4676,"(619.75, -340.50)",,,,
14:33:24:4792,"(619.75, -340.50)",,,,
14:33:24:4909,"(619.75, -340.50)",,,,
14:33:24:5010,"(619.75, -340.50)",,,,
14:33:24:5127,"(619.75, -340.50)",,,,
14:33:24:5253,"(619.75, -340.50)",,,,
14:33:24:5357,"(619.75, -340.50)",,,,
14:33:24:5469,"(619.75, -340.50)",,,,
14:33:24:5597,"(619.75, -340.50)",,,,
14:33:24:5709,"(619.75, -340.50)",,,,
14:33:24:5828,"(619.75, -340.50)",,,,
14:33:24:5935,"(619.75, -340.50)",,,,
14:33:24:6074,"(619.75, -340.50)",,,,
14:33:24:6214,"(619.75, -340.50)",,,,
14:33:24:6346,"(619.75, -340.50)",,,,
14:33:24:6472,"(619.75, -340.50)",,,,
14:33:24:6604,"(619.75, -340.50)",,,,
14:33:24:6717,"(619.75, -340.50)",,,,
14:33:24:6844,"(619.75, -340.50)",,,,
14:33:24:6965,"(619.75, -340.50)",,,,
14:33:24:7088,"(619.75, -340.50)",,,,
14:33:24:7201,"(619.75, -340.50)",,,,
14:33:24:7321,"(619.75, -340.50)",,,,
14:33:24:7436,"(619.75, -340.50)",,,,
14:33:24:7547,"(619.75, -340.50)",,,,
14:33:24:7663,"(619.75, -340.50)",,,,
14:33:24:7787,"(619.75, -340.50)",,,,
14:33:24:7896,"(619.75, -340.50)",,,,
14:33:24:8002,"(619.75, -340.50)",,,,
14:33:24:8123,"(619.75, -340.50)",,,,
14:33:24:8276,"(619.75, -340.50)",,,,
14:33:24:8405,"(619.75, -340.50)",,,,
14:33:24:8531,"(619.75, -340.50)",,,,
14:33:24:8652,"(619.75, -340.50)",,,,
14:33:24:8764,"(619.75, -340.50)",,,,
14:33:24:8869,"(619.75, -340.50)",,,,
14:33:24:8979,"(619.75, -340.50)",,,,
14:33:24:9102,"(619.75, -340.50)",,,,
14:33:24:9213,"(619.75, -340.50)",,,,
14:33:24:9353,"(619.75, -340.50)",,,,
14:33:24:9527,"(619.75, -340.50)",,,,
14:33:24:9683,"(619.75, -340.50)",,,,
14:33:24:9845,"(619.75, -340.50)",,,,
14:33:24:9996,"(619.75, -340.50)",,,,
14:33:25:0179,"(619.75, -340.50)",,,,
14:33:25:0306,"(619.75, -340.50)",,,,
14:33:25:0422,"(619.75, -340.50)",,,,
14:33:25:0534,"(619.75, -340.50)",,,,
14:33:25:0650,"(619.75, -340.50)",,,,
14:33:25:0769,"(619.75, -340.50)",,,,
14:33:25:0891,"(619.75, -340.50)",,,,
14:33:25:0999,"(619.75, -340.50)",,,,
14:33:25:1110,"(619.75, -340.50)",,,,
14:33:25:1219,"(619.75, -340.50)",,,,
14:33:25:1331,"(619.75, -340.50)",,,,
14:33:25:1461,"(619.75, -340.50)",,,,
14:33:25:1578,"(619.75, -340.50)",,,,
14:33:25:1684,"(619.75, -340.50)",,,,
14:33:25:1816,"(619.75, -340.50)",,,,
14:33:25:1927,"(619.75, -340.50)",,,,
14:33:25:2044,"(619.75, -340.50)",,,,
14:33:25:2157,"(619.75, -340.50)",,,,
14:33:25:2269,"(619.75, -340.50)",,,,
14:33:25:2385,"(619.75, -340.50)",,,,
14:33:25:2498,"(619.75, -340.50)",,,,
14:33:25:2627,"(619.75, -340.50)",,,,
14:33:25:2740,"(619.75, -340.50)",,,,
14:33:25:2848,"(619.75, -340.50)",,,,
14:33:25:2969,"(619.75, -340.50)",,,,
14:33:25:3087,"(619.75, -340.50)",,,,
14:33:25:3213,"(619.75, -340.50)",,,,
14:33:25:3342,"(619.75, -340.50)",,,,
14:33:25:3453,"(619.75, -340.50)",,,,
14:33:25:3569,"(619.75, -340.50)",,,,
14:33:25:3684,"(619.75, -340.50)",,,,
14:33:25:3802,"(619.75, -340.50)",,,,
14:33:25:3923,"(619.75, -340.50)",,,,
14:33:25:4030,"(619.75, -340.50)",,,,
14:33:25:4144,"(619.75, -340.50)",,,,
14:33:25:4263,"(619.75, -340.50)",,,,
14:33:25:4370,"(619.75, -340.50)",,,,
14:33:25:4501,"(619.75, -340.50)",,,,
14:33:25:4630,"(619.75, -340.50)",,,,
14:33:25:4744,"(619.75, -340.50)",,,,
14:33:25:4873,"(619.75, -340.50)",,,,
14:33:25:4985,"(619.75, -340.50)",,,,
14:33:25:5109,"(619.75, -340.50)",,,,
14:33:25:5226,"(619.75, -340.50)",,,,
14:33:25:5335,"(619.75, -340.50)",,,,
14:33:25:5467,"(619.75, -340.50)",,,,
14:33:25:5579,"(619.75, -340.50)",,,,
14:33:25:5710,"(619.75, -340.50)",,,,
14:33:25:5828,"(619.75, -340.50)",,,,
14:33:25:5945,"(619.75, -340.50)",,,,
14:33:25:6062,"(619.75, -340.50)",,,,
14:33:25:6183,"(619.75, -340.50)",,,,
14:33:25:6299,"(619.75, -340.50)",,,,
14:33:25:6416,"(619.75, -340.50)",,,,
14:33:25:6523,"(619.75, -340.50)",,,,
14:33:25:6662,"(619.75, -340.50)",,,,
14:33:25:6792,"(619.75, -340.50)",,,,
14:33:25:6935,"(619.75, -340.50)",,,,
14:33:25:7068,"(619.75, -340.50)",,,,
14:33:25:7191,"(619.75, -340.50)",,,,
14:33:25:7322,"(619.75, -340.50)",,,,
14:33:25:7453,"(619.75, -340.50)",,,,
14:33:25:7576,"(619.75, -340.50)",,,,
14:33:25:7695,"(619.75, -340.50)",,,,
14:33:25:7806,"(619.75, -340.50)",,,,
14:33:25:7934,"(619.75, -340.50)",,,,
14:33:25:8062,"(619.75, -340.50)",,,,
14:33:25:8224,"(619.75, -340.50)",,,,
14:33:25:8371,"(619.75, -340.50)",,,,
14:33:25:8530,"(619.75, -340.50)",,,,
14:33:25:8684,"(619.75, -340.50)",,,,
14:33:25:8852,"(619.75, -340.50)",,,,
14:33:25:9047,"(619.75, -340.50)",,,,
14:33:25:9200,"(619.75, -340.50)",,,,
14:33:25:9417,"(619.75, -340.50)",,,,
14:33:25:9624,"(619.75, -340.50)",,,,
14:33:25:9875,"(619.75, -340.50)",,,,
14:33:26:0047,"(619.75, -340.50)",,,,
14:33:26:0233,"(619.75, -340.50)",,,,
14:33:26:0423,"(619.75, -340.50)",,,,
14:33:26:0545,"(619.75, -340.50)",,,,
14:33:26:0671,"(619.75, -340.50)",,,,
14:33:26:0792,"(619.75, -340.50)",,,,
14:33:26:0909,"(619.75, -340.50)",,,,
14:33:26:1024,"(619.75, -340.50)",,,,
14:33:26:1146,"(619.75, -340.50)",,,,
14:33:26:1256,"(619.75, -340.50)",,,,
14:33:26:1373,"(619.75, -340.50)",,,,
14:33:26:1490,"(619.75, -340.50)",,,,
14:33:26:1602,"(619.75, -340.50)",,,,
14:33:26:1723,"(619.75, -340.50)",,,,
14:33:26:1844,"(619.75, -340.50)",,,,
14:33:26:1975,"(619.75, -340.50)",,,,
14:33:26:2096,"(619.75, -340.50)",,,,
14:33:26:2207,"(619.75, -340.50)",,,,
14:33:26:2334,"(619.75, -340.50)",,,,
14:33:26:2446,"(619.75, -340.50)",,,,
14:33:26:2603,"(619.75, -340.50)",,,,
14:33:26:2813,"(619.75, -340.50)",,,,
14:33:26:2966,"(619.75, -340.50)",,,,
14:33:26:3093,"(619.75, -340.50)",,,,
14:33:26:3219,"(619.75, -340.50)",,,,
14:33:26:3396,"(619.75, -340.50)",,,,
14:33:26:3533,"(619.75, -340.50)",,,,
14:33:26:3662,"(619.75, -340.50)",,,,
14:33:26:3796,"(619.75, -340.50)",,,,
14:33:26:3924,"(619.75, -340.50)",,,,
14:33:26:4035,"(619.75, -340.50)",,,,
14:33:26:4152,"(619.75, -340.50)",,,,
14:33:26:4283,"(619.75, -340.50)",,,,
14:33:26:4402,"(619.75, -340.50)",,,,
14:33:26:4510,"(619.75, -340.50)",,,,
14:33:26:4627,"(619.75, -340.50)",,,,
14:33:26:4755,"(619.75, -340.50)",,,,
14:33:26:4868,"(619.75, -340.50)",,,,
14:33:26:5002,"(619.75, -340.50)",,,,
14:33:26:5113,"(619.75, -340.50)",,,,
14:33:26:5229,"(619.75, -340.50)",,,,
14:33:26:5356,"(619.75, -340.50)",,,,
14:33:26:5474,"(619.75, -340.50)",,,,
14:33:26:5576,"(619.75, -340.50)",,,,
14:33:26:5703,"(619.75, -340.50)",,,,
14:33:26:5831,"(619.75, -340.50)",,,,
14:33:26:6027,"(619.75, -340.50)",,,,
14:33:26:6193,"(619.75, -340.50)",,,,
14:33:26:6363,"(619.75, -340.50)",,,,
14:33:26:6549,"(619.75, -340.50)",,,,
14:33:26:6713,"(619.75, -340.50)",,,,
14:33:26:6880,"(619.75, -340.50)",,,,
14:33:26:7067,"(619.75, -340.50)",,,,
14:33:26:7220,"(619.75, -340.50)",,,,
14:33:26:7382,"(619.75, -340.50)",,,,
14:33:26:7530,"(619.75, -340.50)",,,,
14:33:26:7688,"(619.75, -340.50)",,,,
14:33:26:7850,"(619.75, -340.50)",,,,
14:33:26:8007,"(619.75, -340.50)",,,,
14:33:26:8165,"(619.75, -340.50)",,,,
14:33:26:8337,"(619.75, -340.50)",,,,
14:33:26:8493,"(619.75, -340.50)",,,,
14:33:26:8691,"(619.75, -340.50)",,,,
14:33:26:8847,"(619.75, -340.50)",,,,
14:33:26:9010,"(619.75, -340.50)",,,,
14:33:26:9179,"(619.75, -340.50)",,,,
14:33:26:9355,"(619.75, -340.50)",,,,
14:33:26:9599,"(619.75, -340.50)",,,,
14:33:26:9795,"(619.75, -340.50)",,,,
14:33:26:9989,"(619.75, -340.50)",,,,
14:33:27:0159,"(619.75, -340.50)",,,,
14:33:27:0320,"(619.75, -340.50)",,,,
14:33:27:0489,"(619.75, -340.50)",,,,
14:33:27:0611,"(619.75, -340.50)",,,,
14:33:27:0730,"(619.75, -340.50)",,,,
14:33:27:0847,"(619.75, -340.50)",,,,
14:33:27:0979,"(619.75, -340.50)",,,,
14:33:27:1105,"(619.75, -340.50)",,,,
14:33:27:1227,"(619.75, -340.50)",,,,
14:33:27:1346,"(619.75, -340.50)",,,,
14:33:27:1467,"(619.75, -340.50)",,,,
14:33:27:1585,"(619.75, -340.50)",,,,
14:33:27:1711,"(619.75, -340.50)",,,,
14:33:27:1838,"(619.75, -340.50)",,,,
14:33:27:1971,"(619.75, -340.50)",,,,
14:33:27:2116,"(619.75, -340.50)",,,,
14:33:27:2238,"(619.75, -340.50)",,,,
14:33:27:2352,"(619.75, -340.50)",,,,
14:33:27:2474,"(619.75, -340.50)",,,,
14:33:27:2605,"(619.75, -340.50)",,,,
14:33:27:2746,"(619.75, -340.50)",,,,
14:33:27:2873,"(619.75, -340.50)",,,,
14:33:27:3021,"(619.75, -340.50)",,,,
14:33:27:3163,"(619.75, -340.50)",,,,
14:33:27:3300,"(619.75, -340.50)",,,,
14:33:27:3432,"(619.75, -340.50)",,,,
14:33:27:3557,"(619.75, -340.50)",,,,
14:33:27:3692,"(619.75, -340.50)",,,,
14:33:27:3831,"(619.75, -340.50)",,,,
14:33:27:3962,"(619.75, -340.50)",,,,
14:33:27:4096,"(619.75, -340.50)",,,,
14:33:27:4229,"(619.75, -340.50)",,,,
14:33:27:4371,"(619.75, -340.50)",,,,
14:33:27:4508,"(619.75, -340.50)",,,,
14:33:27:4631,"(619.75, -340.50)",,,,
14:33:27:4763,"(619.75, -340.50)",,,,
14:33:27:4893,"(619.75, -340.50)",,,,
14:33:27:5028,"(619.75, -340.50)",,,,
14:33:27:5147,"(619.75, -340.50)",,,,
14:33:27:5272,"(619.75, -340.50)",,,,
14:33:27:5399,"(619.75, -340.50)",,,,
14:33:27:5541,"(619.75, -340.50)",,,,
14:33:27:5665,"(619.75, -340.50)",,,,
14:33:27:5779,"(619.75, -340.50)",,,,
14:33:27:5920,"(619.75, -340.50)",,,,
14:33:27:6132,"(619.75, -340.50)",,,,
14:33:27:6272,"(619.75, -340.50)",,,,
14:33:27:6420,"(619.75, -340.50)",,,,
14:33:27:6547,"(619.75, -340.50)",,,,
14:33:27:6682,"(619.75, -340.50)",,,,
14:33:27:6818,"(619.75, -340.50)",,,,
14:33:27:6946,"(619.75, -340.50)",,,,
14:33:27:7078,"(619.75, -340.50)",,,,
14:33:27:7246,"(619.75, -340.50)",,,,
14:33:27:7368,"(619.75, -340.50)",,,,
14:33:27:7494,"(619.75, -340.50)",,,,
14:33:27:7620,"(619.75, -340.50)",,,,
14:33:27:7754,"(619.75, -340.50)",,,,
14:33:27:7876,"(619.75, -340.50)",,,,
14:33:27:8019,"(619.75, -340.50)",,,,
14:33:27:8155,"(619.75, -340.50)",,,,
14:33:27:8276,"(619.75, -340.50)",,,,
14:33:27:8416,"(619.75, -340.50)",,,,
14:33:27:8547,"(619.75, -340.50)",,,,
14:33:27:8669,"(619.75, -340.50)",,,,
14:33:27:8791,"(619.75, -340.50)",,,,
14:33:27:8916,"(619.75, -340.50)",,,,
14:33:27:9044,"(619.75, -340.50)",,,,
14:33:27:9184,"(619.75, -340.50)",,,,
14:33:27:9316,"(619.75, -340.50)",,,,
14:33:27:9450,"(619.75, -340.50)",,,,
14:33:27:9657,"(619.75, -340.50)",,,,
14:33:27:9843,"(619.75, -340.50)",,,,
14:33:28:0085,"(619.75, -340.50)",,,,
14:33:28:0263,"(619.75, -340.50)",,,,
14:33:28:0442,"(619.75, -340.50)",,,,
14:33:28:0638,"(619.75, -340.50)",,,,
14:33:28:0816,"(619.75, -340.50)",,,,
14:33:28:0945,"(619.75, -340.50)",,,,
14:33:28:1084,"(619.75, -340.50)",,,,
14:33:28:1204,"(619.75, -340.50)",,,,
14:33:28:1331,"(619.75, -340.50)",,,,
14:33:28:1457,"(619.75, -340.50)",,,,
14:33:28:1598,"(619.75, -340.50)",,,,
14:33:28:1714,"(619.75, -340.50)",,,,
14:33:28:1852,"(619.75, -340.50)",,,,
14:33:28:1989,"(619.75, -340.50)",,,,
14:33:28:2122,"(619.75, -340.50)",,,,
14:33:28:2255,"(619.75, -340.50)",,,,
14:33:28:2446,"(619.75, -340.50)",,,,
14:33:28:2587,"(619.75, -340.50)",,,,
14:33:28:2709,"(619.75, -340.50)",,,,
14:33:28:2845,"(619.75, -340.50)",,,,
14:33:28:2963,"(619.75, -340.50)",,,,
14:33:28:3108,"(619.75, -340.50)",,,,
14:33:28:3274,"(619.75, -340.50)",,,,
14:33:28:3461,"(619.75, -340.50)",,,,
14:33:28:3668,"(619.75, -340.50)",,,,
14:33:28:3861,"(619.75, -340.50)",,,,
14:33:28:4007,"(619.75, -340.50)",,,,
14:33:28:4196,"(619.75, -340.50)",,,,
14:33:28:4356,"(619.75, -340.50)",,,,
14:33:28:4604,"(619.75, -340.50)",,,,
14:33:28:5128,"(619.75, -340.50)",,,,
14:33:28:5341,"(619.75, -340.50)",,,,
14:33:28:5533,"(619.75, -340.50)",,,,
14:33:28:5695,"(619.75, -340.50)",,,,
14:33:28:5859,"(619.75, -340.50)",,,,
14:33:28:6013,"(619.75, -340.50)",,,,
14:33:28:6166,"(619.75, -340.50)",,,,
14:33:28:6308,"(619.75, -340.50)",,,,
14:33:28:6437,"(619.75, -340.50)",,,,
14:33:28:6569,"(619.75, -340.50)",,,,
14:33:28:6743,"(619.75, -340.50)",,,,
14:33:28:6966,"(619.75, -340.50)",,,,
14:33:28:7139,"(619.75, -340.50)",,,,
14:33:28:7302,"(619.75, -340.50)",,,,
14:33:28:7445,"(619.75, -340.50)",,,,
14:33:28:7585,"(619.75, -340.50)",,,,
14:33:28:7721,"(619.75, -340.50)",,,,
14:33:28:7845,"(619.75, -340.50)",,,,
14:33:28:7992,"(619.75, -340.50)",,,,
14:33:28:8111,"(619.75, -340.50)",,,,
14:33:28:8258,"(619.75, -340.50)",,,,
14:33:28:8418,"(619.75, -340.50)",,,,
14:33:28:8570,"(619.75, -340.50)",,,,
14:33:28:8762,"(619.75, -340.50)",,,,
14:33:28:8907,"(619.75, -340.50)",,,,
14:33:28:9043,"(619.75, -340.50)",,,,
14:33:28:9173,"(619.75, -340.50)",,,,
14:33:28:9309,"(619.75, -340.50)",,,,
14:33:28:9452,"(619.75, -340.50)",,,,
14:33:28:9604,"(619.75, -340.50)",,,,
14:33:28:9833,"(619.75, -340.50)",,,,
14:33:29:0084,"(619.75, -340.50)",,,,
14:33:29:0278,"(619.75, -340.50)",,,,
14:33:29:0499,"(619.75, -340.50)",,,,
14:33:29:0685,"(619.75, -340.50)",,,,
14:33:29:0869,"(619.75, -340.50)",,,,
14:33:29:0995,"(619.75, -340.50)",,,,
14:33:29:1127,"(619.75, -340.50)",,,,
14:33:29:1257,"(619.75, -340.50)",,,,
14:33:29:1379,"(619.75, -340.50)",,,,
14:33:29:1512,"(619.75, -340.50)",,,,
14:33:29:1640,"(619.75, -340.50)",,,,
14:33:29:1766,"(619.75, -340.50)",,,,
14:33:29:1896,"(619.75, -340.50)",,,,
14:33:29:2027,"(619.75, -340.50)",,,,
14:33:29:2165,"(619.75, -340.50)",,,,
14:33:29:2293,"(619.75, -340.50)",,,,
14:33:29:2422,"(619.75, -340.50)",,,,
14:33:29:2554,"(619.75, -340.50)",,,,
14:33:29:2688,"(619.75, -340.50)",,,,
14:33:29:2820,"(619.75, -340.50)",,,,
14:33:29:2972,"(619.75, -340.50)",,,,
14:33:29:3111,"(619.75, -340.50)",,,,
14:33:29:3252,"(619.75, -340.50)",,,,
14:33:29:3399,"(619.75, -340.50)",,,,
14:33:29:3515,"(619.75, -340.50)",,,,
14:33:29:3657,"(619.75, -340.50)",,,,
14:33:29:3802,"(619.75, -340.50)",,,,
14:33:29:3969,"(619.75, -340.50)",,,,
14:33:29:4117,"(619.75, -340.50)",,,,
14:33:29:4286,"(619.75, -340.50)",,,,
14:33:29:4432,"(619.75, -340.50)",,,,
14:33:29:4573,"(619.75, -340.50)",,,,
14:33:29:4712,"(619.75, -340.50)",,,,
14:33:29:4834,"(619.75, -340.50)",,,,
14:33:29:4979,"(619.75, -340.50)",,,,
14:33:29:5115,"(619.75, -340.50)",,,,
14:33:29:5247,"(619.75, -340.50)",,,,
14:33:29:5371,"(619.75, -340.50)",,,,
14:33:29:5511,"(619.75, -340.50)",,,,
14:33:29:5646,"(619.75, -340.50)",,,,
14:33:29:5790,"(619.75, -340.50)",,,,
14:33:29:5907,"(619.75, -340.50)",,,,
14:33:29:6045,"(619.75, -340.50)",,,,
14:33:29:6226,"(619.75, -340.50)",,,,
14:33:29:6430,"(619.75, -340.50)",,,,
14:33:29:6581,"(619.75, -340.50)",,,,
14:33:29:6722,"(619.75, -340.50)",,,,
14:33:29:6901,"(619.75, -340.50)",,,,
14:33:29:7028,"(619.75, -340.50)",,,,
14:33:29:7150,"(619.75, -340.50)",,,,
14:33:29:7278,"(619.75, -340.50)",,,,
14:33:29:7418,"(619.75, -340.50)",,,,
14:33:29:7534,"(619.75, -340.50)",,,,
14:33:29:7688,"(619.75, -340.50)",,,,
14:33:29:7858,"(619.75, -340.50)",,,,
14:33:29:8024,"(619.75, -340.50)",,,,
14:33:29:8168,"(619.75, -340.50)",,,,
14:33:29:8305,"(619.75, -340.50)",,,,
14:33:29:8442,"(619.75, -340.50)",,,,
14:33:29:8580,"(619.75, -340.50)",,,,
14:33:29:8744,"(619.75, -340.50)",,,,
14:33:29:8896,"(619.75, -340.50)",,,,
14:33:29:9038,"(619.75, -340.50)",,,,
14:33:29:9181,"(619.75, -340.50)",,,,
14:33:29:9334,"(619.75, -340.50)",,,,
14:33:29:9482,"(619.75, -340.50)",,,,
14:33:29:9609,"(619.75, -340.50)",,,,
14:33:29:9876,"(619.75, -340.50)",,,,
14:33:30:0109,"(619.75, -340.50)",,,,
14:33:30:0352,"(619.75, -340.50)",,,,
14:33:30:0574,"(619.75, -340.50)",,,,
14:33:30:0746,"(619.75, -340.50)",,,,
14:33:30:0926,"(619.75, -340.50)",,,,
14:33:30:1138,"(619.75, -340.50)",,,,
14:33:30:1332,"(619.75, -340.50)",,,,
14:33:30:1529,"(619.75, -340.50)",,,,
14:33:30:1748,"(619.75, -340.50)",,,,
14:33:30:2109,"(619.75, -340.50)",,,,
14:33:30:2239,"(619.75, -340.50)",,,,
14:33:30:2365,"(619.75, -340.50)",,,,
14:33:30:2499,"(619.75, -340.50)",,,,
14:33:30:2632,"(619.75, -340.50)",,,,
14:33:30:2773,"(619.75, -340.50)",,,,
14:33:30:2918,"(619.75, -340.50)",,,,
14:33:30:3048,"(619.75, -340.50)",,,,
14:33:30:3174,"(619.75, -340.50)",,,,
14:33:30:3314,"(619.75, -340.50)",,,,
14:33:30:3446,"(619.75, -340.50)",,,,
14:33:30:3576,"(619.75, -340.50)",,,,
14:33:30:3751,"(619.75, -340.50)",,,,
14:33:30:3940,"(619.75, -340.50)",,,,
14:33:30:4141,"(619.75, -340.50)",,,,
14:33:30:4283,"(619.75, -340.50)",,,,
14:33:30:4417,"(619.75, -340.50)",,,,
14:33:30:4559,"(619.75, -340.50)",,,,
14:33:30:4688,"(619.75, -340.50)",,,,
14:33:30:4811,"(619.75, -340.50)",,,,
14:33:30:4950,"(619.75, -340.50)",,,,
14:33:30:5088,"(619.75, -340.50)",,,,
14:33:30:5215,"(619.75, -340.50)",,,,
14:33:30:5355,"(619.75, -340.50)",,,,
14:33:30:5502,"(619.75, -340.50)",,,,
14:33:30:5648,"(619.75, -340.50)",,,,
14:33:30:5810,"(619.75, -340.50)",,,,
14:33:30:5965,"(619.75, -340.50)",,,,
14:33:30:6116,"(619.75, -340.50)",,,,
14:33:30:6280,"(619.75, -340.50)",,,,
14:33:30:6439,"(619.75, -340.50)",,,,
14:33:30:6568,"(619.75, -340.50)",,,,
14:33:30:6710,"(619.75, -340.50)",,,,
14:33:30:6855,"(619.75, -340.50)",,,,
14:33:30:7018,"(619.75, -340.50)",,,,
14:33:30:7154,"(619.75, -340.50)",,,,
14:33:30:7295,"(619.75, -340.50)",,,,
14:33:30:7444,"(619.75, -340.50)",,,,
14:33:30:7597,"(619.75, -340.50)",,,,
14:33:30:7724,"(619.75, -340.50)",,,,
14:33:30:7869,"(619.75, -340.50)",,,,
14:33:30:8018,"(619.75, -340.50)",,,,
14:33:30:8166,"(619.75, -340.50)",,,,
14:33:30:8313,"(619.75, -340.50)",,,,
14:33:30:8470,"(619.75, -340.50)",,,,
14:33:30:8613,"(619.75, -340.50)",,,,
14:33:30:8790,"(619.75, -340.50)",,,,
14:33:30:8924,"(619.75, -340.50)",,,,
14:33:30:9092,"(619.75, -340.50)",,,,
14:33:30:9269,"(619.75, -340.50)",,,,
14:33:30:9395,"(619.75, -340.50)",,,,
14:33:30:9528,"(619.75, -340.50)",,,,
14:33:30:9697,"(619.75, -340.50)",,,,
14:33:30:9894,"(619.75, -340.50)",,,,
14:33:31:0076,"(619.75, -340.50)",,,,
14:33:31:0283,"(619.75, -340.50)",,,,
14:33:31:0472,"(619.75, -340.50)",,,,
14:33:31:0659,"(619.75, -340.50)",,,,
14:33:31:0869,"(619.75, -340.50)",,,,
14:33:31:1077,"(619.75, -340.50)",,,,
14:33:31:1228,"(619.75, -340.50)",,,,
14:33:31:1358,"(619.75, -340.50)",,,,
14:33:31:1493,"(619.75, -340.50)",,,,
14:33:31:1624,"(619.75, -340.50)",,,,
14:33:31:1757,"(619.75, -340.50)",,,,
14:33:31:1893,"(619.75, -340.50)",,,,
14:33:31:2036,"(619.75, -340.50)",,,,
14:33:31:2172,"(619.75, -340.50)",,,,
14:33:31:2321,"(619.75, -340.50)",,,,
14:33:31:2472,"(619.75, -340.50)",,,,
14:33:31:2622,"(619.75, -340.50)",,,,
14:33:31:2767,"(619.75, -340.50)",,,,
14:33:31:2916,"(619.75, -340.50)",,,,
14:33:31:3062,"(619.75, -340.50)",,,,
14:33:31:3197,"(619.75, -340.50)",,,,
14:33:31:3361,"(619.75, -340.50)",,,,
14:33:31:3502,"(619.75, -340.50)",,,,
14:33:31:3661,"(619.75, -340.50)",,,,
14:33:31:3835,"(619.75, -340.50)",,,,
14:33:31:3982,"(619.75, -340.50)",,,,
14:33:31:4133,"(619.75, -340.50)",,,,
14:33:31:4261,"(619.75, -340.50)",,,,
14:33:31:4419,"(619.75, -340.50)",,,,
14:33:31:4550,"(619.75, -340.50)",,,,
14:33:31:4697,"(619.75, -340.50)",,,,
14:33:31:4834,"(619.75, -340.50)",,,,
14:33:31:4974,"(619.75, -340.50)",,,,
14:33:31:5096,"(619.75, -340.50)",,,,
14:33:31:5240,"(619.75, -340.50)",,,,
14:33:31:5370,"(619.75, -340.50)",,,,
14:33:31:5521,"(619.75, -340.50)",,,,
14:33:31:5666,"(619.75, -340.50)",,,,
14:33:31:5795,"(619.75, -340.50)",,,,
14:33:31:5948,"(619.75, -340.50)",,,,
14:33:31:6102,"(619.75, -340.50)",,,,
14:33:31:6246,"(619.75, -340.50)",,,,
14:33:31:6399,"(619.75, -340.50)",,,,
14:33:31:6530,"(619.75, -340.50)",,,,
14:33:31:6670,"(619.75, -340.50)",,,,
14:33:31:6807,"(619.75, -340.50)",,,,
14:33:31:6947,"(619.75, -340.50)",,,,
14:33:31:7093,"(619.75, -340.50)",,,,
14:33:31:7231,"(619.75, -340.50)",,,,
14:33:31:7354,"(619.75, -340.50)",,,,
14:33:31:7496,"(619.75, -340.50)",,,,
14:33:31:7632,"(619.75, -340.50)",,,,
14:33:31:7767,"(619.75, -340.50)",,,,
14:33:31:7904,"(619.75, -340.50)",,,,
14:33:31:8048,"(619.75, -340.50)",,,,
14:33:31:8195,"(619.75, -340.50)",,,,
14:33:31:8331,"(619.75, -340.50)",,,,
14:33:31:8476,"(619.75, -340.50)",,,,
14:33:31:8617,"(619.75, -340.50)",,,,
14:33:31:8773,"(619.75, -340.50)",,,,
14:33:31:8912,"(619.75, -340.50)",,,,
14:33:31:9055,"(619.75, -340.50)",,,,
14:33:31:9190,"(619.75, -340.50)",,,,
14:33:31:9351,"(619.75, -340.50)",,,,
14:33:31:9488,"(619.75, -340.50)",,,,
14:33:31:9628,"(619.75, -340.50)",,,,
14:33:31:9760,"(619.75, -340.50)",,,,
14:33:31:9900,"(619.75, -340.50)",,,,
14:33:32:0091,"(619.75, -340.50)",,,,
14:33:32:0317,"(619.75, -340.50)",,,,
14:33:32:0558,"(619.75, -340.50)",,,,
14:33:32:0765,"(619.75, -340.50)",,,,
14:33:32:0930,"(619.75, -340.50)",,,,
14:33:32:1090,"(619.75, -340.50)",,,,
14:33:32:1232,"(619.75, -340.50)",,,,
14:33:32:1404,"(619.75, -340.50)",,,,
14:33:32:1536,"(619.75, -340.50)",,,,
14:33:32:1703,"(619.75, -340.50)",,,,
14:33:32:1846,"(619.75, -340.50)",,,,
14:33:32:1997,"(619.75, -340.50)",,,,
14:33:32:2129,"(619.75, -340.50)",,,,
14:33:32:2278,"(619.75, -340.50)",,,,
14:33:32:2424,"(619.75, -340.50)",,,,
14:33:32:2556,"(619.75, -340.50)",,,,
14:33:32:2709,"(619.75, -340.50)",,,,
14:33:32:2844,"(619.75, -340.50)",,,,
14:33:32:2991,"(619.75, -340.50)",,,,
14:33:32:3121,"(619.75, -340.50)",,,,
14:33:32:3262,"(619.75, -340.50)",,,,
14:33:32:3398,"(619.75, -340.50)",,,,
14:33:32:3545,"(619.75, -340.50)",,,,
14:33:32:3686,"(619.75, -340.50)",,,,
14:33:32:3847,"(619.75, -340.50)",,,,
14:33:32:4016,"(619.75, -340.50)",,,,
14:33:32:4161,"(619.75, -340.50)",,,,
14:33:32:4289,"(619.75, -340.50)",,,,
14:33:32:4429,"(619.75, -340.50)",,,,
14:33:32:4580,"(619.75, -340.50)",,,,
14:33:32:4731,"(619.75, -340.50)",,,,
14:33:32:4897,"(619.75, -340.50)",,,,
14:33:32:5048,"(619.75, -340.50)",,,,
14:33:32:5202,"(619.75, -340.50)",,,,
14:33:32:5366,"(619.75, -340.50)",,,,
14:33:32:5503,"(619.75, -340.50)",,,,
14:33:32:5667,"(619.75, -340.50)",,,,
14:33:32:5815,"(619.75, -340.50)",,,,
14:33:32:5945,"(619.75, -340.50)",,,,
14:33:32:6092,"(619.75, -340.50)",,,,
14:33:32:6238,"(619.75, -340.50)",,,,
14:33:32:6392,"(619.75, -340.50)",,,,
14:33:32:6557,"(619.75, -340.50)",,,,
14:33:32:6738,"(619.75, -340.50)",,,,
14:33:32:6882,"(619.75, -340.50)",,,,
14:33:32:7025,"(619.75, -340.50)",,,,
14:33:32:7161,"(619.75, -340.50)",,,,
14:33:32:7308,"(619.75, -340.50)",,,,
14:33:32:7450,"(619.75, -340.50)",,,,
14:33:32:7589,"(619.75, -340.50)",,,,
14:33:32:7729,"(619.75, -340.50)",,,,
14:33:32:7863,"(619.75, -340.50)",,,,
14:33:32:8000,"(619.75, -340.50)",,,,
14:33:32:8144,"(619.75, -340.50)",,,,
14:33:32:8283,"(619.75, -340.50)",,,,
14:33:32:8416,"(619.75, -340.50)",,,,
14:33:32:8589,"(619.75, -340.50)",,,,
14:33:32:8813,"(619.75, -340.50)",,,,
14:33:32:9006,"(619.75, -340.50)",,,,
14:33:32:9240,"(619.75, -340.50)",,,,
14:33:32:9433,"(619.75, -340.50)",,,,
14:33:32:9666,"(619.75, -340.50)",,,,
14:33:32:9844,"(619.75, -340.50)",,,,
14:33:33:1031,"(619.75, -340.50)",,,,
14:33:33:1545,"(619.75, -340.50)",,,,
14:33:33:1931,"(619.75, -340.50)",,,,
14:33:33:2185,"(619.75, -340.50)",,,,
14:33:33:2373,"(619.75, -340.50)",,,,
14:33:33:2535,"(619.75, -340.50)",,,,
14:33:33:2701,"(619.75, -340.50)",,,,
14:33:33:2880,"(619.75, -340.50)",,,,
14:33:33:3059,"(619.75, -340.50)",,,,
14:33:33:3210,"(619.75, -340.50)",,,,
14:33:33:3389,"(619.75, -340.50)",,,,
14:33:33:3563,"(619.75, -340.50)",,,,
14:33:33:3707,"(619.75, -340.50)",,,,
14:33:33:3863,"(619.75, -340.50)",,,,
14:33:33:4040,"(619.75, -340.50)",,,,
14:33:33:4212,"(619.75, -340.50)",,,,
14:33:33:4359,"(619.75, -340.50)",,,,
14:33:33:4521,"(619.75, -340.50)",,,,
14:33:33:4682,"(619.75, -340.50)",,,,
14:33:33:4830,"(619.75, -340.50)",,,,
14:33:33:5002,"(619.75, -340.50)",,,,
14:33:33:5151,"(619.75, -340.50)",,,,
14:33:33:5313,"(619.75, -340.50)",,,,
14:33:33:5462,"(619.75, -340.50)",,,,
14:33:33:5605,"(619.75, -340.50)",,,,
14:33:33:5762,"(619.75, -340.50)",,,,
14:33:33:5915,"(619.75, -340.50)",,,,
14:33:33:6079,"(619.75, -340.50)",,,,
14:33:33:6230,"(619.75, -340.50)",,,,
14:33:33:6390,"(619.75, -340.50)",,,,
14:33:33:6545,"(619.75, -340.50)",,,,
14:33:33:6690,"(619.75, -340.50)",,,,
14:33:33:6830,"(619.75, -340.50)",,,,
14:33:33:6973,"(619.75, -340.50)",,,,
14:33:33:7124,"(619.75, -340.50)",,,,
14:33:33:7271,"(619.75, -340.50)",,,,
14:33:33:7409,"(619.75, -340.50)",,,,
14:33:33:7545,"(619.75, -340.50)",,,,
14:33:33:7687,"(619.75, -340.50)",,,,
14:33:33:7832,"(619.75, -340.50)",,,,
14:33:33:7982,"(619.75, -340.50)",,,,
14:33:33:8130,"(619.75, -340.50)",,,,
14:33:33:8274,"(619.75, -340.50)",,,,
14:33:33:8409,"(619.75, -340.50)",,,,
14:33:33:8557,"(619.75, -340.50)",,,,
14:33:33:8688,"(619.75, -340.50)",,,,
14:33:33:8845,"(619.75, -340.50)",,,,
14:33:33:9010,"(619.75, -340.50)",,,,
14:33:33:9181,"(619.75, -340.50)",,,,
14:33:33:9348,"(619.75, -340.50)",,,,
14:33:33:9486,"(619.75, -340.50)",,,,
14:33:33:9632,"(619.75, -340.50)",,,,
14:33:33:9789,"(619.75, -340.50)",,,,
14:33:33:9962,"(619.75, -340.50)",,,,
14:33:34:0109,"(619.75, -340.50)",,,,
14:33:34:0301,"(619.75, -340.50)",,,,
14:33:34:0498,"(619.75, -340.50)",,,,
14:33:34:0724,"(619.75, -340.50)",,,,
14:33:34:0911,"(619.75, -340.50)",,,,
14:33:34:1102,"(619.75, -340.50)",,,,
14:33:34:1261,"(619.75, -340.50)",,,,
14:33:34:1408,"(619.75, -340.50)",,,,
14:33:34:1548,"(619.75, -340.50)",,,,
14:33:34:1688,"(619.75, -340.50)",,,,
14:33:34:1838,"(619.75, -340.50)",,,,
14:33:34:1987,"(619.75, -340.50)",,,,
14:33:34:2207,"(619.75, -340.50)",,,,
14:33:34:2355,"(619.75, -340.50)",,,,
14:33:34:2500,"(619.75, -340.50)",,,,
14:33:34:2647,"(619.75, -340.50)",,,,
14:33:34:2793,"(619.75, -340.50)",,,,
14:33:34:2952,"(619.75, -340.50)",,,,
14:33:34:3103,"(619.75, -340.50)",,,,
14:33:34:3245,"(619.75, -340.50)",,,,
14:33:34:3387,"(619.75, -340.50)",,,,
14:33:34:3531,"(619.75, -340.50)",,,,
14:33:34:3681,"(619.75, -340.50)",,,,
14:33:34:3823,"(619.75, -340.50)",,,,
14:33:34:4001,"(619.75, -340.50)",,,,
14:33:34:4170,"(619.75, -340.50)",,,,
14:33:34:4315,"(619.75, -340.50)",,,,
14:33:34:4466,"(619.75, -340.50)",,,,
14:33:34:4609,"(619.75, -340.50)",,,,
14:33:34:4759,"(619.75, -340.50)",,,,
14:33:34:4905,"(619.75, -340.50)",,,,
14:33:34:5072,"(619.75, -340.50)",,,,
14:33:34:5249,"(619.75, -340.50)",,,,
14:33:34:5430,"(619.75, -340.50)",,,,
14:33:34:5586,"(619.75, -340.50)",,,,
14:33:34:5725,"(619.75, -340.50)",,,,
14:33:34:5871,"(619.75, -340.50)",,,,
14:33:34:6004,"(619.75, -340.50)",,,,
14:33:34:6152,"(619.75, -340.50)",,,,
14:33:34:6295,"(619.75, -340.50)",,,,
14:33:34:6464,"(619.75, -340.50)",,,,
14:33:34:6610,"(619.75, -340.50)",,,,
14:33:34:6770,"(619.75, -340.50)",,,,
14:33:34:6912,"(619.75, -340.50)",,,,
14:33:34:7052,"(619.75, -340.50)",,,,
14:33:34:7197,"(619.75, -340.50)",,,,
14:33:34:7340,"(619.75, -340.50)",,,,
14:33:34:7483,"(619.75, -340.50)",,,,
14:33:34:7627,"(619.75, -340.50)",,,,
14:33:34:7767,"(619.75, -340.50)",,,,
14:33:34:7904,"(619.75, -340.50)",,,,
14:33:34:8064,"(619.75, -340.50)",,,,
14:33:34:8222,"(619.75, -340.50)",,,,
14:33:34:8380,"(619.75, -340.50)",,,,
14:33:34:8556,"(619.75, -340.50)",,,,
14:33:34:8728,"(619.75, -340.50)",,,,
14:33:34:8903,"(619.75, -340.50)",,,,
14:33:34:9099,"(619.75, -340.50)",,,,
14:33:34:9346,"(619.75, -340.50)",,,,
14:33:34:9528,"(619.75, -340.50)",,,,
14:33:34:9713,"(619.75, -340.50)",,,,
14:33:34:9939,"(619.75, -340.50)",,,,
14:33:35:0191,"(619.75, -340.50)",,,,
14:33:35:0446,"(619.75, -340.50)",,,,
14:33:35:0735,"(619.75, -340.50)",,,,
14:33:35:1007,"(619.75, -340.50)",,,,
14:33:35:1332,"(619.75, -340.50)",,,,
14:33:35:1640,"(619.75, -340.50)",,,,
14:33:35:1867,"(619.75, -340.50)",,,,
14:33:35:2087,"(619.75, -340.50)",,,,
14:33:35:2281,"(619.75, -340.50)",,,,
14:33:35:2504,"(619.75, -340.50)",,,,
14:33:35:2703,"(619.75, -340.50)",,,,
14:33:35:2896,"(619.75, -340.50)",,,,
14:33:35:3075,"(619.75, -340.50)",,,,
14:33:35:3246,"(619.75, -340.50)",,,,
14:33:35:3418,"(619.75, -340.50)",,,,
14:33:35:3573,"(619.75, -340.50)",,,,
14:33:35:3736,"(619.75, -340.50)",,,,
14:33:35:3926,"(619.75, -340.50)",,,,
14:33:35:4074,"(619.75, -340.50)",,,,
14:33:35:4237,"(619.75, -340.50)",,,,
14:33:35:4391,"(619.75, -340.50)",,,,
14:33:35:4560,"(619.75, -340.50)",,,,
14:33:35:4704,"(619.75, -340.50)",,,,
14:33:35:4861,"(619.75, -340.50)",,,,
14:33:35:5007,"(619.75, -340.50)",,,,
14:33:35:5147,"(619.75, -340.50)",,,,
14:33:35:5306,"(619.75, -340.50)",,,,
14:33:35:5468,"(619.75, -340.50)",,,,
14:33:35:5621,"(619.75, -340.50)",,,,
14:33:35:5790,"(619.75, -340.50)",,,,
14:33:35:5982,"(619.75, -340.50)",,,,
14:33:35:6172,"(619.75, -340.50)",,,,
14:33:35:6376,"(619.75, -340.50)",,,,
14:33:35:6556,"(619.75, -340.50)",,,,
14:33:35:6745,"(619.75, -340.50)",,,,
14:33:35:6951,"(619.75, -340.50)",,,,
14:33:35:7154,"(619.75, -340.50)",,,,
14:33:35:7346,"(619.75, -340.50)",,,,
14:33:35:7532,"(619.75, -340.50)",,,,
14:33:35:7724,"(619.75, -340.50)",,,,
14:33:35:7900,"(619.75, -340.50)",,,,
14:33:35:8128,"(619.75, -340.50)",,,,
14:33:35:8318,"(619.75, -340.50)",,,,
14:33:35:8511,"(619.75, -340.50)",,,,
14:33:35:8700,"(619.75, -340.50)",,,,
14:33:35:9299,"(619.75, -340.50)",,,,
14:33:35:9582,"(619.75, -340.50)",,,,
14:33:35:9872,"(619.75, -340.50)",,,,
14:33:36:0137,"(619.75, -340.50)",,,,
14:33:36:0519,"(619.75, -340.50)",,,,
14:33:36:0932,"(619.75, -340.50)",,,,
14:33:36:1227,"(619.75, -340.50)",,,,
14:33:36:1504,"(619.75, -340.50)",,,,
14:33:36:1727,"(619.75, -340.50)",,,,
14:33:36:1963,"(619.75, -340.50)",,,,
14:33:36:2171,"(619.75, -340.50)",,,,
14:33:36:2400,"(619.75, -340.50)",,,,
14:33:36:2611,"(619.75, -340.50)",,,,
14:33:36:2828,"(619.75, -340.50)",,,,
14:33:36:3047,"(619.75, -340.50)",,,,
14:33:36:3274,"(619.75, -340.50)",,,,
14:33:36:3481,"(619.75, -340.50)",,,,
14:33:36:3692,"(619.75, -340.50)",,,,
14:33:36:3914,"(619.75, -340.50)",,,,
14:33:36:4133,"(619.75, -340.50)",,,,
14:33:36:4364,"(619.75, -340.50)",,,,
14:33:36:4601,"(619.75, -340.50)",,,,
14:33:36:4814,"(619.75, -340.50)",,,,
14:33:36:5039,"(619.75, -340.50)",,,,
14:33:36:5256,"(619.75, -340.50)",,,,
14:33:36:5492,"(619.75, -340.50)",,,,
14:33:36:5709,"(619.75, -340.50)",,,,
14:33:36:5914,"(619.75, -340.50)",,,,
14:33:36:6141,"(619.75, -340.50)",,,,
14:33:36:6346,"(619.75, -340.50)",,,,
14:33:36:6604,"(619.75, -340.50)",,,,
14:33:36:6834,"(619.75, -340.50)",,,,
14:33:36:7067,"(619.75, -340.50)",,,,
14:33:36:7293,"(619.75, -340.50)",,,,
14:33:36:7507,"(619.75, -340.50)",,,,
14:33:36:7746,"(619.75, -340.50)",,,,
14:33:36:7977,"(619.75, -340.50)",,,,
14:33:36:8207,"(619.75, -340.50)",,,,
14:33:36:8446,"(619.75, -340.50)",,,,
14:33:36:8679,"(619.75, -340.50)",,,,
14:33:36:8902,"(619.75, -340.50)",,,,
14:33:36:9144,"(619.75, -340.50)",,,,
14:33:36:9379,"(619.75, -340.50)",,,,
14:33:36:9647,"(619.75, -340.50)",,,,
14:33:36:9880,"(619.75, -340.50)",,,,
14:33:37:0163,"(619.75, -340.50)",,,,
14:33:37:0434,"(619.75, -340.50)",,,,
14:33:37:0813,"(619.75, -340.50)",,,,
14:33:37:1389,"(619.75, -340.50)",,,,
14:33:37:1592,"(619.75, -340.50)",,,,
14:33:37:1810,"(619.75, -340.50)",,,,
14:33:37:2015,"(619.75, -340.50)",,,,
14:33:37:2203,"(619.75, -340.50)",,,,
14:33:37:2430,"(619.75, -340.50)",,,,
14:33:37:2637,"(619.75, -340.50)",,,,
14:33:37:2825,"(619.75, -340.50)",,,,
14:33:37:3012,"(619.75, -340.50)",,,,
14:33:37:3208,"(619.75, -340.50)",,,,
14:33:37:3406,"(619.75, -340.50)",,,,
14:33:37:3624,"(619.75, -340.50)",,,,
14:33:37:3830,"(619.75, -340.50)",,,,
14:33:37:4021,"(619.75, -340.50)",,,,
14:33:37:4214,"(619.75, -340.50)",,,,
14:33:37:4421,"(619.75, -340.50)",,,,
14:33:37:4625,"(619.75, -340.50)",,,,
14:33:37:4823,"(619.75, -340.50)",,,,
14:33:37:5046,"(619.75, -340.50)",,,,
14:33:37:5234,"(619.75, -340.50)",,,,
14:33:37:5449,"(619.75, -340.50)",,,,
14:33:37:5638,"(619.75, -340.50)",,,,
14:33:37:5837,"(619.75, -340.50)",,,,
14:33:37:6035,"(619.75, -340.50)",,,,
14:33:37:6208,"(619.75, -340.50)",,,,
14:33:37:6357,"(619.75, -340.50)",,,,
14:33:37:6511,"(619.75, -340.50)",,,,
14:33:37:6665,"(619.75, -340.50)",,,,
14:33:37:6803,"(619.75, -340.50)",,,,
14:33:37:6980,"(619.75, -340.50)",,,,
14:33:37:7132,"(619.75, -340.50)",,,,
14:33:37:7299,"(619.75, -340.50)",,,,
14:33:37:7471,"(619.75, -340.50)",,,,
14:33:37:7627,"(619.75, -340.50)",,,,
14:33:37:7768,"(619.75, -340.50)",,,,
14:33:37:7927,"(619.75, -340.50)",,,,
14:33:37:8080,"(619.75, -340.50)",,,,
14:33:37:8238,"(619.75, -340.50)",,,,
14:33:37:8405,"(619.75, -340.50)",,,,
14:33:37:8561,"(619.75, -340.50)",,,,
14:33:37:8704,"(619.75, -340.50)",,,,
14:33:37:8862,"(619.75, -340.50)",,,,
14:33:37:9014,"(619.75, -340.50)",,,,
14:33:37:9166,"(619.75, -340.50)",,,,
14:33:37:9317,"(619.75, -340.50)",,,,
14:33:37:9478,"(619.75, -340.50)",,,,
14:33:37:9629,"(619.75, -340.50)",,,,
14:33:37:9805,"(619.75, -340.50)",,,,
14:33:37:9947,"(619.75, -340.50)",,,,
14:33:38:0108,"(619.75, -340.50)",,,,
14:33:38:0261,"(619.75, -340.50)",,,,
14:33:38:0416,"(619.75, -340.50)",,,,
14:33:38:0691,"(619.75, -340.50)",,,,
14:33:38:0949,"(619.75, -340.50)",,,,
14:33:38:1170,"(619.75, -340.50)",,,,
14:33:38:1377,"(619.75, -340.50)",,,,
14:33:38:1531,"(619.75, -340.50)",,,,
14:33:38:1683,"(619.75, -340.50)",,,,
14:33:38:1846,"(619.75, -340.50)",,,,
14:33:38:2019,"(619.75, -340.50)",,,,
14:33:38:2173,"(619.75, -340.50)",,,,
14:33:38:2346,"(619.75, -340.50)",,,,
14:33:38:2518,"(619.75, -340.50)",,,,
14:33:38:2671,"(619.75, -340.50)",,,,
14:33:38:2844,"(619.75, -340.50)",,,,
14:33:38:3021,"(619.75, -340.50)",,,,
14:33:38:3186,"(619.75, -340.50)",,,,
14:33:38:3367,"(619.75, -340.50)",,,,
14:33:38:3524,"(619.75, -340.50)",,,,
14:33:38:3696,"(619.75, -340.50)",,,,
14:33:38:3852,"(619.75, -340.50)",,,,
14:33:38:4001,"(619.75, -340.50)",,,,
14:33:38:4157,"(619.75, -340.50)",,,,
14:33:38:4304,"(619.75, -340.50)",,,,
14:33:38:4456,"(619.75, -340.50)",,,,
14:33:38:4607,"(619.75, -340.50)",,,,
14:33:38:4768,"(619.75, -340.50)",,,,
14:33:38:4929,"(619.75, -340.50)",,,,
14:33:38:5089,"(619.75, -340.50)",,,,
14:33:38:5245,"(619.75, -340.50)",,,,
14:33:38:5422,"(619.75, -340.50)",,,,
14:33:38:5595,"(619.75, -340.50)",,,,
14:33:38:5794,"(619.75, -340.50)",,,,
14:33:38:6008,"(619.75, -340.50)",,,,
14:33:38:6218,"(619.75, -340.50)",,,,
14:33:38:6435,"(619.75, -340.50)",,,,
14:33:38:6645,"(619.75, -340.50)",,,,
14:33:38:6848,"(619.75, -340.50)",,,,
14:33:38:7071,"(619.75, -340.50)",,,,
14:33:38:7289,"(619.75, -340.50)",,,,
14:33:38:7498,"(619.75, -340.50)",,,,
14:33:38:7699,"(619.75, -340.50)",,,,
14:33:38:7881,"(619.75, -340.50)",,,,
14:33:38:8121,"(619.75, -340.50)",,,,
14:33:38:8335,"(619.75, -340.50)",,,,
14:33:38:8529,"(619.75, -340.50)",,,,
14:33:38:8715,"(619.75, -340.50)",,,,
14:33:38:8913,"(619.75, -340.50)",,,,
14:33:38:9106,"(619.75, -340.50)",,,,
14:33:38:9266,"(619.75, -340.50)",,,,
14:33:38:9410,"(619.75, -340.50)",,,,
14:33:38:9569,"(619.75, -340.50)",,,,
14:33:38:9718,"(619.75, -340.50)",,,,
14:33:38:9870,"(619.75, -340.50)",,,,
14:33:39:0028,"(619.75, -340.50)",,,,
14:33:39:0207,"(619.75, -340.50)",,,,
14:33:39:0365,"(619.75, -340.50)",,,,
14:33:39:0569,"(619.75, -340.50)",,,,
14:33:39:0775,"(619.75, -340.50)",,,,
14:33:39:0983,"(619.75, -340.50)",,,,
14:33:39:1185,"(619.75, -340.50)",,,,
14:33:39:1420,"(619.75, -340.50)",,,,
14:33:39:1633,"(619.75, -340.50)",,,,
14:33:39:1808,"(619.75, -340.50)",,,,
14:33:39:1968,"(619.75, -340.50)",,,,
14:33:39:2136,"(619.75, -340.50)",,,,
14:33:39:2292,"(619.75, -340.50)",,,,
14:33:39:2482,"(619.75, -340.50)",,,,
14:33:39:2703,"(619.75, -340.50)",,,,
14:33:39:2904,"(619.75, -340.50)",,,,
14:33:39:3120,"(619.75, -340.50)",,,,
14:33:39:3323,"(619.75, -340.50)",,,,
14:33:39:3531,"(619.75, -340.50)",,,,
14:33:39:3791,"(619.75, -340.50)",,,,
14:33:39:3989,"(619.75, -340.50)",,,,
14:33:39:4185,"(619.75, -340.50)",,,,
14:33:39:4387,"(619.75, -340.50)",,,,
14:33:39:4619,"(619.75, -340.50)",,,,
14:33:39:4817,"(619.75, -340.50)",,,,
14:33:39:5018,"(619.75, -340.50)",,,,
14:33:39:5214,"(619.75, -340.50)",,,,
14:33:39:5454,"(619.75, -340.50)",,,,
14:33:39:5689,"(619.75, -340.50)",,,,
14:33:39:5882,"(619.75, -340.50)",,,,
14:33:39:6085,"(619.75, -340.50)",,,,
14:33:39:6319,"(619.75, -340.50)",,,,
14:33:39:6516,"(619.75, -340.50)",,,,
14:33:39:6718,"(619.75, -340.50)",,,,
14:33:39:6912,"(619.75, -340.50)",,,,
14:33:39:7088,"(619.75, -340.50)",,,,
14:33:39:7260,"(619.75, -340.50)",,,,
14:33:39:7434,"(619.75, -340.50)",,,,
14:33:39:7603,"(619.75, -340.50)",,,,
14:33:39:7769,"(619.75, -340.50)",,,,
14:33:39:7924,"(619.75, -340.50)",,,,
14:33:39:8087,"(619.75, -340.50)",,,,
14:33:39:8262,"(619.75, -340.50)",,,,
14:33:39:8421,"(619.75, -340.50)",,,,
14:33:39:8592,"(619.75, -340.50)",,,,
14:33:39:8768,"(619.75, -340.50)",,,,
14:33:39:8960,"(619.75, -340.50)",,,,
14:33:39:9127,"(619.75, -340.50)",,,,
14:33:39:9294,"(619.75, -340.50)",,,,
14:33:39:9457,"(619.75, -340.50)",,,,
14:33:39:9628,"(619.75, -340.50)",,,,
14:33:39:9795,"(619.75, -340.50)",,,,
14:33:39:9976,"(619.75, -340.50)",,,,
14:33:40:0137,"(619.75, -340.50)",,,,
14:33:40:0299,"(619.75, -340.50)",,,,
14:33:40:0466,"(619.75, -340.50)",,,,
14:33:40:0630,"(619.75, -340.50)",,,,
14:33:40:0878,"(619.75, -340.50)",,,,
14:33:40:1125,"(619.75, -340.50)",,,,
14:33:40:1329,"(619.75, -340.50)",,,,
14:33:40:1544,"(619.75, -340.50)",,,,
14:33:40:1720,"(619.75, -340.50)",,,,
14:33:40:1907,"(619.75, -340.50)",,,,
14:33:40:2070,"(619.75, -340.50)",,,,
14:33:40:2241,"(619.75, -340.50)",,,,
14:33:40:2411,"(619.75, -340.50)",,,,
14:33:40:2581,"(619.75, -340.50)",,,,
14:33:40:2758,"(619.75, -340.50)",,,,
14:33:40:2923,"(619.75, -340.50)",,,,
14:33:40:3072,"(619.75, -340.50)",,,,
14:33:40:3264,"(619.75, -340.50)",,,,
14:33:40:3436,"(619.75, -340.50)",,,,
14:33:40:3608,"(619.75, -340.50)",,,,
14:33:40:3771,"(619.75, -340.50)",,,,
14:33:40:3949,"(619.75, -340.50)",,,,
14:33:40:4114,"(619.75, -340.50)",,,,
14:33:40:4289,"(619.75, -340.50)",,,,
14:33:40:4474,"(619.75, -340.50)",,,,
14:33:40:4676,"(619.75, -340.50)",,,,
14:33:40:4883,"(619.75, -340.50)",,,,
14:33:40:5116,"(619.75, -340.50)",,,,
14:33:40:5372,"(619.75, -340.50)",,,,
14:33:40:5635,"(619.75, -340.50)",,,,
14:33:40:5946,"(619.75, -340.50)",,,,
14:33:40:6394,"(619.75, -340.50)",,,,
14:33:40:6607,"(619.75, -340.50)",,,,
14:33:40:6830,"(619.75, -340.50)",,,,
14:33:40:7083,"(619.75, -340.50)",,,,
14:33:40:7345,"(619.75, -340.50)",,,,
14:33:40:7631,"(619.75, -340.50)",,,,
14:33:40:7896,"(619.75, -340.50)",,,,
14:33:40:8125,"(619.75, -340.50)",,,,
14:33:40:8292,"(619.75, -340.50)",,,,
14:33:40:8464,"(619.75, -340.50)",,,,
14:33:40:8622,"(619.75, -340.50)",,,,
14:33:40:8788,"(619.75, -340.50)",,,,
14:33:40:8965,"(619.75, -340.50)",,,,
14:33:40:9137,"(619.75, -340.50)",,,,
14:33:40:9311,"(619.75, -340.50)",,,,
14:33:40:9485,"(619.75, -340.50)",,,,
14:33:40:9630,"(619.75, -340.50)",,,,
14:33:40:9800,"(619.75, -340.50)",,,,
14:33:40:9968,"(619.75, -340.50)",,,,
14:33:41:0139,"(619.75, -340.50)",,,,
14:33:41:0308,"(619.75, -340.50)",,,,
14:33:41:0476,"(619.75, -340.50)",,,,
14:33:41:0641,"(619.75, -340.50)",,,,
14:33:41:0827,"(619.75, -340.50)",,,,
14:33:41:1048,"(619.75, -340.50)",,,,
14:33:41:1312,"(619.75, -340.50)",,,,
14:33:41:1518,"(619.75, -340.50)",,,,
14:33:41:1702,"(619.75, -340.50)",,,,
14:33:41:1883,"(619.75, -340.50)",,,,
14:33:41:2102,"(619.75, -340.50)",,,,
14:33:41:2289,"(619.75, -340.50)",,,,
14:33:41:2555,"(619.75, -340.50)",,,,
14:33:41:2772,"(619.75, -340.50)",,,,
14:33:41:3002,"(619.75, -340.50)",,,,
14:33:41:3201,"(619.75, -340.50)",,,,
14:33:41:3412,"(619.75, -340.50)",,,,
14:33:41:3649,"(619.75, -340.50)",,,,
14:33:41:3865,"(619.75, -340.50)",,,,
14:33:41:4071,"(619.75, -340.50)",,,,
14:33:41:4292,"(619.75, -340.50)",,,,
14:33:41:4483,"(619.75, -340.50)",,,,
14:33:41:4690,"(619.75, -340.50)",,,,
14:33:41:4924,"(619.75, -340.50)",,,,
14:33:41:5158,"(619.75, -340.50)",,,,
14:33:41:5332,"(619.75, -340.50)",,,,
14:33:41:5492,"(619.75, -340.50)",,,,
14:33:41:5672,"(619.75, -340.50)",,,,
14:33:41:5828,"(619.75, -340.50)",,,,
14:33:41:5996,"(619.75, -340.50)",,,,
14:33:41:6157,"(619.75, -340.50)",,,,
14:33:41:6326,"(619.75, -340.50)",,,,
14:33:41:6483,"(619.75, -340.50)",,,,
14:33:41:6644,"(619.75, -340.50)",,,,
14:33:41:6812,"(619.75, -340.50)",,,,
14:33:41:6967,"(619.75, -340.50)",,,,
14:33:41:7133,"(619.75, -340.50)",,,,
14:33:41:7303,"(619.75, -340.50)",,,,
14:33:41:7475,"(619.75, -340.50)",,,,
14:33:41:7658,"(619.75, -340.50)",,,,
14:33:41:7830,"(619.75, -340.50)",,,,
14:33:41:8000,"(619.75, -340.50)",,,,
14:33:41:8160,"(619.75, -340.50)",,,,
14:33:41:8361,"(619.75, -340.50)",,,,
14:33:41:8588,"(619.75, -340.50)",,,,
14:33:41:8802,"(619.75, -340.50)",,,,
14:33:41:8995,"(619.75, -340.50)",,,,
14:33:41:9197,"(619.75, -340.50)",,,,
14:33:41:9431,"(619.75, -340.50)",,,,
14:33:41:9631,"(619.75, -340.50)",,,,
14:33:41:9839,"(619.75, -340.50)",,,,
14:33:42:0036,"(619.75, -340.50)",,,,
14:33:42:0275,"(619.75, -340.50)",,,,
14:33:42:0463,"(619.75, -340.50)",,,,
14:33:42:0665,"(619.75, -340.50)",,,,
14:33:42:0894,"(619.75, -340.50)",,,,
14:33:42:1210,"(619.75, -340.50)",,,,
14:33:42:1525,"(619.75, -340.50)",,,,
14:33:42:1796,"(619.75, -340.50)",,,,
14:33:42:1994,"(619.75, -340.50)",,,,
14:33:42:2174,"(619.75, -340.50)",,,,
14:33:42:2372,"(619.75, -340.50)",,,,
14:33:42:2586,"(619.75, -340.50)",,,,
14:33:42:2762,"(619.75, -340.50)",,,,
14:33:42:2955,"(619.75, -340.50)",,,,
14:33:42:3170,"(619.75, -340.50)",,,,
14:33:42:3387,"(619.75, -340.50)",,,,
14:33:42:3623,"(619.75, -340.50)",,,,
14:33:42:3823,"(619.75, -340.50)",,,,
14:33:42:4035,"(619.75, -340.50)",,,,
14:33:42:4264,"(619.75, -340.50)",,,,
14:33:42:4488,"(619.75, -340.50)",,,,
14:33:42:4700,"(619.75, -340.50)",,,,
14:33:42:4933,"(619.75, -340.50)",,,,
14:33:42:5149,"(619.75, -340.50)",,,,
14:33:42:5368,"(619.75, -340.50)",,,,
14:33:42:5654,"(619.75, -340.50)",,,,
14:33:42:5905,"(619.75, -340.50)",,,,
14:33:42:6181,"(619.75, -340.50)",,,,
14:33:42:6474,"(619.75, -340.50)",,,,
14:33:42:6728,"(619.75, -340.50)",,,,
14:33:42:7005,"(619.75, -340.50)",,,,
14:33:42:7265,"(619.75, -340.50)",,,,
14:33:42:7515,"(619.75, -340.50)",,,,
14:33:42:7925,"(619.75, -340.50)",,,,
14:33:42:8086,"(619.75, -340.50)",,,,
14:33:42:8261,"(619.75, -340.50)",,,,
14:33:42:8423,"(619.75, -340.50)",,,,
14:33:42:8592,"(619.75, -340.50)",,,,
14:33:42:8756,"(619.75, -340.50)",,,,
14:33:42:8919,"(619.75, -340.50)",,,,
14:33:42:9093,"(619.75, -340.50)",,,,
14:33:42:9280,"(619.75, -340.50)",,,,
14:33:42:9445,"(619.75, -340.50)",,,,
14:33:42:9614,"(619.75, -340.50)",,,,
14:33:42:9778,"(619.75, -340.50)",,,,
14:33:42:9969,"(619.75, -340.50)",,,,
14:33:43:0139,"(619.75, -340.50)",,,,
14:33:43:0322,"(619.75, -340.50)",,,,
14:33:43:0492,"(619.75, -340.50)",,,,
14:33:43:0675,"(619.75, -340.50)",,,,
14:33:43:0837,"(619.75, -340.50)",,,,
14:33:43:1055,"(619.75, -340.50)",,,,
14:33:43:1305,"(619.75, -340.50)",,,,
14:33:43:1591,"(619.75, -340.50)",,,,
14:33:43:1769,"(619.75, -340.50)",,,,
14:33:43:1945,"(619.75, -340.50)",,,,
14:33:43:2108,"(619.75, -340.50)",,,,
14:33:43:2286,"(619.75, -340.50)",,,,
14:33:43:2468,"(619.75, -340.50)",,,,
14:33:43:2648,"(619.75, -340.50)",,,,
14:33:43:2833,"(619.75, -340.50)",,,,
14:33:43:2994,"(619.75, -340.50)",,,,
14:33:43:3191,"(619.75, -340.50)",,,,
14:33:43:3405,"(619.75, -340.50)",,,,
14:33:43:3631,"(619.75, -340.50)",,,,
14:33:43:3856,"(619.75, -340.50)",,,,
14:33:43:4074,"(619.75, -340.50)",,,,
14:33:43:4312,"(619.75, -340.50)",,,,
14:33:43:4535,"(619.75, -340.50)",,,,
14:33:43:4764,"(619.75, -340.50)",,,,
14:33:43:4966,"(619.75, -340.50)",,,,
14:33:43:5182,"(619.75, -340.50)",,,,
14:33:43:5422,"(619.75, -340.50)",,,,
14:33:43:5631,"(619.75, -340.50)",,,,
14:33:43:5830,"(619.75, -340.50)",,,,
14:33:43:6027,"(619.75, -340.50)",,,,
14:33:43:6215,"(619.75, -340.50)",,,,
14:33:43:6394,"(619.75, -340.50)",,,,
14:33:43:6557,"(619.75, -340.50)",,,,
14:33:43:6716,"(619.75, -340.50)",,,,
14:33:43:6880,"(619.75, -340.50)",,,,
14:33:43:7061,"(619.75, -340.50)",,,,
14:33:43:7235,"(619.75, -340.50)",,,,
14:33:43:7422,"(619.75, -340.50)",,,,
14:33:43:7596,"(619.75, -340.50)",,,,
14:33:43:7762,"(619.75, -340.50)",,,,
14:33:43:7935,"(619.75, -340.50)",,,,
14:33:43:8097,"(619.75, -340.50)",,,,
14:33:43:8258,"(619.75, -340.50)",,,,
14:33:43:8418,"(619.75, -340.50)",,,,
14:33:43:8590,"(619.75, -340.50)",,,,
14:33:43:8763,"(619.75, -340.50)",,,,
14:33:43:8928,"(619.75, -340.50)",,,,
14:33:43:9094,"(619.75, -340.50)",,,,
14:33:43:9274,"(619.75, -340.50)",,,,
14:33:43:9438,"(619.75, -340.50)",,,,
14:33:43:9603,"(619.75, -340.50)",,,,
14:33:43:9777,"(619.75, -340.50)",,,,
14:33:43:9944,"(619.75, -340.50)",,,,
14:33:44:0117,"(619.75, -340.50)",,,,
14:33:44:0298,"(619.75, -340.50)",,,,
14:33:44:0477,"(619.75, -340.50)",,,,
14:33:44:0660,"(619.75, -340.50)",,,,
14:33:44:0831,"(619.75, -340.50)",,,,
14:33:44:1050,"(619.75, -340.50)",,,,
14:33:44:1308,"(619.75, -340.50)",,,,
14:33:44:1530,"(619.75, -340.50)",,,,
14:33:44:1716,"(619.75, -340.50)",,,,
14:33:44:1880,"(619.75, -340.50)",,,,
14:33:44:2063,"(619.75, -340.50)",,,,
14:33:44:2234,"(619.75, -340.50)",,,,
14:33:44:2403,"(619.75, -340.50)",,,,
14:33:44:2587,"(619.75, -340.50)",,,,
14:33:44:2759,"(619.75, -340.50)",,,,
14:33:44:2919,"(619.75, -340.50)",,,,
14:33:44:3093,"(619.75, -340.50)",,,,
14:33:44:3266,"(619.75, -340.50)",,,,
14:33:44:3434,"(619.75, -340.50)",,,,
14:33:44:3610,"(619.75, -340.50)",,,,
14:33:44:3781,"(619.75, -340.50)",,,,
14:33:44:3945,"(619.75, -340.50)",,,,
14:33:44:4123,"(619.75, -340.50)",,,,
14:33:44:4296,"(619.75, -340.50)",,,,
14:33:44:4467,"(619.75, -340.50)",,,,
14:33:44:4646,"(619.75, -340.50)",,,,
14:33:44:4833,"(619.75, -340.50)",,,,
14:33:44:5017,"(619.75, -340.50)",,,,
14:33:44:5187,"(619.75, -340.50)",,,,
14:33:44:5348,"(619.75, -340.50)",,,,
14:33:44:5525,"(619.75, -340.50)",,,,
14:33:44:5695,"(619.75, -340.50)",,,,
14:33:44:5866,"(619.75, -340.50)",,,,
14:33:44:6044,"(619.75, -340.50)",,,,
14:33:44:6214,"(619.75, -340.50)",,,,
14:33:44:6392,"(619.75, -340.50)",,,,
14:33:44:6559,"(619.75, -340.50)",,,,
14:33:44:6734,"(619.75, -340.50)",,,,
14:33:44:6916,"(619.75, -340.50)",,,,
14:33:44:7131,"(619.75, -340.50)",,,,
14:33:44:7306,"(619.75, -340.50)",,,,
14:33:44:7484,"(619.75, -340.50)",,,,
14:33:44:7662,"(619.75, -340.50)",,,,
14:33:44:7837,"(619.75, -340.50)",,,,
14:33:44:8003,"(619.75, -340.50)",,,,
14:33:44:8201,"(619.75, -340.50)",,,,
14:33:44:8426,"(619.75, -340.50)",,,,
14:33:44:8592,"(619.75, -340.50)",,,,
14:33:44:8771,"(619.75, -340.50)",,,,
14:33:44:8934,"(619.75, -340.50)",,,,
14:33:44:9117,"(619.75, -340.50)",,,,
14:33:44:9289,"(619.75, -340.50)",,,,
14:33:44:9457,"(619.75, -340.50)",,,,
14:33:44:9631,"(619.75, -340.50)",,,,
14:33:44:9826,"(619.75, -340.50)",,,,
14:33:45:0011,"(619.75, -340.50)",,,,
14:33:45:0204,"(619.75, -340.50)",,,,
14:33:45:0379,"(619.75, -340.50)",,,,
14:33:45:0548,"(619.75, -340.50)",,,,
14:33:45:0717,"(619.75, -340.50)",,,,
14:33:45:0893,"(619.75, -340.50)",,,,
14:33:45:1077,"(619.75, -340.50)",,,,
14:33:45:1305,"(619.75, -340.50)",,,,
14:33:45:1525,"(619.75, -340.50)",,,,
14:33:45:1742,"(619.75, -340.50)",,,,
14:33:45:1906,"(619.75, -340.50)",,,,
14:33:45:2091,"(619.75, -340.50)",,,,
14:33:45:2273,"(619.75, -340.50)",,,,
14:33:45:2446,"(619.75, -340.50)",,,,
14:33:45:2627,"(619.75, -340.50)",,,,
14:33:45:2812,"(619.75, -340.50)",,,,
14:33:45:2987,"(619.75, -340.50)",,,,
14:33:45:3161,"(619.75, -340.50)",,,,
14:33:45:3330,"(619.75, -340.50)",,,,
14:33:45:3510,"(619.75, -340.50)",,,,
14:33:45:3668,"(619.75, -340.50)",,,,
14:33:45:3843,"(619.75, -340.50)",,,,
14:33:45:4022,"(619.75, -340.50)",,,,
14:33:45:4215,"(619.75, -340.50)",,,,
14:33:45:4443,"(619.75, -340.50)",,,,
14:33:45:4657,"(619.75, -340.50)",,,,
14:33:45:4908,"(619.75, -340.50)",,,,
14:33:45:5137,"(619.75, -340.50)",,,,
14:33:45:5353,"(619.75, -340.50)",,,,
14:33:45:5585,"(619.75, -340.50)",,,,
14:33:45:5822,"(619.75, -340.50)",,,,
14:33:45:6034,"(619.75, -340.50)",,,,
14:33:45:6274,"(619.75, -340.50)",,,,
14:33:45:6505,"(619.75, -340.50)",,,,
14:33:45:6765,"(619.75, -340.50)",,,,
14:33:45:6964,"(619.75, -340.50)",,,,
14:33:45:7185,"(619.75, -340.50)",,,,
14:33:45:7438,"(619.75, -340.50)",,,,
14:33:45:7647,"(619.75, -340.50)",,,,
14:33:45:7880,"(619.75, -340.50)",,,,
14:33:45:8134,"(619.75, -340.50)",,,,
14:33:45:8375,"(619.75, -340.50)",,,,
14:33:45:8605,"(619.75, -340.50)",,,,
14:33:45:8802,"(619.75, -340.50)",,,,
14:33:45:8984,"(619.75, -340.50)",,,,
14:33:45:9188,"(619.75, -340.50)",,,,
14:33:45:9378,"(619.75, -340.50)",,,,
14:33:45:9571,"(619.75, -340.50)",,,,
14:33:45:9771,"(619.75, -340.50)",,,,
14:33:45:9972,"(619.75, -340.50)",,,,
14:33:46:0178,"(619.75, -340.50)",,,,
14:33:46:0400,"(619.75, -340.50)",,,,
14:33:46:0614,"(619.75, -340.50)",,,,
14:33:46:0802,"(619.75, -340.50)",,,,
14:33:46:1018,"(619.75, -340.50)",,,,
14:33:46:1208,"(619.75, -340.50)",,,,
14:33:46:1508,"(619.75, -340.50)",,,,
14:33:46:1776,"(619.75, -340.50)",,,,
14:33:46:1987,"(619.75, -340.50)",,,,
14:33:46:2154,"(619.75, -340.50)",,,,
14:33:46:2334,"(619.75, -340.50)",,,,
14:33:46:2502,"(619.75, -340.50)",,,,
14:33:46:2690,"(619.75, -340.50)",,,,
14:33:46:2893,"(619.75, -340.50)",,,,
14:33:46:3076,"(619.75, -340.50)",,,,
14:33:46:3291,"(619.75, -340.50)",,,,
14:33:46:3511,"(619.75, -340.50)",,,,
14:33:46:3696,"(619.75, -340.50)",,,,
14:33:46:3885,"(619.75, -340.50)",,,,
14:33:46:4080,"(619.75, -340.50)",,,,
14:33:46:4274,"(619.75, -340.50)",,,,
14:33:46:4459,"(619.75, -340.50)",,,,
14:33:46:4625,"(619.75, -340.50)",,,,
14:33:46:4804,"(619.75, -340.50)",,,,
14:33:46:4979,"(619.75, -340.50)",,,,
14:33:46:5145,"(619.75, -340.50)",,,,
14:33:46:5335,"(619.75, -340.50)",,,,
14:33:46:5508,"(619.75, -340.50)",,,,
14:33:46:5691,"(619.75, -340.50)",,,,
14:33:46:5870,"(619.75, -340.50)",,,,
14:33:46:6066,"(619.75, -340.50)",,,,
14:33:46:6242,"(619.75, -340.50)",,,,
14:33:46:6418,"(619.75, -340.50)",,,,
14:33:46:6591,"(619.75, -340.50)",,,,
14:33:46:6766,"(619.75, -340.50)",,,,
14:33:46:6935,"(619.75, -340.50)",,,,
14:33:46:7112,"(619.75, -340.50)",,,,
14:33:46:7285,"(619.75, -340.50)",,,,
14:33:46:7468,"(619.75, -340.50)",,,,
14:33:46:7637,"(619.75, -340.50)",,,,
14:33:46:7810,"(619.75, -340.50)",,,,
14:33:46:7991,"(619.75, -340.50)",,,,
14:33:46:8181,"(619.75, -340.50)",,,,
14:33:46:8399,"(619.75, -340.50)",,,,
14:33:46:8573,"(619.75, -340.50)",,,,
14:33:46:8747,"(619.75, -340.50)",,,,
14:33:46:8915,"(619.75, -340.50)",,,,
14:33:46:9087,"(619.75, -340.50)",,,,
14:33:46:9309,"(619.75, -340.50)",,,,
14:33:46:9509,"(619.75, -340.50)",,,,
14:33:46:9682,"(619.75, -340.50)",,,,
14:33:46:9854,"(619.75, -340.50)",,,,
14:33:47:0102,"(619.75, -340.50)",,,,
14:33:47:0286,"(619.75, -340.50)",,,,
14:33:47:0495,"(619.75, -340.50)",,,,
14:33:47:0710,"(619.75, -340.50)",,,,
14:33:47:0898,"(619.75, -340.50)",,,,
14:33:47:1146,"(619.75, -340.50)",,,,
14:33:47:1395,"(619.75, -340.50)",,,,
14:33:47:1691,"(619.75, -340.50)",,,,
14:33:47:2014,"(619.75, -340.50)",,,,
14:33:47:2254,"(619.75, -340.50)",,,,
14:33:47:2503,"(619.75, -340.50)",,,,
14:33:47:2721,"(619.75, -340.50)",,,,
14:33:47:2956,"(619.75, -340.50)",,,,
14:33:47:3191,"(619.75, -340.50)",,,,
14:33:47:3403,"(619.75, -340.50)",,,,
14:33:47:3591,"(619.75, -340.50)",,,,
14:33:47:3776,"(619.75, -340.50)",,,,
14:33:47:3977,"(619.75, -340.50)",,,,
14:33:47:4169,"(619.75, -340.50)",,,,
14:33:47:4380,"(619.75, -340.50)",,,,
14:33:47:4565,"(619.75, -340.50)",,,,
14:33:47:4753,"(619.75, -340.50)",,,,
14:33:47:4944,"(619.75, -340.50)",,,,
14:33:47:5131,"(619.75, -340.50)",,,,
14:33:47:5337,"(619.75, -340.50)",,,,
14:33:47:5596,"(619.75, -340.50)",,,,
14:33:47:5820,"(619.75, -340.50)",,,,
14:33:47:6077,"(619.75, -340.50)",,,,
14:33:47:6303,"(619.75, -340.50)",,,,
14:33:47:6632,"(619.75, -340.50)",,,,
14:33:47:6944,"(619.75, -340.50)",,,,
14:33:47:7238,"(619.75, -340.50)",,,,
14:33:47:7681,"(619.75, -340.50)",,,,
14:33:47:7877,"(619.75, -340.50)",,,,
14:33:47:8069,"(619.75, -340.50)",,,,
14:33:47:8272,"(619.75, -340.50)",,,,
14:33:47:8452,"(619.75, -340.50)",,,,
14:33:47:8630,"(619.75, -340.50)",,,,
14:33:47:8801,"(619.75, -340.50)",,,,
14:33:47:8974,"(619.75, -340.50)",,,,
14:33:47:9157,"(619.75, -340.50)",,,,
14:33:47:9328,"(619.75, -340.50)",,,,
14:33:47:9513,"(619.75, -340.50)",,,,
14:33:47:9688,"(619.75, -340.50)",,,,
14:33:47:9875,"(619.75, -340.50)",,,,
14:33:48:0054,"(619.75, -340.50)",,,,
14:33:48:0221,"(619.75, -340.50)",,,,
14:33:48:0400,"(619.75, -340.50)",,,,
14:33:48:0571,"(619.75, -340.50)",,,,
14:33:48:0754,"(619.75, -340.50)",,,,
14:33:48:0929,"(619.75, -340.50)",,,,
14:33:48:1120,"(619.75, -340.50)",,,,
14:33:48:1304,"(619.75, -340.50)",,,,
14:33:48:1572,"(619.75, -340.50)",,,,
14:33:48:1809,"(619.75, -340.50)",,,,
14:33:48:2004,"(619.75, -340.50)",,,,
14:33:48:2190,"(619.75, -340.50)",,,,
14:33:48:2373,"(619.75, -340.50)",,,,
14:33:48:2568,"(619.75, -340.50)",,,,
14:33:48:2752,"(619.75, -340.50)",,,,
14:33:48:2945,"(619.75, -340.50)",,,,
14:33:48:3133,"(619.75, -340.50)",,,,
14:33:48:3311,"(619.75, -340.50)",,,,
14:33:48:3510,"(619.75, -340.50)",,,,
14:33:48:3704,"(619.75, -340.50)",,,,
14:33:48:3897,"(619.75, -340.50)",,,,
14:33:48:4072,"(619.75, -340.50)",,,,
14:33:48:4278,"(619.75, -340.50)",,,,
14:33:48:4457,"(619.75, -340.50)",,,,
14:33:48:4656,"(619.75, -340.50)",,,,
14:33:48:4843,"(619.75, -340.50)",,,,
14:33:48:5033,"(619.75, -340.50)",,,,
14:33:48:5209,"(619.75, -340.50)",,,,
14:33:48:5391,"(619.75, -340.50)",,,,
14:33:48:5573,"(619.75, -340.50)",,,,
14:33:48:5755,"(619.75, -340.50)",,,,
14:33:48:5956,"(619.75, -340.50)",,,,
14:33:48:6127,"(619.75, -340.50)",,,,
14:33:48:6313,"(619.75, -340.50)",,,,
14:33:48:6505,"(619.75, -340.50)",,,,
14:33:48:6684,"(619.75, -340.50)",,,,
14:33:48:6858,"(619.75, -340.50)",,,,
14:33:48:7033,"(619.75, -340.50)",,,,
14:33:48:7215,"(619.75, -340.50)",,,,
14:33:48:7424,"(619.75, -340.50)",,,,
14:33:48:7608,"(619.75, -340.50)",,,,
14:33:48:7804,"(619.75, -340.50)",,,,
14:33:48:7977,"(619.75, -340.50)",,,,
14:33:48:8158,"(619.75, -340.50)",,,,
14:33:48:8340,"(619.75, -340.50)",,,,
14:33:48:8637,"(619.75, -340.50)",,,,
14:33:48:8824,"(619.75, -340.50)",,,,
14:33:48:9022,"(619.75, -340.50)",,,,
14:33:48:9213,"(619.75, -340.50)",,,,
14:33:48:9409,"(619.75, -340.50)",,,,
14:33:48:9586,"(619.75, -340.50)",,,,
14:33:48:9762,"(619.75, -340.50)",,,,
14:33:48:9933,"(619.75, -340.50)",,,,
14:33:49:0160,"(619.75, -340.50)",,,,
14:33:49:0350,"(619.75, -340.50)",,,,
14:33:49:0534,"(619.75, -340.50)",,,,
14:33:49:0744,"(619.75, -340.50)",,,,
14:33:49:0913,"(619.75, -340.50)",,,,
14:33:49:1094,"(619.75, -340.50)",,,,
14:33:49:1270,"(619.75, -340.50)",,,,
14:33:49:1543,"(619.75, -340.50)",,,,
14:33:49:1779,"(619.75, -340.50)",,,,
14:33:49:1990,"(619.75, -340.50)",,,,
14:33:49:2174,"(619.75, -340.50)",,,,
14:33:49:2369,"(619.75, -340.50)",,,,
14:33:49:2561,"(619.75, -340.50)",,,,
14:33:49:2758,"(619.75, -340.50)",,,,
14:33:49:2946,"(619.75, -340.50)",,,,
14:33:49:3136,"(619.75, -340.50)",,,,
14:33:49:3330,"(619.75, -340.50)",,,,
14:33:49:3515,"(619.75, -340.50)",,,,
14:33:49:3723,"(619.75, -340.50)",,,,
14:33:49:3927,"(619.75, -340.50)",,,,
14:33:49:4111,"(619.75, -340.50)",,,,
14:33:49:4312,"(619.75, -340.50)",,,,
14:33:49:4507,"(619.75, -340.50)",,,,
14:33:49:4689,"(619.75, -340.50)",,,,
14:33:49:4889,"(619.75, -340.50)",,,,
14:33:49:5082,"(619.75, -340.50)",,,,
14:33:49:5277,"(619.75, -340.50)",,,,
14:33:49:5464,"(619.75, -340.50)",,,,
14:33:49:5657,"(619.75, -340.50)",,,,
14:33:49:5847,"(619.75, -340.50)",,,,
14:33:49:6044,"(619.75, -340.50)",,,,
14:33:49:6246,"(619.75, -340.50)",,,,
14:33:49:6439,"(619.75, -340.50)",,,,
14:33:49:6648,"(619.75, -340.50)",,,,
14:33:49:6844,"(619.75, -340.50)",,,,
14:33:49:7032,"(619.75, -340.50)",,,,
14:33:49:7215,"(619.75, -340.50)",,,,
14:33:49:7411,"(619.75, -340.50)",,,,
14:33:49:7601,"(619.75, -340.50)",,,,
14:33:49:7791,"(619.75, -340.50)",,,,
14:33:49:7966,"(619.75, -340.50)",,,,
14:33:49:8164,"(619.75, -340.50)",,,,
14:33:49:8353,"(619.75, -340.50)",,,,
14:33:49:8575,"(619.75, -340.50)",,,,
14:33:49:8770,"(619.75, -340.50)",,,,
14:33:49:8984,"(619.75, -340.50)",,,,
14:33:49:9181,"(619.75, -340.50)",,,,
14:33:49:9372,"(619.75, -340.50)",,,,
14:33:49:9566,"(619.75, -340.50)",,,,
14:33:49:9749,"(619.75, -340.50)",,,,
14:33:49:9938,"(619.75, -340.50)",,,,
14:33:50:0134,"(619.75, -340.50)",,,,
14:33:50:0309,"(619.75, -340.50)",,,,
14:33:50:0493,"(619.75, -340.50)",,,,
14:33:50:0684,"(619.75, -340.50)",,,,
14:33:50:0930,"(619.75, -340.50)",,,,
14:33:50:1173,"(619.75, -340.50)",,,,
14:33:50:1420,"(619.75, -340.50)",,,,
14:33:50:1670,"(619.75, -340.50)",,,,
14:33:50:3153,"(949.75, -404.50)",,,,
14:33:50:3743,"(949.75, -404.50)",,,,
14:33:50:3948,"(949.75, -404.50)",,,,
14:33:50:4173,"(949.75, -404.50)",,,,
14:33:50:4374,"(949.75, -404.50)",,,,
14:33:50:4584,"(949.75, -404.50)",,,,
14:33:50:4787,"(949.75, -404.50)",,,,
14:33:50:5025,"(949.75, -404.50)",,,,
14:33:50:5231,"(949.75, -404.50)",,,,
14:33:50:5457,"(922.75, -317.50)",,,,
14:33:50:5748,"(905.75, -260.50)",,,,
14:33:50:6106,"(867.75, -165.50)",,,,
14:33:50:6589,"(852.75, -127.50)",,,,
14:33:50:6796,"(850.75, -65.50)",,,,
14:33:50:7073,"(862.75, -35.50)",,,,
14:33:50:7393,"(884.75, 9.50)",,,,
14:33:50:7684,"(892.75, 29.50)",,,,
14:33:50:7931,"(897.75, 44.50)",,,,
14:33:50:8144,"(904.75, 62.50)",,,,
14:33:50:8376,"(904.75, 62.50)",,,,
14:33:50:8557,"(904.75, 62.50)",,,,
14:33:50:8744,"(904.75, 62.50)",,,,
14:33:50:8935,"(904.75, 62.50)",,,,
14:33:50:9126,"(904.75, 62.50)",,,,
14:33:50:9328,"(902.75, 64.50)",,,,
14:33:50:9520,"(902.75, 64.50)",,,,
14:33:50:9710,"(902.75, 64.50)",,,,
14:33:50:9905,"(902.75, 64.50)",,,,
14:33:51:0113,"(902.75, 64.50)",,,,
14:33:51:0384,"(902.75, 64.50)",,,,
14:33:51:0621,"(902.75, 64.50)",,,,
14:33:51:0845,"(902.75, 64.50)",,,,
14:33:51:1152,"(900.75, 50.50)",,,,
14:33:51:1396,"(892.75, 30.50)",,,,
14:33:51:1634,"(890.75, 22.50)",,,,
14:33:51:1980,"(890.75, 20.50)",,,,
14:33:51:2263,"(890.75, 17.50)",,,,
14:33:51:2597,"(890.75, 17.50)",,,,
14:33:51:2815,"(890.75, 17.50)",,,,
14:33:51:3009,"(890.75, 17.50)",,,,
14:33:51:3236,"(890.75, 17.50)",,,,
14:33:51:3482,"(890.75, 17.50)",,,,
14:33:51:3758,"(887.75, 15.50)",,,,
14:33:51:3985,"(885.75, 19.50)",,,,
14:33:51:4192,"(882.75, 24.50)",,,,
14:33:51:4385,"(882.75, 24.50)",,,,
14:33:51:4583,"(882.75, 27.50)",,,,
14:33:51:4790,"(882.75, 29.50)",,,,
14:33:51:4985,"(882.75, 29.50)",,,,
14:33:51:5175,"(882.75, 29.50)",,,,
14:33:51:5373,"(882.75, 29.50)",,,,
14:33:51:5564,"(882.75, 29.50)",,,,
14:33:51:5764,"(882.75, 29.50)",,,,
14:33:51:5944,"(882.75, 29.50)",,,,
14:33:51:6127,"(882.75, 29.50)",,,,
14:33:51:6311,"(882.75, 29.50)",,,,
14:33:51:6520,"(880.75, 32.50)",,,,
14:33:51:6714,"(880.75, 32.50)",,,,
14:33:51:6907,"(880.75, 32.50)",,,,
14:33:51:7099,"(880.75, 32.50)",,,,
14:33:51:7283,"(880.75, 32.50)",,,,
14:33:51:7476,"(880.75, 32.50)",,,,
14:33:51:7656,"(880.75, 32.50)",,,,
14:33:51:7891,"(880.75, 32.50)",,,,
14:33:51:8123,"(880.75, 32.50)",,,,
14:33:51:8311,"(880.75, 32.50)",,,,
14:33:51:8509,"(880.75, 32.50)",,,,
14:33:51:8728,"(880.75, 32.50)",,W-46_S-1,success,nextMission
14:33:51:8951,"(880.75, 32.50)",,,,
14:33:51:9146,"(880.75, 32.50)",,,,
14:33:51:9361,"(880.75, 32.50)",,,,
14:33:51:9544,"(880.75, 32.50)",,,,
14:33:51:9730,"(880.75, 32.50)",,,,
14:33:51:9915,"(880.75, 32.50)",,,,
14:33:52:0129,"(880.75, 32.50)",,,,
14:33:52:0315,"(880.75, 32.50)",,,,
14:33:52:0506,"(880.75, 32.50)",,,,
14:33:52:0692,"(880.75, 32.50)",,,,
14:33:52:0879,"(880.75, 32.50)",,,,
14:33:52:1081,"(880.75, 32.50)",,,,
14:33:52:1283,"(880.75, 32.50)",,,,
14:33:52:1468,"(880.75, 32.50)",,,,
14:33:52:1666,"(880.75, 32.50)",,,,
14:33:52:1955,"(880.75, 32.50)",,,,
14:33:52:2186,"(880.75, 32.50)",,,,
14:33:52:2451,"(880.75, 32.50)",,,,
14:33:52:2644,"(880.75, 32.50)",,,,
14:33:52:2820,"(880.75, 32.50)",,,,
14:33:52:3013,"(880.75, 32.50)",,,,
14:33:52:3197,"(880.75, 32.50)",,,,
14:33:52:3423,"(880.75, 32.50)",,,,
14:33:52:3645,"(880.75, 32.50)",,,,
14:33:52:3847,"(880.75, 32.50)",,,,
14:33:52:4067,"(882.75, 32.50)",,,,
14:33:52:4296,"(882.75, 25.50)",,,,
14:33:52:4507,"(882.75, 22.50)",,,,
14:33:52:4749,"(882.75, 15.50)",,,,
14:33:52:5031,"(882.75, 5.50)",,,,
14:33:52:5278,"(882.75, 2.50)",,,,
14:33:52:5515,"(882.75, 2.50)",,,,
14:33:52:5745,"(882.75, 2.50)",,,,
14:33:52:6052,"(875.75, 2.50)",,,,
14:33:52:6344,"(875.75, 2.50)",,,,
14:33:52:6860,"(867.75, 22.50)",,,,
14:33:52:7076,"(867.75, 64.50)",,,,
14:33:52:7290,"(867.75, 79.50)",,,,
14:33:52:7519,"(867.75, 102.50)",,,,
14:33:52:7746,"(867.75, 119.50)",,,,
14:33:52:7988,"(869.75, 139.50)",,,,
14:33:52:8208,"(874.75, 157.50)",,,,
14:33:52:8435,"(874.75, 167.50)",,,,
14:33:52:8633,"(874.75, 167.50)",,,,
14:33:52:8816,"(874.75, 167.50)",,,,
14:33:52:9007,"(874.75, 167.50)",,,,
14:33:52:9205,"(874.75, 167.50)",,,,
14:33:52:9428,"(874.75, 167.50)",,,,
14:33:52:9645,"(874.75, 167.50)",,,,
14:33:52:9824,"(874.75, 167.50)",,,,
14:33:53:0045,"(874.75, 167.50)",,,,
14:33:53:0234,"(874.75, 167.50)",,,,
14:33:53:0421,"(874.75, 167.50)",,,,
14:33:53:0625,"(874.75, 167.50)",,,,
14:33:53:0822,"(874.75, 167.50)",,,,
14:33:53:1011,"(874.75, 167.50)",,,,
14:33:53:1207,"(874.75, 167.50)",,,,
14:33:53:1403,"(874.75, 167.50)",,,,
14:33:53:1609,"(865.75, 172.50)",,,,
14:33:53:1789,"(865.75, 172.50)",,,,
14:33:53:2090,"(865.75, 172.50)",,,,
14:33:53:2359,"(869.75, 162.50)",,,,
14:33:53:2658,"(897.75, 85.50)",,,,
14:33:53:2982,"(907.75, -32.50)",,,,
14:33:53:3244,"(912.75, -139.50)",,,,
14:33:53:3526,"(910.75, -204.50)",,,,
14:33:53:3739,"(897.75, -247.50)",,,,
14:33:53:3946,"(880.75, -297.50)",,,,
14:33:53:4153,"(860.75, -334.50)",,,,
14:33:53:4423,"(860.75, -334.50)",,,,
14:33:53:4622,"(860.75, -334.50)",,,,
14:33:53:4848,"(860.75, -334.50)",,,,
14:33:53:5068,"(860.75, -334.50)",,,,
14:33:53:5249,"(860.75, -334.50)",,,,
14:33:53:5444,"(860.75, -334.50)",,,,
14:33:53:5630,"(860.75, -334.50)",,,,
14:33:53:5830,"(860.75, -334.50)",,,,
14:33:53:6026,"(860.75, -334.50)",,,,
14:33:53:6207,"(860.75, -334.50)",,,,
14:33:53:6403,"(860.75, -334.50)",,,,
14:33:53:6600,"(860.75, -334.50)",,,,
14:33:53:6796,"(860.75, -334.50)",,,,
14:33:53:6976,"(860.75, -334.50)",,,,
14:33:53:7263,"(860.75, -334.50)",,,,
14:33:53:7491,"(860.75, -334.50)",,,,
14:33:53:7693,"(860.75, -334.50)",,,,
14:33:53:7916,"(860.75, -334.50)",,,,
14:33:53:8107,"(860.75, -334.50)",,,,
14:33:53:8331,"(860.75, -334.50)",,,,
14:33:53:8646,"(860.75, -334.50)",,,,
14:33:53:8875,"(860.75, -334.50)",,,,
14:33:53:9095,"(860.75, -334.50)",,,,
14:33:53:9331,"(860.75, -334.50)",,,,
14:33:53:9602,"(860.75, -334.50)",,,,
14:33:53:9810,"(860.75, -334.50)",,,,
14:33:54:0066,"(860.75, -334.50)",,,,
14:33:54:0279,"(860.75, -334.50)",,,,
14:33:54:0481,"(860.75, -334.50)",,,,
14:33:54:0714,"(860.75, -334.50)",,,,
14:33:54:0948,"(860.75, -334.50)",,,,
14:33:54:1161,"(860.75, -334.50)",,,,
14:33:54:1371,"(860.75, -334.50)",,,,
14:33:54:1695,"(860.75, -334.50)",,,,
14:33:54:1915,"(860.75, -334.50)",,,,
14:33:54:2213,"(860.75, -334.50)",,,,
14:33:54:2585,"(860.75, -334.50)",,,,
14:33:54:2930,"(860.75, -334.50)",,,,
14:33:54:3328,"(860.75, -334.50)",,,,
14:33:54:3852,"(860.75, -334.50)",,,,
14:33:54:4201,"(860.75, -334.50)",,,,
14:33:54:4491,"(860.75, -334.50)",,,,
14:33:54:4903,"(860.75, -334.50)",,,,
14:33:54:5161,"(860.75, -334.50)",,,,
14:33:54:5406,"(860.75, -334.50)",,,,
14:33:54:5647,"(860.75, -334.50)",,,,
14:33:54:5955,"(860.75, -334.50)",,,,
14:33:54:6249,"(860.75, -334.50)",,,,
14:33:54:6531,"(860.75, -334.50)",,,,
14:33:54:6886,"(860.75, -334.50)",,,,
14:33:54:7199,"(860.75, -334.50)",,,,
14:33:54:7467,"(860.75, -334.50)",,,,
14:33:54:7726,"(860.75, -334.50)",,,,
14:33:54:8060,"(860.75, -334.50)",,,,
14:33:54:8371,"(860.75, -334.50)",,,,
14:33:54:8667,"(860.75, -334.50)",,,,
14:33:54:8954,"(860.75, -334.50)",,,,
14:33:54:9170,"(860.75, -334.50)",,,,
14:33:54:9397,"(860.75, -334.50)",,,,
14:33:54:9608,"(860.75, -334.50)",,,,
14:33:54:9825,"(860.75, -334.50)",,,,
14:33:55:0054,"(860.75, -334.50)",,,,
14:33:55:0258,"(860.75, -334.50)",,,,
14:33:55:0507,"(860.75, -334.50)",,,,
14:33:55:0740,"(860.75, -334.50)",,,,
14:33:55:0936,"(860.75, -334.50)",,,,
14:33:55:1128,"(860.75, -334.50)",,,,
14:33:55:1325,"(860.75, -334.50)",,,,
14:33:55:1506,"(860.75, -334.50)",,,,
14:33:55:1717,"(860.75, -334.50)",,,,
14:33:55:1920,"(860.75, -334.50)",,,,
14:33:55:2125,"(860.75, -334.50)",,,,
14:33:55:2423,"(860.75, -334.50)",,,,
14:33:55:2711,"(860.75, -334.50)",,,,
14:33:55:3011,"(860.75, -334.50)",,,,
14:33:55:3256,"(860.75, -334.50)",,,,
14:33:55:3469,"(860.75, -334.50)",,,,
14:33:55:3693,"(860.75, -334.50)",,,,
14:33:55:3894,"(860.75, -334.50)",,,,
14:33:55:4092,"(860.75, -334.50)",,,,
14:33:55:4282,"(860.75, -334.50)",,,,
14:33:55:4478,"(860.75, -334.50)",,,,
14:33:55:4681,"(860.75, -334.50)",,,,
14:33:55:4881,"(860.75, -334.50)",,,,
14:33:55:5056,"(860.75, -334.50)",,,,
14:33:55:5296,"(860.75, -334.50)",,,,
14:33:55:5516,"(860.75, -334.50)",,,,
14:33:55:5720,"(860.75, -334.50)",,,,
14:33:55:5916,"(860.75, -334.50)",,,,
14:33:55:6110,"(860.75, -334.50)",,,,
14:33:55:6315,"(860.75, -334.50)",,,,
14:33:55:6503,"(860.75, -334.50)",,,,
14:33:55:6723,"(860.75, -334.50)",,,,
14:33:55:6927,"(860.75, -334.50)",,,,
14:33:55:7121,"(860.75, -334.50)",,,,
14:33:55:7318,"(860.75, -334.50)",,,,
14:33:55:7504,"(860.75, -334.50)",,,,
14:33:55:7700,"(860.75, -334.50)",,,,
14:33:55:7909,"(860.75, -334.50)",,,,
14:33:55:8111,"(860.75, -334.50)",,,,
14:33:55:8304,"(860.75, -334.50)",,,,
14:33:55:8509,"(860.75, -334.50)",,,,
14:33:55:8702,"(860.75, -334.50)",,,,
14:33:55:8893,"(860.75, -334.50)",,,,
14:33:55:9107,"(860.75, -334.50)",,,,
14:33:55:9331,"(860.75, -334.50)",,,,
14:33:55:9523,"(860.75, -334.50)",,,,
14:33:55:9717,"(860.75, -334.50)",,,,
14:33:55:9912,"(860.75, -334.50)",,,,
14:33:56:0112,"(860.75, -334.50)",,,,
14:33:56:0323,"(860.75, -334.50)",,,,
14:33:56:0518,"(860.75, -334.50)",,,,
14:33:56:0709,"(860.75, -334.50)",,,,
14:33:56:0912,"(860.75, -334.50)",,,,
14:33:56:1098,"(860.75, -334.50)",,,,
14:33:56:1293,"(860.75, -334.50)",,,,
14:33:56:1498,"(860.75, -334.50)",,,,
14:33:56:1693,"(860.75, -334.50)",,,,
14:33:56:1879,"(860.75, -334.50)",,,,
14:33:56:2070,"(860.75, -334.50)",,,,
14:33:56:2267,"(860.75, -334.50)",,,,
14:33:56:2549,"(860.75, -334.50)",,,,
14:33:56:2804,"(860.75, -334.50)",,,,
14:33:56:3077,"(860.75, -334.50)",,,,
14:33:56:3427,"(860.75, -334.50)",,,,
14:33:56:3680,"(860.75, -334.50)",,,,
14:33:56:3914,"(860.75, -334.50)",,,,
14:33:56:4107,"(860.75, -334.50)",,,,
14:33:56:4308,"(860.75, -334.50)",,,,
14:33:56:4510,"(860.75, -334.50)",,,,
14:33:56:4706,"(860.75, -334.50)",,,,
14:33:56:4902,"(860.75, -334.50)",,,,
14:33:56:5098,"(860.75, -334.50)",,,,
14:33:56:5297,"(860.75, -334.50)",,,,
14:33:56:5511,"(860.75, -334.50)",,,,
14:33:56:5725,"(860.75, -334.50)",,,,
14:33:56:5933,"(860.75, -334.50)",,,,
14:33:56:6145,"(860.75, -334.50)",,,,
14:33:56:6345,"(860.75, -334.50)",,,,
14:33:56:6563,"(860.75, -334.50)",,,,
14:33:56:6768,"(860.75, -334.50)",,,,
14:33:56:6982,"(860.75, -334.50)",,,,
14:33:56:7205,"(860.75, -334.50)",,,,
14:33:56:7428,"(860.75, -334.50)",,,,
14:33:56:7650,"(860.75, -334.50)",,,,
14:33:56:7862,"(860.75, -334.50)",,,,
14:33:56:8077,"(860.75, -334.50)",,,,
14:33:56:8308,"(860.75, -334.50)",,,,
14:33:56:8580,"(860.75, -334.50)",,,,
14:33:56:8862,"(860.75, -334.50)",,,,
14:33:56:9110,"(860.75, -334.50)",,,,
14:33:56:9372,"(860.75, -334.50)",,,,
14:33:56:9575,"(860.75, -334.50)",,,,
14:33:56:9787,"(860.75, -334.50)",,,,
14:33:57:0009,"(860.75, -334.50)",,,,
14:33:57:0200,"(860.75, -334.50)",,,,
14:33:57:0400,"(860.75, -334.50)",,,,
14:33:57:0595,"(860.75, -334.50)",,,,
14:33:57:0795,"(860.75, -334.50)",,,,
14:33:57:1008,"(860.75, -334.50)",,,,
14:33:57:1206,"(860.75, -334.50)",,,,
14:33:57:1407,"(860.75, -334.50)",,,,
14:33:57:1595,"(860.75, -334.50)",,,,
14:33:57:1789,"(860.75, -334.50)",,,,
14:33:57:1986,"(860.75, -334.50)",,,,
14:33:57:2196,"(860.75, -334.50)",,,,
14:33:57:2427,"(860.75, -334.50)",,,,
14:33:57:2727,"(860.75, -334.50)",,,,
14:33:57:3005,"(860.75, -334.50)",,,,
14:33:57:3280,"(860.75, -334.50)",,,,
14:33:57:3583,"(860.75, -334.50)",,,,
14:33:57:3864,"(860.75, -334.50)",,,,
14:33:57:4065,"(860.75, -334.50)",,,,
14:33:57:4264,"(860.75, -334.50)",,,,
14:33:57:4537,"(860.75, -334.50)",,,,
14:33:57:4771,"(860.75, -334.50)",,,,
14:33:57:5021,"(860.75, -334.50)",,,,
14:33:57:5261,"(860.75, -334.50)",,,,
14:33:57:5607,"(860.75, -334.50)",,,,
14:33:57:5937,"(860.75, -334.50)",,,,
14:33:57:6478,"(860.75, -334.50)",,,,
14:33:57:6696,"(860.75, -334.50)",,,,
14:33:57:6919,"(860.75, -334.50)",,,,
14:33:57:7127,"(860.75, -334.50)",,,,
14:33:57:7329,"(860.75, -334.50)",,,,
14:33:57:7543,"(860.75, -334.50)",,,,
14:33:57:7731,"(860.75, -334.50)",,,,
14:33:57:7944,"(860.75, -334.50)",,,,
14:33:57:8134,"(860.75, -334.50)",,,,
14:33:57:8330,"(860.75, -334.50)",,,,
14:33:57:8554,"(860.75, -334.50)",,,,
14:33:57:8817,"(860.75, -334.50)",,,,
14:33:57:9068,"(860.75, -334.50)",,,,
14:33:57:9295,"(860.75, -334.50)",,,,
14:33:57:9520,"(860.75, -334.50)",,,,
14:33:57:9718,"(860.75, -334.50)",,,,
14:33:57:9935,"(860.75, -334.50)",,,,
14:33:58:0156,"(860.75, -334.50)",,,,
14:33:58:0347,"(860.75, -334.50)",,,,
14:33:58:0572,"(860.75, -334.50)",,,,
14:33:58:0767,"(860.75, -334.50)",,,,
14:33:58:0969,"(860.75, -334.50)",,,,
14:33:58:1175,"(860.75, -334.50)",,,,
14:33:58:1372,"(860.75, -334.50)",,,,
14:33:58:1596,"(860.75, -334.50)",,,,
14:33:58:1804,"(860.75, -334.50)",,,,
14:33:58:2024,"(860.75, -334.50)",,,,
14:33:58:2220,"(860.75, -334.50)",,,,
14:33:58:2422,"(860.75, -334.50)",,,,
14:33:58:2657,"(860.75, -334.50)",,,,
14:33:58:2918,"(860.75, -334.50)",,,,
14:33:58:3231,"(860.75, -334.50)",,,,
14:33:58:3495,"(860.75, -334.50)",,,,
14:33:58:3821,"(860.75, -334.50)",,,,
14:33:58:4063,"(860.75, -334.50)",,,,
14:33:58:4272,"(860.75, -334.50)",,,,
14:33:58:4476,"(860.75, -334.50)",,,,
14:33:58:4668,"(860.75, -334.50)",,,,
14:33:58:4877,"(860.75, -334.50)",,,,
14:33:58:5077,"(860.75, -334.50)",,,,
14:33:58:5277,"(860.75, -334.50)",,,,
14:33:58:5473,"(860.75, -334.50)",,,,
14:33:58:5687,"(860.75, -334.50)",,,,
14:33:58:5904,"(860.75, -334.50)",,,,
14:33:58:6109,"(860.75, -334.50)",,,,
14:33:58:6323,"(860.75, -334.50)",,,,
14:33:58:6539,"(860.75, -334.50)",,,,
14:33:58:6734,"(860.75, -334.50)",,,,
14:33:58:6918,"(860.75, -334.50)",,,,
14:33:58:7133,"(860.75, -334.50)",,,,
14:33:58:7387,"(860.75, -334.50)",,,,
14:33:58:7596,"(860.75, -334.50)",,,,
14:33:58:7800,"(860.75, -334.50)",,,,
14:33:58:7995,"(860.75, -334.50)",,,,
14:33:58:8202,"(860.75, -334.50)",,,,
14:33:58:8401,"(860.75, -334.50)",,,,
14:33:58:8614,"(860.75, -334.50)",,,,
14:33:58:8854,"(860.75, -334.50)",,,,
14:33:58:9054,"(860.75, -334.50)",,,,
14:33:58:9270,"(860.75, -334.50)",,,,
14:33:58:9467,"(860.75, -334.50)",,,,
14:33:58:9671,"(860.75, -334.50)",,,,
14:33:58:9890,"(860.75, -334.50)",,,,
14:33:59:0086,"(860.75, -334.50)",,,,
14:33:59:0284,"(860.75, -334.50)",,,,
14:33:59:0487,"(860.75, -334.50)",,,,
14:33:59:0684,"(860.75, -334.50)",,,,
14:33:59:0879,"(860.75, -334.50)",,,,
14:33:59:1092,"(860.75, -334.50)",,,,
14:33:59:1306,"(860.75, -334.50)",,,,
14:33:59:1534,"(860.75, -334.50)",,,,
14:33:59:1743,"(860.75, -334.50)",,,,
14:33:59:1972,"(860.75, -334.50)",,,,
14:33:59:2199,"(860.75, -334.50)",,,,
14:33:59:2421,"(860.75, -334.50)",,,,
14:33:59:2637,"(860.75, -334.50)",,,,
14:33:59:2929,"(860.75, -334.50)",,,,
14:33:59:3262,"(860.75, -334.50)",,,,
14:33:59:3549,"(860.75, -334.50)",,,,
14:33:59:3766,"(860.75, -334.50)",,,,
14:33:59:3974,"(860.75, -334.50)",,,,
14:33:59:4170,"(860.75, -334.50)",,,,
14:33:59:4369,"(860.75, -334.50)",,,,
14:33:59:4592,"(860.75, -334.50)",,,,
14:33:59:4788,"(860.75, -334.50)",,,,
14:33:59:5017,"(860.75, -334.50)",,,,
14:33:59:5224,"(860.75, -334.50)",,,,
14:33:59:5454,"(860.75, -334.50)",,,,
14:33:59:5674,"(860.75, -334.50)",,,,
14:33:59:5879,"(860.75, -334.50)",,,,
14:33:59:6083,"(860.75, -334.50)",,,,
14:33:59:6280,"(860.75, -334.50)",,,,
14:33:59:6496,"(860.75, -334.50)",,,,
14:33:59:6695,"(860.75, -334.50)",,,,
14:33:59:6895,"(860.75, -334.50)",,,,
14:33:59:7099,"(860.75, -334.50)",,,,
14:33:59:7297,"(860.75, -334.50)",,,,
14:33:59:7508,"(860.75, -334.50)",,,,
14:33:59:7698,"(860.75, -334.50)",,,,
14:33:59:7900,"(860.75, -334.50)",,,,
14:33:59:8106,"(860.75, -334.50)",,,,
14:33:59:8312,"(860.75, -334.50)",,,,
14:33:59:8515,"(860.75, -334.50)",,,,
14:33:59:8715,"(860.75, -334.50)",,,,
14:33:59:8906,"(860.75, -334.50)",,,,
14:33:59:9122,"(860.75, -334.50)",,,,
14:33:59:9329,"(860.75, -334.50)",,,,
14:33:59:9528,"(860.75, -334.50)",,,,
14:33:59:9738,"(860.75, -334.50)",,,,
14:33:59:9943,"(860.75, -334.50)",,,,
14:34:00:0168,"(860.75, -334.50)",,,,
14:34:00:0394,"(860.75, -334.50)",,,,
14:34:00:0607,"(860.75, -334.50)",,,,
14:34:00:0821,"(860.75, -334.50)",,,,
14:34:00:1029,"(860.75, -334.50)",,,,
14:34:00:1235,"(860.75, -334.50)",,,,
14:34:00:1440,"(860.75, -334.50)",,,,
14:34:00:1672,"(860.75, -334.50)",,,,
14:34:00:1868,"(860.75, -334.50)",,,,
14:34:00:2081,"(860.75, -334.50)",,,,
14:34:00:2281,"(860.75, -334.50)",,,,
14:34:00:2507,"(860.75, -334.50)",,,,
14:34:00:2726,"(860.75, -334.50)",,,,
14:34:00:2987,"(860.75, -334.50)",,,,
14:34:00:3268,"(860.75, -334.50)",,,,
14:34:00:3537,"(860.75, -334.50)",,,,
14:34:00:3804,"(860.75, -334.50)",,,,
14:34:00:4013,"(860.75, -334.50)",,,,
14:34:00:4218,"(860.75, -334.50)",,,,
14:34:00:4410,"(860.75, -334.50)",,,,
14:34:00:4626,"(860.75, -334.50)",,,,
14:34:00:4829,"(860.75, -334.50)",,,,
14:34:00:5030,"(860.75, -334.50)",,,,
14:34:00:5250,"(860.75, -334.50)",,,,
14:34:00:5449,"(860.75, -334.50)",,,,
14:34:00:5659,"(860.75, -334.50)",,,,
14:34:00:5868,"(860.75, -334.50)",,,,
14:34:00:6066,"(860.75, -334.50)",,,,
14:34:00:6288,"(860.75, -334.50)",,,,
14:34:00:6487,"(860.75, -334.50)",,,,
14:34:00:6698,"(860.75, -334.50)",,,,
14:34:00:6916,"(860.75, -334.50)",,,,
14:34:00:7118,"(860.75, -334.50)",,,,
14:34:00:7324,"(860.75, -334.50)",,,,
14:34:00:7532,"(860.75, -334.50)",,,,
14:34:00:7728,"(860.75, -334.50)",,,,
14:34:00:7960,"(860.75, -334.50)",,,,
14:34:00:8180,"(860.75, -334.50)",,,,
14:34:00:8382,"(860.75, -334.50)",,,,
14:34:00:8584,"(860.75, -334.50)",,,,
14:34:00:8825,"(860.75, -334.50)",,,,
14:34:00:9042,"(860.75, -334.50)",,,,
14:34:00:9260,"(860.75, -334.50)",,,,
14:34:00:9463,"(860.75, -334.50)",,,,
14:34:00:9668,"(860.75, -334.50)",,,,
14:34:00:9884,"(860.75, -334.50)",,,,
14:34:01:0098,"(860.75, -334.50)",,,,
14:34:01:0314,"(860.75, -334.50)",,,,
14:34:01:0510,"(860.75, -334.50)",,,,
14:34:01:0722,"(860.75, -334.50)",,,,
14:34:01:0927,"(860.75, -334.50)",,,,
14:34:01:1147,"(860.75, -334.50)",,,,
14:34:01:1358,"(860.75, -334.50)",,,,
14:34:01:1565,"(860.75, -334.50)",,,,
14:34:01:1783,"(860.75, -334.50)",,,,
14:34:01:1999,"(860.75, -334.50)",,,,
14:34:01:2226,"(860.75, -334.50)",,,,
14:34:01:2447,"(860.75, -334.50)",,,,
14:34:01:2647,"(860.75, -334.50)",,,,
14:34:01:2905,"(860.75, -334.50)",,,,
14:34:01:3264,"(860.75, -334.50)",,,,
14:34:01:3546,"(860.75, -334.50)",,,,
14:34:01:3863,"(860.75, -334.50)",,,,
14:34:01:4199,"(860.75, -334.50)",,,,
14:34:01:4489,"(860.75, -334.50)",,,,
14:34:01:4709,"(860.75, -334.50)",,,,
14:34:01:4931,"(860.75, -334.50)",,,,
14:34:01:5146,"(860.75, -334.50)",,,,
14:34:01:5358,"(860.75, -334.50)",,,,
14:34:01:5569,"(860.75, -334.50)",,,,
14:34:01:5773,"(860.75, -334.50)",,,,
14:34:01:6004,"(860.75, -334.50)",,,,
14:34:01:6231,"(860.75, -334.50)",,,,
14:34:01:6435,"(860.75, -334.50)",,,,
14:34:01:6647,"(860.75, -334.50)",,,,
14:34:01:6847,"(860.75, -334.50)",,,,
14:34:01:7074,"(860.75, -334.50)",,,,
14:34:01:7300,"(860.75, -334.50)",,,,
14:34:01:7520,"(860.75, -334.50)",,,,
14:34:01:7738,"(860.75, -334.50)",,,,
14:34:01:7957,"(860.75, -334.50)",,,,
14:34:01:8194,"(860.75, -334.50)",,,,
14:34:01:8413,"(860.75, -334.50)",,,,
14:34:01:8628,"(860.75, -334.50)",,,,
14:34:01:8926,"(860.75, -334.50)",,,,
14:34:01:9188,"(860.75, -334.50)",,,,
14:34:01:9477,"(860.75, -334.50)",,,,
14:34:01:9803,"(860.75, -334.50)",,,,
14:34:02:0112,"(860.75, -334.50)",,,,
14:34:02:0613,"(860.75, -334.50)",,,,
14:34:02:0820,"(860.75, -334.50)",,,,
14:34:02:1025,"(860.75, -334.50)",,,,
14:34:02:1234,"(860.75, -334.50)",,,,
14:34:02:1447,"(860.75, -334.50)",,,,
14:34:02:1666,"(860.75, -334.50)",,,,
14:34:02:1893,"(860.75, -334.50)",,,,
14:34:02:2098,"(860.75, -334.50)",,,,
14:34:02:2304,"(860.75, -334.50)",,,,
14:34:02:2526,"(860.75, -334.50)",,,,
14:34:02:2746,"(860.75, -334.50)",,,,
14:34:02:2958,"(860.75, -334.50)",,,,
14:34:02:3226,"(860.75, -334.50)",,,,
14:34:02:3485,"(860.75, -334.50)",,,,
14:34:02:3721,"(860.75, -334.50)",,,,
14:34:02:3925,"(860.75, -334.50)",,,,
14:34:02:4135,"(860.75, -334.50)",,,,
14:34:02:4329,"(860.75, -334.50)",,,,
14:34:02:4545,"(860.75, -334.50)",,,,
14:34:02:4755,"(860.75, -334.50)",,,,
14:34:02:4993,"(860.75, -334.50)",,,,
14:34:02:5237,"(860.75, -334.50)",,,,
14:34:02:5479,"(860.75, -334.50)",,,,
14:34:02:5729,"(860.75, -334.50)",,,,
14:34:02:6021,"(860.75, -334.50)",,,,
14:34:02:6225,"(860.75, -334.50)",,,,
14:34:02:6445,"(860.75, -334.50)",,,,
14:34:02:6660,"(860.75, -334.50)",,,,
14:34:02:6892,"(860.75, -334.50)",,,,
14:34:02:7109,"(860.75, -334.50)",,,,
14:34:02:7314,"(860.75, -334.50)",,,,
14:34:02:7533,"(860.75, -334.50)",,,,
14:34:02:7778,"(860.75, -334.50)",,,,
14:34:02:7987,"(860.75, -334.50)",,,,
14:34:02:8200,"(860.75, -334.50)",,,,
14:34:02:8404,"(860.75, -334.50)",,,,
14:34:02:8624,"(860.75, -334.50)",,,,
14:34:02:8917,"(860.75, -334.50)",,,,
14:34:02:9176,"(860.75, -334.50)",,,,
14:34:02:9390,"(860.75, -334.50)",,,,
14:34:02:9640,"(860.75, -334.50)",,,,
14:34:02:9859,"(860.75, -334.50)",,,,
14:34:03:0093,"(860.75, -334.50)",,,,
14:34:03:0308,"(860.75, -334.50)",,,,
14:34:03:0517,"(860.75, -334.50)",,,,
14:34:03:0729,"(860.75, -334.50)",,,,
14:34:03:0941,"(860.75, -334.50)",,,,
14:34:03:1157,"(860.75, -334.50)",,,,
14:34:03:1357,"(860.75, -334.50)",,,,
14:34:03:1569,"(860.75, -334.50)",,,,
14:34:03:1790,"(860.75, -334.50)",,,,
14:34:03:1996,"(860.75, -334.50)",,,,
14:34:03:2211,"(860.75, -334.50)",,,,
14:34:03:2425,"(860.75, -334.50)",,,,
14:34:03:2637,"(860.75, -334.50)",,,,
14:34:03:2849,"(860.75, -334.50)",,,,
14:34:03:3112,"(860.75, -334.50)",,,,
14:34:03:3484,"(860.75, -334.50)",,,,
14:34:03:3825,"(860.75, -334.50)",,,,
14:34:03:4043,"(860.75, -334.50)",,,,
14:34:03:4251,"(860.75, -334.50)",,,,
14:34:03:4460,"(860.75, -334.50)",,,,
14:34:03:4682,"(860.75, -334.50)",,,,
14:34:03:4887,"(860.75, -334.50)",,,,
14:34:03:5098,"(860.75, -334.50)",,,,
14:34:03:5292,"(860.75, -334.50)",,,,
14:34:03:5512,"(860.75, -334.50)",,,,
14:34:03:5730,"(860.75, -334.50)",,,,
14:34:03:5968,"(860.75, -334.50)",,,,
14:34:03:6185,"(860.75, -334.50)",,,,
14:34:03:6397,"(860.75, -334.50)",,,,
14:34:03:6610,"(860.75, -334.50)",,,,
14:34:03:6822,"(860.75, -334.50)",,,,
14:34:03:7037,"(860.75, -334.50)",,,,
14:34:03:7251,"(860.75, -334.50)",,,,
14:34:03:7464,"(860.75, -334.50)",,,,
14:34:03:7671,"(860.75, -334.50)",,,,
14:34:03:7890,"(860.75, -334.50)",,,,
14:34:03:8088,"(860.75, -334.50)",,,,
14:34:03:8325,"(860.75, -334.50)",,,,
14:34:03:8532,"(860.75, -334.50)",,,,
14:34:03:8756,"(860.75, -334.50)",,,,
14:34:03:9001,"(860.75, -334.50)",,,,
14:34:03:9295,"(860.75, -334.50)",,,,
14:34:03:9646,"(860.75, -334.50)",,,,
14:34:03:9937,"(860.75, -334.50)",,,,
14:34:04:0344,"(860.75, -334.50)",,,,
14:34:04:1050,"(860.75, -334.50)",,,,
14:34:04:1454,"(860.75, -334.50)",,,,
14:34:04:1860,"(860.75, -334.50)",,,,
14:34:04:2188,"(860.75, -334.50)",,,,
14:34:04:2430,"(860.75, -334.50)",,,,
14:34:04:2672,"(860.75, -334.50)",,,,
14:34:04:2917,"(860.75, -334.50)",,,,
14:34:04:3217,"(860.75, -334.50)",,,,
14:34:04:3702,"(860.75, -334.50)",,,,
14:34:04:4115,"(860.75, -334.50)",,,,
14:34:04:4467,"(860.75, -334.50)",,,,
14:34:04:4746,"(860.75, -334.50)",,,,
14:34:04:5003,"(860.75, -334.50)",,,,
14:34:04:5218,"(860.75, -334.50)",,,,
14:34:04:5437,"(860.75, -334.50)",,,,
14:34:04:5654,"(860.75, -334.50)",,,,
14:34:04:5862,"(860.75, -334.50)",,,,
14:34:04:6080,"(860.75, -334.50)",,,,
14:34:04:6303,"(860.75, -334.50)",,,,
14:34:04:6519,"(860.75, -334.50)",,,,
14:34:04:6787,"(860.75, -334.50)",,,,
14:34:04:7009,"(860.75, -334.50)",,,,
14:34:04:7227,"(860.75, -334.50)",,,,
14:34:04:7469,"(860.75, -334.50)",,,,
14:34:04:7685,"(860.75, -334.50)",,,,
14:34:04:7932,"(860.75, -334.50)",,,,
14:34:04:8173,"(860.75, -334.50)",,,,
14:34:04:8388,"(860.75, -334.50)",,,,
14:34:04:8621,"(860.75, -334.50)",,,,
14:34:04:8844,"(860.75, -334.50)",,,,
14:34:04:9074,"(860.75, -334.50)",,,,
14:34:04:9289,"(860.75, -334.50)",,,,
14:34:04:9498,"(860.75, -334.50)",,,,
14:34:04:9723,"(860.75, -334.50)",,,,
14:34:04:9946,"(860.75, -334.50)",,,,
14:34:05:0190,"(860.75, -334.50)",,,,
14:34:05:0397,"(860.75, -334.50)",,,,
14:34:05:0630,"(860.75, -334.50)",,,,
14:34:05:0845,"(860.75, -334.50)",,,,
14:34:05:1078,"(860.75, -334.50)",,,,
14:34:05:1302,"(860.75, -334.50)",,,,
14:34:05:1547,"(860.75, -334.50)",,,,
14:34:05:1818,"(860.75, -334.50)",,,,
14:34:05:2073,"(860.75, -334.50)",,,,
14:34:05:2346,"(860.75, -334.50)",,,,
14:34:05:2608,"(860.75, -334.50)",,,,
14:34:05:2875,"(860.75, -334.50)",,,,
14:34:05:3152,"(860.75, -334.50)",,,,
14:34:05:3609,"(860.75, -334.50)",,,,
14:34:05:4013,"(860.75, -334.50)",,,,
14:34:05:4425,"(860.75, -334.50)",,,,
14:34:05:4844,"(860.75, -334.50)",,,,
14:34:05:5265,"(860.75, -334.50)",,,,
14:34:05:5627,"(860.75, -334.50)",,,,
14:34:05:5985,"(860.75, -334.50)",,,,
14:34:05:6229,"(860.75, -334.50)",,,,
14:34:05:6447,"(860.75, -334.50)",,,,
14:34:05:6662,"(860.75, -334.50)",,,,
14:34:05:6875,"(860.75, -334.50)",,,,
14:34:05:7166,"(860.75, -334.50)",,,,
14:34:05:7445,"(860.75, -334.50)",,,,
14:34:05:7683,"(860.75, -334.50)",,,,
14:34:05:7907,"(860.75, -334.50)",,,,
14:34:05:8113,"(860.75, -334.50)",,,,
14:34:05:8326,"(860.75, -334.50)",,,,
14:34:05:8571,"(860.75, -334.50)",,,,
14:34:05:8786,"(860.75, -334.50)",,,,
14:34:05:9006,"(860.75, -334.50)",,,,
14:34:05:9264,"(860.75, -334.50)",,,,
14:34:05:9494,"(860.75, -334.50)",,,,
14:34:05:9706,"(860.75, -334.50)",,,,
14:34:05:9918,"(860.75, -334.50)",,,,
14:34:06:0137,"(860.75, -334.50)",,,,
14:34:06:0348,"(860.75, -334.50)",,,,
14:34:06:0581,"(860.75, -334.50)",,,,
14:34:06:0806,"(860.75, -334.50)",,,,
14:34:06:1023,"(860.75, -334.50)",,,,
14:34:06:1234,"(860.75, -334.50)",,,,
14:34:06:1471,"(860.75, -334.50)",,,,
14:34:06:1691,"(860.75, -334.50)",,,,
14:34:06:1894,"(860.75, -334.50)",,,,
14:34:06:2114,"(860.75, -334.50)",,,,
14:34:06:2327,"(860.75, -334.50)",,,,
14:34:06:2548,"(860.75, -334.50)",,,,
14:34:06:2762,"(860.75, -334.50)",,,,
14:34:06:2978,"(860.75, -334.50)",,,,
14:34:06:3184,"(860.75, -334.50)",,,,
14:34:06:3443,"(860.75, -334.50)",,,,
14:34:06:3758,"(860.75, -334.50)",,,,
14:34:06:4036,"(860.75, -334.50)",,,,
14:34:06:4344,"(860.75, -334.50)",,,,
14:34:06:4562,"(860.75, -334.50)",,,,
14:34:06:4785,"(860.75, -334.50)",,,,
14:34:06:4997,"(860.75, -334.50)",,,,
14:34:06:5210,"(860.75, -334.50)",,,,
14:34:06:5496,"(860.75, -334.50)",,,,
14:34:06:5751,"(860.75, -334.50)",,,,
14:34:06:6052,"(860.75, -334.50)",,,,
14:34:06:6514,"(860.75, -334.50)",,,,
14:34:06:6949,"(860.75, -334.50)",,,,
14:34:06:7614,"(860.75, -334.50)",,,,
14:34:06:7884,"(860.75, -334.50)",,,,
14:34:06:8165,"(860.75, -334.50)",,,,
14:34:06:8427,"(860.75, -334.50)",,,,
14:34:06:8695,"(860.75, -334.50)",,,,
14:34:06:8999,"(860.75, -334.50)",,,,
14:34:06:9322,"(860.75, -334.50)",,,,
14:34:06:9577,"(860.75, -334.50)",,,,
14:34:06:9800,"(860.75, -334.50)",,,,
14:34:07:0027,"(860.75, -334.50)",,,,
14:34:07:0244,"(860.75, -334.50)",,,,
14:34:07:0468,"(860.75, -334.50)",,,,
14:34:07:0690,"(860.75, -334.50)",,,,
14:34:07:0904,"(860.75, -334.50)",,,,
14:34:07:1126,"(860.75, -334.50)",,,,
14:34:07:1352,"(860.75, -334.50)",,,,
14:34:07:1558,"(860.75, -334.50)",,,,
14:34:07:1784,"(860.75, -334.50)",,,,
14:34:07:2003,"(860.75, -334.50)",,,,
14:34:07:2218,"(860.75, -334.50)",,,,
14:34:07:2434,"(860.75, -334.50)",,,,
14:34:07:2666,"(860.75, -334.50)",,,,
14:34:07:2881,"(860.75, -334.50)",,,,
14:34:07:3093,"(860.75, -334.50)",,,,
14:34:07:3316,"(860.75, -334.50)",,,,
14:34:07:3565,"(860.75, -334.50)",,,,
14:34:07:3843,"(860.75, -334.50)",,,,
14:34:07:4197,"(860.75, -334.50)",,,,
14:34:07:4489,"(860.75, -334.50)",,,,
14:34:07:4788,"(860.75, -334.50)",,,,
14:34:07:5019,"(860.75, -334.50)",,,,
14:34:07:5245,"(860.75, -334.50)",,,,
14:34:07:5468,"(860.75, -334.50)",,,,
14:34:07:5685,"(860.75, -334.50)",,,,
14:34:07:5904,"(860.75, -334.50)",,,,
14:34:07:6135,"(860.75, -334.50)",,,,
14:34:07:6356,"(860.75, -334.50)",,,,
14:34:07:6562,"(860.75, -334.50)",,,,
14:34:07:6804,"(860.75, -334.50)",,,,
14:34:07:7023,"(860.75, -334.50)",,,,
14:34:07:7249,"(860.75, -334.50)",,,,
14:34:07:7488,"(860.75, -334.50)",,,,
14:34:07:7725,"(860.75, -334.50)",,,,
14:34:07:7953,"(860.75, -334.50)",,,,
14:34:07:8184,"(860.75, -334.50)",,,,
14:34:07:8402,"(860.75, -334.50)",,,,
14:34:07:8645,"(860.75, -334.50)",,,,
14:34:07:8860,"(860.75, -334.50)",,,,
14:34:07:9125,"(860.75, -334.50)",,,,
14:34:07:9347,"(860.75, -334.50)",,,,
14:34:07:9581,"(860.75, -334.50)",,,,
14:34:07:9811,"(860.75, -334.50)",,,,
14:34:08:0047,"(860.75, -334.50)",,,,
14:34:08:0272,"(860.75, -334.50)",,,,
14:34:08:0500,"(860.75, -334.50)",,,,
14:34:08:0721,"(860.75, -334.50)",,,,
14:34:08:0955,"(860.75, -334.50)",,,,
14:34:08:1198,"(860.75, -334.50)",,,,
14:34:08:1435,"(860.75, -334.50)",,,,
14:34:08:1673,"(860.75, -334.50)",,,,
14:34:08:1936,"(860.75, -334.50)",,,,
14:34:08:2158,"(860.75, -334.50)",,,,
14:34:08:2379,"(860.75, -334.50)",,,,
14:34:08:2604,"(860.75, -334.50)",,,,
14:34:08:2822,"(860.75, -334.50)",,,,
14:34:08:3055,"(860.75, -334.50)",,,,
14:34:08:3280,"(860.75, -334.50)",,,,
14:34:08:3532,"(860.75, -334.50)",,,,
14:34:08:3900,"(860.75, -334.50)",,,,
14:34:08:4312,"(860.75, -334.50)",,,,
14:34:08:4674,"(860.75, -334.50)",,,,
14:34:08:4900,"(860.75, -334.50)",,,,
14:34:08:5124,"(860.75, -334.50)",,,,
14:34:08:5335,"(860.75, -334.50)",,,,
14:34:08:5565,"(860.75, -334.50)",,,,
14:34:08:5783,"(860.75, -334.50)",,,,
14:34:08:6005,"(860.75, -334.50)",,,,
14:34:08:6217,"(860.75, -334.50)",,,,
14:34:08:6444,"(860.75, -334.50)",,,,
14:34:08:6670,"(860.75, -334.50)",,,,
14:34:08:6902,"(860.75, -334.50)",,,,
14:34:08:7166,"(860.75, -334.50)",,,,
14:34:08:7418,"(860.75, -334.50)",,,,
14:34:08:7648,"(860.75, -334.50)",,,,
14:34:08:7879,"(860.75, -334.50)",,,,
14:34:08:8099,"(860.75, -334.50)",,,,
14:34:08:8333,"(860.75, -334.50)",,,,
14:34:08:8546,"(860.75, -334.50)",,,,
14:34:08:8778,"(860.75, -334.50)",,,,
14:34:08:9028,"(860.75, -334.50)",,,,
14:34:08:9267,"(860.75, -334.50)",,,,
14:34:08:9533,"(860.75, -334.50)",,,,
14:34:08:9787,"(860.75, -334.50)",,,,
14:34:09:0019,"(860.75, -334.50)",,,,
14:34:09:0280,"(860.75, -334.50)",,,,
14:34:09:0509,"(860.75, -334.50)",,,,
14:34:09:0731,"(860.75, -334.50)",,,,
14:34:09:0966,"(860.75, -334.50)",,,,
14:34:09:1181,"(860.75, -334.50)",,,,
14:34:09:1413,"(860.75, -334.50)",,,,
14:34:09:1644,"(860.75, -334.50)",,,,
14:34:09:1863,"(860.75, -334.50)",,,,
14:34:09:2086,"(860.75, -334.50)",,,,
14:34:09:2299,"(860.75, -334.50)",,,,
14:34:09:2530,"(860.75, -334.50)",,,,
14:34:09:2765,"(860.75, -334.50)",,,,
14:34:09:2993,"(860.75, -334.50)",,,,
14:34:09:3221,"(860.75, -334.50)",,,,
14:34:09:3445,"(860.75, -334.50)",,,,
14:34:09:3724,"(860.75, -334.50)",,,,
14:34:09:4020,"(860.75, -334.50)",,,,
14:34:09:4310,"(860.75, -334.50)",,,,
14:34:09:4554,"(860.75, -334.50)",,,,
14:34:09:4798,"(860.75, -334.50)",,,,
14:34:09:5036,"(860.75, -334.50)",,,,
14:34:09:5258,"(860.75, -334.50)",,,,
14:34:09:5480,"(860.75, -334.50)",,,,
14:34:09:5701,"(860.75, -334.50)",,,,
14:34:09:5915,"(860.75, -334.50)",,,,
14:34:09:6189,"(860.75, -334.50)",,,,
14:34:09:6431,"(860.75, -334.50)",,,,
14:34:09:6652,"(860.75, -334.50)",,,,
14:34:09:6891,"(860.75, -334.50)",,,,
14:34:09:7146,"(860.75, -334.50)",,,,
14:34:09:7384,"(860.75, -334.50)",,,,
14:34:09:7643,"(860.75, -334.50)",,,,
14:34:09:7888,"(860.75, -334.50)",,,,
14:34:09:8118,"(860.75, -334.50)",,,,
14:34:09:8343,"(860.75, -334.50)",,,,
14:34:09:8589,"(860.75, -334.50)",,,,
14:34:09:8812,"(860.75, -334.50)",,,,
14:34:09:9045,"(860.75, -334.50)",,,,
14:34:09:9271,"(860.75, -334.50)",,,,
14:34:09:9545,"(860.75, -334.50)",,,,
14:34:09:9776,"(860.75, -334.50)",,,,
14:34:10:0009,"(860.75, -334.50)",,,,
14:34:10:0230,"(860.75, -334.50)",,,,
14:34:10:0455,"(860.75, -334.50)",,,,
14:34:10:0676,"(860.75, -334.50)",,,,
14:34:10:0928,"(860.75, -334.50)",,,,
14:34:10:1156,"(860.75, -334.50)",,,,
14:34:10:1383,"(860.75, -334.50)",,,,
14:34:10:1592,"(860.75, -334.50)",,,,
14:34:10:1828,"(860.75, -334.50)",,,,
14:34:10:2124,"(860.75, -334.50)",,,,
14:34:17:2982,"(860.75, -334.50)",,,,
14:34:17:3297,"(860.75, -334.50)",,,,
14:34:17:3513,"(860.75, -334.50)",,,,
14:34:17:3744,"(860.75, -334.50)",,,,
14:34:17:3965,"(860.75, -334.50)",,,,
14:34:17:4210,"(860.75, -334.50)",,,,
14:34:17:4566,"(860.75, -334.50)",,,,
14:34:17:4919,"(860.75, -334.50)",,,,
14:34:17:5208,"(860.75, -334.50)",,,,
14:34:17:5462,"(860.75, -334.50)",,,,
14:34:17:5695,"(860.75, -334.50)",,,,
14:34:17:5918,"(860.75, -334.50)",,,,
14:34:17:6164,"(860.75, -334.50)",,,,
14:34:17:6424,"(860.75, -334.50)",,,,
14:34:17:6668,"(860.75, -334.50)",,,,
14:34:17:6906,"(860.75, -334.50)",,,,
14:34:17:7133,"(860.75, -334.50)",,,,
14:34:17:7377,"(860.75, -334.50)",,,,
14:34:17:7621,"(860.75, -334.50)",,,,
14:34:17:7874,"(860.75, -334.50)",,,,
14:34:17:8115,"(860.75, -334.50)",,,,
14:34:17:8351,"(860.75, -334.50)",,,,
14:34:17:8601,"(860.75, -334.50)",,,,
14:34:17:8844,"(860.75, -334.50)",,,,
14:34:17:9101,"(860.75, -334.50)",,,,
14:34:17:9331,"(860.75, -334.50)",,,,
14:34:17:9572,"(860.75, -334.50)",,,,
14:34:17:9876,"(860.75, -334.50)",,,,
14:34:18:0153,"(860.75, -334.50)",,,,
14:34:18:0442,"(860.75, -334.50)",,,,
14:34:18:0790,"(860.75, -334.50)",,,,
14:34:18:1153,"(860.75, -334.50)",,,,
14:34:18:1627,"(860.75, -334.50)",,,,
14:34:18:1856,"(860.75, -334.50)",,,,
14:34:18:2143,"(860.75, -334.50)",,,,
14:34:18:2433,"(860.75, -334.50)",,,,
14:34:18:2669,"(860.75, -334.50)",,,,
14:34:18:2905,"(860.75, -334.50)",,,,
14:34:18:4180,"(385.75, 366.50)",,,,
14:34:18:5024,"(385.75, 366.50)",,,,
14:34:18:5267,"(385.75, 366.50)",,,,
14:34:18:5500,"(385.75, 366.50)",,,,
14:34:18:5738,"(385.75, 366.50)",,,,
14:34:18:6006,"(385.75, 366.50)",,,,
14:34:18:6350,"(385.75, 366.50)",,,,
14:34:18:6620,"(373.75, 361.50)",,,,
14:34:18:6874,"(370.75, 363.50)",,,,
14:34:18:7131,"(370.75, 363.50)",,,,
14:34:18:7354,"(370.75, 363.50)",,,,
14:34:18:7617,"(370.75, 363.50)",,,,
14:34:18:7842,"(370.75, 363.50)",,,,
14:34:18:8067,"(370.75, 363.50)",,,,
14:34:18:8322,"(372.75, 366.50)",,,,
14:34:18:8600,"(385.75, 356.50)",,,,
14:34:18:8914,"(405.75, 346.50)",,,,
14:34:18:9201,"(435.75, 334.50)",,,,
14:34:18:9486,"(482.75, 301.50)",,,,
14:34:18:9748,"(532.75, 241.50)",,,,
14:34:18:9989,"(607.75, 146.50)",,,,
14:34:19:0231,"(637.75, 116.50)",,,,
14:34:19:0510,"(670.75, 104.50)",,,,
14:34:19:0771,"(690.75, 126.50)",,,,
14:34:19:1022,"(722.75, 193.50)",,,,
14:34:19:1276,"(737.75, 233.50)",,,,
14:34:19:1568,"(752.75, 336.50)",,,,
14:34:19:1887,"(738.75, 446.50)",,,,
14:34:19:2200,"(723.75, 513.50)",,,,
14:34:19:2576,"(720.75, 556.50)",,,,
14:34:19:2859,"(722.75, 566.50)",,,,
14:34:19:3152,"(725.75, 568.50)",,,,
14:34:19:3400,"(725.75, 568.50)",,,,
14:34:19:3659,"(725.75, 568.50)",,,,
14:34:19:3930,"(723.75, 571.50)",,,,
14:34:19:4223,"(695.75, 571.50)",,,,
14:34:19:4583,"(645.75, 564.50)",,,,
14:34:19:5060,"(615.75, 561.50)",,,,
14:34:19:5451,"(608.75, 566.50)",,,,
14:34:19:5692,"(608.75, 566.50)",,,,
14:34:19:5922,"(608.75, 566.50)",,,,
14:34:19:6150,"(608.75, 566.50)",,,,
14:34:19:6380,"(608.75, 566.50)",,,,
14:34:19:6612,"(608.75, 566.50)",,,,
14:34:19:6856,"(608.75, 566.50)",,,,
14:34:19:7092,"(605.75, 564.50)",,,,
14:34:19:7334,"(603.75, 566.50)",,,,
14:34:19:7581,"(600.75, 568.50)",,,,
14:34:19:7850,"(598.75, 578.50)",,,,
14:34:19:8127,"(595.75, 581.50)",,,,
14:34:19:8355,"(595.75, 581.50)",,,,
14:34:19:8612,"(595.75, 581.50)",,,,
14:34:19:8847,"(595.75, 581.50)",,,,
14:34:19:9091,"(595.75, 581.50)",,,,
14:34:19:9319,"(595.75, 581.50)",,,,
14:34:19:9545,"(595.75, 581.50)",,,,
14:34:19:9773,"(595.75, 581.50)",,,,
14:34:20:0000,"(595.75, 581.50)",,,,
14:34:20:0267,"(595.75, 581.50)",,,,
14:34:20:0504,"(595.75, 581.50)",,,,
14:34:20:0734,"(595.75, 581.50)",,,,
14:34:20:0974,"(595.75, 581.50)",,,,
14:34:20:1216,"(595.75, 581.50)",,,,
14:34:20:1467,"(595.75, 581.50)",,,,
14:34:20:1702,"(595.75, 581.50)",,,,
14:34:20:1944,"(595.75, 581.50)",,,,
14:34:20:2176,"(595.75, 581.50)",,,,
14:34:20:2418,"(595.75, 581.50)",,,,
14:34:20:2644,"(595.75, 581.50)",,,,
14:34:20:2876,"(595.75, 581.50)",,,,
14:34:20:3102,"(595.75, 581.50)",,,,
14:34:20:3352,"(595.75, 581.50)",,,,
14:34:20:3877,"(595.75, 581.50)",,,,
14:34:20:4124,"(595.75, 581.50)",,,,
14:34:20:4352,"(595.75, 581.50)",,,,
14:34:20:4660,"(595.75, 581.50)",,,,
14:34:20:4967,"(595.75, 581.50)",,,,
14:34:20:5218,"(595.75, 581.50)",,,,
14:34:20:5474,"(595.75, 581.50)",,,,
14:34:20:5734,"(595.75, 581.50)",,,,
14:34:20:5982,"(595.75, 581.50)",,,,
14:34:20:6215,"(595.75, 581.50)",,,,
14:34:20:6454,"(595.75, 581.50)",,,,
14:34:20:6856,"(0.00, 0.00)",,,,
