timestamp,PointerPosition,SubState,missionName,lastMissionState,missionEvent
14:51:23:1773,"(0.00, 0.00)",,W-58_S-1,,nextMission
14:51:26:4597,"(0.00, 0.00)",,,,
14:51:26:6602,"(0.00, 0.00)",,,,
14:51:26:8909,"(0.00, 0.00)",,,,
14:51:26:9618,"(0.00, 0.00)",,,,
14:51:26:9831,"(0.00, 0.00)",,,,
14:51:26:9909,"(0.00, 0.00)",,,,
14:51:27:0001,"(0.00, 0.00)",,,,
14:51:27:0071,"(0.00, 0.00)",,,,
14:51:27:0157,"(0.00, 0.00)",,,,
14:51:27:0246,"(0.00, 0.00)",,,,
14:51:27:0337,"(0.00, 0.00)",,,,
14:51:27:0433,"(0.00, 0.00)",,,,
14:51:27:0529,"(0.00, 0.00)",,,,
14:51:27:0614,"(0.00, 0.00)",,,,
14:51:27:0710,"(0.00, 0.00)",,,,
14:51:27:0785,"(0.00, 0.00)",,,,
14:51:27:0882,"(0.00, 0.00)",,,,
14:51:27:0958,"(0.00, 0.00)",,,,
14:51:27:1065,"(0.00, 0.00)",,,,
14:51:27:1130,"(0.00, 0.00)",,,,
14:51:27:1232,"(0.00, 0.00)",,,,
14:51:27:1303,"(0.00, 0.00)",,,,
14:51:27:1398,"(0.00, 0.00)",,,,
14:51:27:1474,"(0.00, 0.00)",,,,
14:51:27:1570,"(0.00, 0.00)",,,,
14:51:27:1647,"(0.00, 0.00)",,,,
14:51:27:1745,"(0.00, 0.00)",,,,
14:51:27:1808,"(0.00, 0.00)",,,,
14:51:27:1904,"(0.00, 0.00)",,,,
14:51:27:1980,"(0.00, 0.00)",,,,
14:51:27:2062,"(0.00, 0.00)",,,,
14:51:27:2153,"(0.00, 0.00)",,,,
14:51:27:2230,"(0.00, 0.00)",,,,
14:51:27:2310,"(0.00, 0.00)",,,,
14:51:27:2393,"(0.00, 0.00)",,,,
14:51:27:2485,"(0.00, 0.00)",,,,
14:51:27:2591,"(0.00, 0.00)",,,,
14:51:27:2754,"(0.00, 0.00)",,,,
14:51:27:2866,"(0.00, 0.00)",,,,
14:51:27:2998,"(0.00, 0.00)",,,,
14:51:27:3083,"(0.00, 0.00)",,,,
14:51:27:3183,"(0.00, 0.00)",,,,
14:51:27:3265,"(0.00, 0.00)",,,,
14:51:27:3361,"(0.00, 0.00)",,,,
14:51:27:3467,"(0.00, 0.00)",,,,
14:51:27:3573,"(0.00, 0.00)",,,,
14:51:27:3679,"(0.00, 0.00)",,,,
14:51:27:3770,"(0.00, 0.00)",,,,
14:51:27:3865,"(0.00, 0.00)",,,,
14:51:27:3961,"(0.00, 0.00)",,,,
14:51:27:4067,"(0.00, 0.00)",,,,
14:51:27:4159,"(0.00, 0.00)",,,,
14:51:27:4261,"(0.00, 0.00)",,,,
14:51:27:4372,"(0.00, 0.00)",,,,
14:51:27:4494,"(0.00, 0.00)",,,,
14:51:27:4614,"(0.00, 0.00)",,,,
14:51:27:4750,"(0.00, 0.00)",,,,
14:51:27:4892,"(0.00, 0.00)",,,,
14:51:27:5024,"(0.00, 0.00)",,,,
14:51:27:5138,"(0.00, 0.00)",,,,
14:51:27:5234,"(0.00, 0.00)",,,,
14:51:27:5352,"(0.00, 0.00)",,,,
14:51:27:5432,"(0.00, 0.00)",,,,
14:51:27:5557,"(0.00, 0.00)",,,,
14:51:27:5669,"(0.00, 0.00)",,,,
14:51:27:5773,"(0.00, 0.00)",,,,
14:51:27:5879,"(0.00, 0.00)",,,,
14:51:27:5967,"(0.00, 0.00)",,,,
14:51:27:6072,"(0.00, 0.00)",,,,
14:51:27:6174,"(0.00, 0.00)",,,,
14:51:27:6277,"(0.00, 0.00)",,,,
14:51:27:6413,"(0.00, 0.00)",,,,
14:51:27:6570,"(0.00, 0.00)",,,,
14:51:27:6790,"(0.00, 0.00)",,,,
14:51:27:6972,"(0.00, 0.00)",,,,
14:51:27:7123,"(0.00, 0.00)",,,,
14:51:27:7296,"(0.00, 0.00)",,,,
14:51:27:7444,"(0.00, 0.00)",,,,
14:51:27:7606,"(0.00, 0.00)",,,,
14:51:27:7775,"(0.00, 0.00)",,,,
14:51:27:7922,"(0.00, 0.00)",,,,
14:51:27:8069,"(0.00, 0.00)",,,,
14:51:27:8227,"(0.00, 0.00)",,,,
14:51:27:8360,"(0.00, 0.00)",,,,
14:51:27:8487,"(0.00, 0.00)",,,,
14:51:27:8609,"(0.00, 0.00)",,,,
14:51:27:8756,"(0.00, 0.00)",,,,
14:51:27:8918,"(0.00, 0.00)",,,,
14:51:27:9091,"(0.00, 0.00)",,,,
14:51:27:9243,"(0.00, 0.00)",,,,
14:51:27:9401,"(0.00, 0.00)",,,,
14:51:27:9545,"(0.00, 0.00)",,,,
14:51:27:9697,"(0.00, 0.00)",,,,
14:51:27:9881,"(0.00, 0.00)",,,,
14:51:28:0028,"(0.00, 0.00)",,,,
14:51:28:0136,"(0.00, 0.00)",,,,
14:51:28:0246,"(0.00, 0.00)",,,,
14:51:28:0360,"(0.00, 0.00)",,,,
14:51:28:0483,"(0.00, 0.00)",,,,
14:51:28:0600,"(0.00, 0.00)",,,,
14:51:28:0706,"(0.00, 0.00)",,,,
14:51:28:0843,"(0.00, 0.00)",,,,
14:51:28:0990,"(0.00, 0.00)",,,,
14:51:28:1132,"(0.00, 0.00)",,,,
14:51:28:1285,"(0.00, 0.00)",,,,
14:51:28:1402,"(0.00, 0.00)",,,,
14:51:28:1542,"(0.00, 0.00)",,,,
14:51:28:1671,"(0.00, 0.00)",,,,
14:51:28:1786,"(0.00, 0.00)",,,,
14:51:28:1887,"(0.00, 0.00)",,,,
14:51:28:1970,"(0.00, 0.00)",,,,
14:51:28:2076,"(0.00, 0.00)",,,,
14:51:28:2214,"(0.00, 0.00)",,,,
14:51:28:2347,"(0.00, 0.00)",,,,
14:51:28:2463,"(0.00, 0.00)",,,,
14:51:28:2581,"(0.00, 0.00)",,,,
14:51:28:2717,"(0.00, 0.00)",,,,
14:51:28:2823,"(0.00, 0.00)",,,,
14:51:28:2945,"(0.00, 0.00)",,,,
14:51:28:3093,"(0.00, 0.00)",,,,
14:51:28:3246,"(0.00, 0.00)",,,,
14:51:28:3358,"(0.00, 0.00)",,,,
14:51:28:3430,"(0.00, 0.00)",,,,
14:51:28:3556,"(0.00, 0.00)",,,,
14:51:28:3666,"(0.00, 0.00)",,,,
14:51:28:3782,"(0.00, 0.00)",,,,
14:51:28:3933,"(0.00, 0.00)",,,,
14:51:28:4084,"(0.00, 0.00)",,,,
14:51:28:4225,"(0.00, 0.00)",,,,
14:51:28:4367,"(0.00, 0.00)",,,,
14:51:28:4524,"(0.00, 0.00)",,,,
14:51:28:4652,"(0.00, 0.00)",,,,
14:51:28:4781,"(0.00, 0.00)",,,,
14:51:28:4954,"(0.00, 0.00)",,,,
14:51:28:5112,"(0.00, 0.00)",,,,
14:51:28:5289,"(0.00, 0.00)",,,,
14:51:28:5447,"(0.00, 0.00)",,,,
14:51:28:5602,"(0.00, 0.00)",,,,
14:51:28:5765,"(0.00, 0.00)",,,,
14:51:28:5895,"(0.00, 0.00)",,,,
14:51:28:6036,"(0.00, 0.00)",,,,
14:51:28:6188,"(0.00, 0.00)",,,,
14:51:28:6310,"(0.00, 0.00)",,,,
14:51:28:6431,"(0.00, 0.00)",,,,
14:51:28:6599,"(0.00, 0.00)",,,,
14:51:28:6762,"(0.00, 0.00)",,,,
14:51:28:6929,"(0.00, 0.00)",,,,
14:51:28:7092,"(0.00, 0.00)",,,,
14:51:28:7271,"(0.00, 0.00)",,,,
14:51:28:7448,"(0.00, 0.00)",,,,
14:51:28:7604,"(0.00, 0.00)",,,,
14:51:28:7782,"(0.00, 0.00)",,,,
14:51:28:7958,"(0.00, 0.00)",,,,
14:51:28:8140,"(0.00, 0.00)",,,,
14:51:28:8294,"(0.00, 0.00)",,,,
14:51:28:8458,"(0.00, 0.00)",,,,
14:51:28:8612,"(0.00, 0.00)",,,,
14:51:28:8785,"(0.00, 0.00)",,,,
14:51:28:8931,"(0.00, 0.00)",,,,
14:51:28:9099,"(0.00, 0.00)",,,,
14:51:28:9246,"(0.00, 0.00)",,,,
14:51:28:9416,"(0.00, 0.00)",,,,
14:51:28:9563,"(0.00, 0.00)",,,,
14:51:28:9735,"(0.00, 0.00)",,,,
14:51:28:9898,"(0.00, 0.00)",,,,
14:51:29:0056,"(0.00, 0.00)",,,,
14:51:29:0228,"(0.00, 0.00)",,,,
14:51:29:0395,"(0.00, 0.00)",,,,
14:51:29:0583,"(0.00, 0.00)",,,,
14:51:29:0745,"(0.00, 0.00)",,,,
14:51:29:0909,"(0.00, 0.00)",,,,
14:51:29:1095,"(0.00, 0.00)",,,,
14:51:29:1256,"(0.00, 0.00)",,,,
14:51:29:1414,"(0.00, 0.00)",,,,
14:51:29:1545,"(0.00, 0.00)",,,,
14:51:29:1651,"(0.00, 0.00)",,,,
14:51:29:1759,"(0.00, 0.00)",,,,
14:51:29:1850,"(0.00, 0.00)",,,,
14:51:29:1920,"(0.00, 0.00)",,,,
14:51:29:2006,"(0.00, 0.00)",,,,
14:51:29:2090,"(0.00, 0.00)",,,,
14:51:29:2171,"(0.00, 0.00)",,,,
14:51:29:2252,"(0.00, 0.00)",,,,
14:51:29:2328,"(0.00, 0.00)",,,,
14:51:29:2415,"(0.00, 0.00)",,,,
14:51:29:2512,"(0.00, 0.00)",,,,
14:51:29:2604,"(0.00, 0.00)",,,,
14:51:29:2708,"(0.00, 0.00)",,,,
14:51:29:2784,"(0.00, 0.00)",,,,
14:51:29:2875,"(0.00, 0.00)",,,,
14:51:29:2956,"(0.00, 0.00)",,,,
14:51:29:3072,"(0.00, 0.00)",,,,
14:51:29:3157,"(0.00, 0.00)",,,,
14:51:29:3233,"(0.00, 0.00)",,,,
14:51:29:3339,"(0.00, 0.00)",,,,
14:51:29:3441,"(0.00, 0.00)",,,,
14:51:29:3525,"(0.00, 0.00)",,,,
14:51:29:3620,"(0.00, 0.00)",,,,
14:51:29:3701,"(0.00, 0.00)",,,,
14:51:29:3781,"(0.00, 0.00)",,,,
14:51:29:3862,"(0.00, 0.00)",,,,
14:51:29:3947,"(0.00, 0.00)",,,,
14:51:29:4038,"(0.00, 0.00)",,,,
14:51:29:4123,"(0.00, 0.00)",,,,
14:51:29:4204,"(0.00, 0.00)",,,,
14:51:29:4284,"(0.00, 0.00)",,,,
14:51:29:4375,"(0.00, 0.00)",,,,
14:51:29:4456,"(0.00, 0.00)",,,,
14:51:29:4546,"(0.00, 0.00)",,,,
14:51:29:4627,"(0.00, 0.00)",,,,
14:51:29:4723,"(0.00, 0.00)",,,,
14:51:29:4824,"(0.00, 0.00)",,,,
14:51:29:4910,"(0.00, 0.00)",,,,
14:51:29:5009,"(0.00, 0.00)",,,,
14:51:29:5107,"(0.00, 0.00)",,,,
14:51:29:5213,"(0.00, 0.00)",,,,
14:51:29:5303,"(0.00, 0.00)",,,,
14:51:29:5404,"(0.00, 0.00)",,,,
14:51:29:5495,"(0.00, 0.00)",,,,
14:51:29:5596,"(0.00, 0.00)",,,,
14:51:29:5696,"(0.00, 0.00)",,,,
14:51:29:5772,"(0.00, 0.00)",,,,
14:51:29:5883,"(0.00, 0.00)",,,,
14:51:29:5958,"(0.00, 0.00)",,,,
14:51:29:6044,"(0.00, 0.00)",,,,
14:51:29:6119,"(0.00, 0.00)",,,,
14:51:29:6215,"(0.00, 0.00)",,,,
14:51:29:6291,"(0.00, 0.00)",,,,
14:51:29:6361,"(0.00, 0.00)",,,,
14:51:29:6448,"(0.00, 0.00)",,,,
14:51:29:6543,"(0.00, 0.00)",,,,
14:51:29:6681,"(0.00, 0.00)",,,,
14:51:29:6875,"(0.00, 0.00)",,,,
14:51:29:7070,"(0.00, 0.00)",,,,
14:51:29:7244,"(0.00, 0.00)",,,,
14:51:29:7413,"(0.00, 0.00)",,,,
14:51:29:7581,"(0.00, 0.00)",,,,
14:51:29:7753,"(0.00, 0.00)",,,,
14:51:29:7916,"(0.00, 0.00)",,,,
14:51:29:8089,"(0.00, 0.00)",,,,
14:51:29:8264,"(0.00, 0.00)",,,,
14:51:29:8431,"(0.00, 0.00)",,,,
14:51:29:8595,"(0.00, 0.00)",,,,
14:51:29:9935,"(66.75, 432.50)",,,,
14:51:30:0466,"(66.75, 432.50)",,,,
14:51:30:0643,"(66.75, 432.50)",,,,
14:51:30:0786,"(66.75, 432.50)",,,,
14:51:30:0912,"(66.75, 432.50)",,,,
14:51:30:1058,"(66.75, 432.50)",,,,
14:51:30:1200,"(66.75, 432.50)",,,,
14:51:30:1341,"(66.75, 432.50)",,,,
14:51:30:1479,"(66.75, 432.50)",,,,
14:51:30:1637,"(66.75, 432.50)",,,,
14:51:30:1776,"(66.75, 432.50)",,,,
14:51:30:1948,"(66.75, 432.50)",,,,
14:51:30:2154,"(61.75, 441.50)",,,,
14:51:30:2322,"(63.75, 454.50)",,,,
14:51:30:2506,"(63.75, 461.50)",,,,
14:51:30:2659,"(63.75, 469.50)",,,,
14:51:30:2833,"(65.75, 476.50)",,,,
14:51:30:2959,"(65.75, 476.50)",,,,
14:51:30:3106,"(65.75, 476.50)",,,,
14:51:30:3263,"(65.75, 476.50)",,,,
14:51:30:3406,"(65.75, 476.50)",,,,
14:51:30:3562,"(65.75, 476.50)",,,,
14:51:30:3698,"(65.75, 476.50)",,,,
14:51:30:3848,"(65.75, 476.50)",,,,
14:51:30:3985,"(65.75, 476.50)",,,,
14:51:30:4129,"(65.75, 476.50)",,,,
14:51:30:4261,"(65.75, 476.50)",,,,
14:51:30:4403,"(65.75, 476.50)",,,,
14:51:30:4549,"(65.75, 476.50)",,,,
14:51:30:4681,"(65.75, 476.50)",,,,
14:51:30:4817,"(65.75, 476.50)",,,,
14:51:30:4944,"(65.75, 476.50)",,,,
14:51:30:5086,"(65.75, 476.50)",,,,
14:51:30:5220,"(65.75, 476.50)",,,,
14:51:30:5373,"(65.75, 476.50)",,,,
14:51:30:5534,"(65.75, 476.50)",,,,
14:51:30:5981,"(65.75, 476.50)",,,,
14:51:30:6213,"(65.75, 472.50)",,,,
14:51:30:6345,"(65.75, 472.50)",,,,
14:51:30:6487,"(65.75, 472.50)",,,,
14:51:30:6623,"(65.75, 472.50)",,,,
14:51:30:6785,"(65.75, 472.50)",,,,
14:51:30:6962,"(65.75, 472.50)",,,,
14:51:30:7193,"(65.75, 472.50)",,,,
14:51:30:7366,"(65.75, 472.50)",,,,
14:51:30:7548,"(65.75, 472.50)",,,,
14:51:30:7734,"(65.75, 472.50)",,,,
14:51:30:7921,"(65.75, 454.50)",,,,
14:51:30:8155,"(68.75, 427.50)",,,,
14:51:30:8405,"(68.75, 397.50)",,,,
14:51:30:8625,"(68.75, 372.50)",,,,
14:51:30:8844,"(68.75, 357.50)",,,,
14:51:30:9094,"(68.75, 344.50)",,,,
14:51:30:9266,"(68.75, 342.50)",,,,
14:51:30:9439,"(68.75, 329.50)",,,,
14:51:30:9605,"(68.75, 329.50)",,,,
14:51:30:9772,"(68.75, 329.50)",,,,
14:51:30:9924,"(68.75, 329.50)",,,,
14:51:31:0063,"(68.75, 329.50)",,,,
14:51:31:0213,"(68.75, 329.50)",,,,
14:51:31:0352,"(68.75, 329.50)",,,,
14:51:31:0658,"(68.75, 329.50)",,,,
14:51:31:0796,"(68.75, 329.50)",,,,
14:51:31:0889,"(68.75, 329.50)",,,,
14:51:31:0995,"(68.75, 329.50)",,,,
14:51:31:1084,"(68.75, 329.50)",,,,
14:51:31:1184,"(68.75, 329.50)",,,,
14:51:31:1280,"(68.75, 329.50)",,,,
14:51:31:1368,"(68.75, 329.50)",,,,
14:51:31:1489,"(68.75, 329.50)",,,,
14:51:31:1593,"(68.75, 329.50)",,,,
14:51:31:1716,"(68.75, 329.50)",,,,
14:51:31:1822,"(68.75, 329.50)",,,,
14:51:31:1948,"(68.75, 329.50)",,,,
14:51:31:2073,"(68.75, 329.50)",,,,
14:51:31:2227,"(68.75, 329.50)",,,,
14:51:31:2387,"(68.75, 317.50)",,,,
14:51:31:2523,"(70.75, 294.50)",,,,
14:51:31:2678,"(73.75, 264.50)",,,,
14:51:31:2845,"(73.75, 239.50)",,,,
14:51:31:3027,"(75.75, 217.50)",,,,
14:51:31:3169,"(78.75, 194.50)",,,,
14:51:31:3304,"(78.75, 189.50)",,,,
14:51:31:3445,"(78.75, 182.50)",,,,
14:51:31:3563,"(78.75, 182.50)",,,,
14:51:31:3684,"(78.75, 182.50)",,,,
14:51:31:3791,"(78.75, 182.50)",,,,
14:51:31:3908,"(78.75, 182.50)",,,,
14:51:31:4019,"(78.75, 182.50)",,,,
14:51:31:4107,"(78.75, 182.50)",,,,
14:51:31:4344,"(78.75, 182.50)",,,,
14:51:31:4517,"(78.75, 182.50)",,,,
14:51:31:4626,"(78.75, 182.50)",,,,
14:51:31:4748,"(78.75, 182.50)",,,,
14:51:31:4874,"(78.75, 182.50)",,,,
14:51:31:4991,"(78.75, 182.50)",,,,
14:51:31:5108,"(78.75, 182.50)",,,,
14:51:31:5245,"(78.75, 182.50)",,,,
14:51:31:5372,"(78.75, 182.50)",,,,
14:51:31:5493,"(78.75, 182.50)",,,,
14:51:31:5634,"(78.75, 182.50)",,,,
14:51:31:5752,"(78.75, 182.50)",,,,
14:51:31:5873,"(78.75, 182.50)",,,,
14:51:31:6000,"(78.75, 182.50)",,,,
14:51:31:6122,"(78.75, 182.50)",,,,
14:51:31:6246,"(78.75, 182.50)",,,,
14:51:31:6381,"(78.75, 182.50)",,,,
14:51:31:6503,"(78.75, 182.50)",,,,
14:51:31:6617,"(71.75, 157.50)",,,,
14:51:31:6728,"(68.75, 147.50)",,,,
14:51:31:6829,"(66.75, 139.50)",,,,
14:51:31:7003,"(61.75, 124.50)",,,,
14:51:31:7180,"(53.75, 97.50)",,,,
14:51:31:7329,"(51.75, 89.50)",,,,
14:51:31:7482,"(51.75, 87.50)",,,,
14:51:31:7604,"(51.75, 87.50)",,,,
14:51:31:7777,"(51.75, 87.50)",,,,
14:51:31:7928,"(51.75, 87.50)",,,,
14:51:31:8097,"(51.75, 87.50)",,,,
14:51:31:8234,"(51.75, 87.50)",,,,
14:51:31:8395,"(51.75, 87.50)",,,,
14:51:31:8531,"(51.75, 87.50)",,,,
14:51:31:8695,"(51.75, 87.50)",,,,
14:51:31:8861,"(51.75, 87.50)",,,,
14:51:31:8997,"(51.75, 87.50)",,,,
14:51:31:9164,"(51.75, 87.50)",,,,
14:51:31:9304,"(51.75, 87.50)",,,,
14:51:31:9444,"(51.75, 87.50)",,,,
14:51:31:9574,"(51.75, 87.50)",,,,
14:51:31:9720,"(51.75, 87.50)",,,,
14:51:31:9872,"(51.75, 87.50)",,,,
14:51:32:0013,"(51.75, 87.50)",,,,
14:51:32:0160,"(51.75, 87.50)",,,,
14:51:32:0281,"(51.75, 87.50)",,,,
14:51:32:0432,"(65.75, 86.50)",,,,
14:51:32:0612,"(70.75, 119.50)",,,,
14:51:32:0775,"(73.75, 139.50)",,,,
14:51:32:0890,"(73.75, 149.50)",,,,
14:51:32:0999,"(73.75, 154.50)",,,,
14:51:32:1076,"(73.75, 154.50)",,,,
14:51:32:1177,"(73.75, 154.50)",,,,
14:51:32:1265,"(73.75, 154.50)",,,,
14:51:32:1364,"(73.75, 154.50)",,,,
14:51:32:1445,"(73.75, 154.50)",,,,
14:51:32:1537,"(73.75, 154.50)",,,,
14:51:32:1619,"(73.75, 154.50)",,,,
14:51:32:1717,"(73.75, 154.50)",,,,
14:51:32:1805,"(73.75, 154.50)",,,,
14:51:32:1908,"(73.75, 154.50)",,,,
14:51:32:2115,"(73.75, 154.50)",,,,
14:51:32:2244,"(73.75, 154.50)",,,,
14:51:32:2336,"(73.75, 154.50)",,,,
14:51:32:2424,"(73.75, 154.50)",,,,
14:51:32:2516,"(73.75, 154.50)",,,,
14:51:32:2609,"(73.75, 154.50)",,,,
14:51:32:2690,"(73.75, 154.50)",,,,
14:51:32:2778,"(73.75, 154.50)",,,,
14:51:32:2876,"(73.75, 154.50)",,,,
14:51:32:2983,"(73.75, 154.50)",,,,
14:51:32:3070,"(73.75, 154.50)",,,,
14:51:32:3156,"(73.75, 154.50)",,,,
14:51:32:3273,"(73.75, 154.50)",,,,
14:51:32:3360,"(73.75, 154.50)",,,,
14:51:32:3464,"(73.75, 154.50)",,,,
14:51:32:3557,"(73.75, 154.50)",,,,
14:51:32:3643,"(73.75, 154.50)",,,,
14:51:32:3737,"(73.75, 154.50)",,,,
14:51:32:3829,"(73.75, 154.50)",,,,
14:51:32:3926,"(73.75, 154.50)",,,,
14:51:32:4030,"(73.75, 154.50)",,,,
14:51:32:4110,"(73.75, 154.50)",,,,
14:51:32:4199,"(73.75, 154.50)",,,,
14:51:32:4288,"(73.75, 154.50)",,,,
14:51:32:4405,"(75.75, 159.50)",,,,
14:51:32:4490,"(75.75, 159.50)",,,,
14:51:32:4581,"(75.75, 159.50)",,,,
14:51:32:4688,"(75.75, 159.50)",,,,
14:51:32:4805,"(93.75, 164.50)",,,,
14:51:32:4905,"(105.75, 164.50)",,,,
14:51:32:5036,"(138.75, 164.50)",,,,
14:51:32:5122,"(138.75, 164.50)",,,,
14:51:32:5253,"(185.75, 164.50)",,,,
14:51:32:5377,"(213.75, 164.50)",,,,
14:51:32:5489,"(283.75, 162.50)",,,,
14:51:32:5605,"(328.75, 157.50)",,,,
14:51:32:5706,"(433.75, 142.50)",,,,
14:51:32:5845,"(560.75, 122.50)",,,,
14:51:32:5946,"(623.75, 114.50)",,,,
14:51:32:6066,"(745.75, 92.50)",,,,
14:51:32:6183,"(800.75, 74.50)",,,,
14:51:32:6299,"(843.75, 62.50)",,,,
14:51:32:6415,"(885.75, 47.50)",,,,
14:51:32:6585,"(940.75, 22.50)",,,,
14:51:32:6717,"(958.75, 12.50)",,,,
14:51:32:6817,"(958.75, 12.50)",,,,
14:51:32:6912,"(958.75, 12.50)",,,,
14:51:32:7035,"(958.75, 12.50)",,,,
14:51:32:7193,"(958.75, 12.50)",,,,
14:51:32:7333,"(958.75, 12.50)",,,,
14:51:32:7468,"(958.75, 12.50)",,,,
14:51:32:7606,"(958.75, 12.50)",,,,
14:51:32:7757,"(958.75, 12.50)",,,,
14:51:32:7891,"(958.75, 12.50)",,,,
14:51:32:8058,"(958.75, 12.50)",,,,
14:51:32:8209,"(958.75, 12.50)",,,,
14:51:32:8352,"(958.75, 12.50)",,,,
14:51:32:8484,"(958.75, 12.50)",,,,
14:51:32:8620,"(958.75, 12.50)",,,,
14:51:32:8761,"(958.75, 12.50)",,,,
14:51:32:8898,"(958.75, 12.50)",,,,
14:51:32:9056,"(958.75, 12.50)",,,,
14:51:32:9196,"(958.75, 12.50)",,,,
14:51:32:9350,"(958.75, 12.50)",,,,
14:51:32:9504,"(941.75, 16.50)",,,,
14:51:32:9668,"(931.75, 21.50)",,,,
14:51:32:9831,"(923.75, 21.50)",,,,
14:51:32:9993,"(918.75, 21.50)",,,,
14:51:33:0187,"(913.75, 21.50)",,,,
14:51:33:0356,"(911.75, 21.50)",,,,
14:51:33:0492,"(906.75, 21.50)",,,,
14:51:33:0583,"(906.75, 21.50)",,,,
14:51:33:0701,"(898.75, 24.50)",,,,
14:51:33:0784,"(898.75, 24.50)",,,,
14:51:33:0903,"(896.75, 24.50)",,,,
14:51:33:1019,"(893.75, 26.50)",,,,
14:51:33:1108,"(893.75, 26.50)",,,,
14:51:33:1226,"(891.75, 26.50)",,,,
14:51:33:1315,"(891.75, 26.50)",,,,
14:51:33:1408,"(891.75, 26.50)",,,,
14:51:33:1512,"(891.75, 26.50)",,,,
14:51:33:1591,"(891.75, 26.50)",,,,
14:51:33:1688,"(891.75, 26.50)",,,,
14:51:33:1781,"(891.75, 26.50)",,,,
14:51:33:1879,"(891.75, 26.50)",,,,
14:51:33:1978,"(891.75, 26.50)",,,,
14:51:33:2071,"(891.75, 26.50)",,,,
14:51:33:2173,"(891.75, 26.50)",,,,
14:51:33:2304,"(883.75, 31.50)",,,,
14:51:33:2416,"(878.75, 36.50)",,,,
14:51:33:2528,"(873.75, 39.50)",,,,
14:51:33:2646,"(871.75, 41.50)",,,,
14:51:33:2764,"(868.75, 41.50)",,,,
14:51:33:2861,"(868.75, 41.50)",,,,
14:51:33:2974,"(863.75, 44.50)",,,,
14:51:33:3066,"(863.75, 44.50)",,,,
14:51:33:3169,"(863.75, 44.50)",,,,
14:51:33:3266,"(863.75, 44.50)",,,,
14:51:33:3372,"(863.75, 44.50)",,,,
14:51:33:3474,"(863.75, 44.50)",,,,
14:51:33:3559,"(863.75, 44.50)",,,,
14:51:33:3745,"(863.75, 44.50)",,,,
14:51:33:3880,"(863.75, 44.50)",,,,
14:51:33:3981,"(863.75, 44.50)",,,,
14:51:33:4073,"(863.75, 44.50)",,,,
14:51:33:4178,"(863.75, 44.50)",,,,
14:51:33:4272,"(863.75, 44.50)",,,,
14:51:33:4373,"(863.75, 44.50)",,,,
14:51:33:4472,"(863.75, 44.50)",,,,
14:51:33:4565,"(863.75, 44.50)",,,,
14:51:33:4683,"(863.75, 44.50)",,,,
14:51:33:4773,"(863.75, 44.50)",,,,
14:51:33:4870,"(863.75, 44.50)",,,,
14:51:33:5030,"(863.75, 44.50)",,W-23_S-1,failed,nextMission
14:51:33:5154,"(863.75, 44.50)",,,,
14:51:33:5302,"(863.75, 44.50)",,,,
14:51:33:5415,"(863.75, 44.50)",,,,
14:51:33:5532,"(863.75, 44.50)",,,,
14:51:33:5619,"(863.75, 44.50)",,,,
14:51:33:5794,"(863.75, 44.50)",,,,
14:51:33:5886,"(863.75, 44.50)",,,,
14:51:33:5993,"(863.75, 44.50)",,,,
14:51:33:6087,"(863.75, 44.50)",,,,
14:51:33:6194,"(863.75, 44.50)",,,,
14:51:33:6290,"(863.75, 44.50)",,,,
14:51:33:6388,"(863.75, 44.50)",,,,
14:51:33:6486,"(863.75, 44.50)",,,,
14:51:33:6584,"(863.75, 44.50)",,,,
14:51:33:6688,"(863.75, 44.50)",,,,
14:51:33:6789,"(863.75, 44.50)",,,,
14:51:33:6890,"(863.75, 44.50)",,,,
14:51:33:6986,"(863.75, 44.50)",,,,
14:51:33:7097,"(863.75, 44.50)",,,,
14:51:33:7250,"(863.75, 44.50)",,,,
14:51:33:7420,"(863.75, 44.50)",,,,
14:51:33:7559,"(863.75, 44.50)",,,,
14:51:33:7703,"(863.75, 44.50)",,,,
14:51:33:7869,"(863.75, 44.50)",,,,
14:51:33:8027,"(863.75, 44.50)",,,,
14:51:33:8173,"(863.75, 44.50)",,,,
14:51:33:8309,"(863.75, 44.50)",,,,
14:51:33:8476,"(863.75, 44.50)",,,,
14:51:33:8617,"(863.75, 44.50)",,,,
14:51:33:8759,"(863.75, 44.50)",,,,
14:51:33:8902,"(863.75, 44.50)",,,,
14:51:33:9044,"(863.75, 44.50)",,,,
14:51:33:9210,"(863.75, 44.50)",,,,
14:51:33:9369,"(863.75, 44.50)",,,,
14:51:33:9519,"(863.75, 44.50)",,,,
14:51:33:9650,"(863.75, 44.50)",,,,
14:51:33:9807,"(863.75, 44.50)",,,,
14:51:33:9910,"(863.75, 44.50)",,,,
14:51:34:0011,"(863.75, 44.50)",,,,
14:51:34:0114,"(863.75, 44.50)",,,,
14:51:34:0212,"(863.75, 44.50)",,,,
14:51:34:0305,"(863.75, 44.50)",,,,
14:51:34:0447,"(863.75, 44.50)",,,,
14:51:34:0544,"(863.75, 44.50)",,,,
14:51:34:0646,"(863.75, 44.50)",,,,
14:51:34:0745,"(863.75, 44.50)",,,,
14:51:34:0846,"(863.75, 44.50)",,,,
14:51:34:0944,"(863.75, 44.50)",,,,
14:51:34:1045,"(863.75, 44.50)",,,,
14:51:34:1147,"(863.75, 44.50)",,,,
14:51:34:1243,"(863.75, 44.50)",,,,
14:51:34:1345,"(863.75, 44.50)",,,,
14:51:34:1441,"(863.75, 44.50)",,,,
14:51:34:1542,"(863.75, 44.50)",,,,
14:51:34:1649,"(863.75, 44.50)",,,,
14:51:34:1749,"(863.75, 44.50)",,,,
14:51:34:1901,"(863.75, 44.50)",,W-58_S-1,success,nextMission
14:51:34:2083,"(863.75, 44.50)",,,,
14:51:34:2211,"(863.75, 44.50)",,,,
14:51:34:2315,"(863.75, 44.50)",,,,
14:51:34:2407,"(863.75, 44.50)",,,,
14:51:34:2508,"(863.75, 44.50)",,,,
14:51:34:2603,"(863.75, 44.50)",,,,
14:51:34:2708,"(863.75, 44.50)",,,,
14:51:34:2800,"(863.75, 44.50)",,,,
14:51:34:2912,"(863.75, 44.50)",,,,
14:51:34:3019,"(863.75, 44.50)",,,,
14:51:34:3115,"(863.75, 44.50)",,,,
14:51:34:3214,"(863.75, 44.50)",,,,
14:51:34:3319,"(863.75, 44.50)",,,,
14:51:34:3410,"(863.75, 44.50)",,,,
14:51:34:3521,"(863.75, 44.50)",,,,
14:51:34:3637,"(863.75, 44.50)",,,,
14:51:34:3728,"(863.75, 44.50)",,,,
14:51:34:3839,"(863.75, 44.50)",,,,
14:51:34:3929,"(863.75, 44.50)",,,,
14:51:34:4108,"(863.75, 44.50)",,,,
14:51:34:4221,"(863.75, 44.50)",,,,
14:51:34:4322,"(863.75, 44.50)",,,,
14:51:34:4429,"(863.75, 44.50)",,,,
14:51:34:4531,"(863.75, 44.50)",,,,
14:51:34:4628,"(863.75, 44.50)",,,,
14:51:34:4726,"(863.75, 44.50)",,,,
14:51:34:4824,"(863.75, 44.50)",,,,
14:51:34:4954,"(863.75, 44.50)",,,,
14:51:34:5057,"(863.75, 44.50)",,,,
14:51:34:5155,"(863.75, 44.50)",,,,
14:51:34:5256,"(863.75, 44.50)",,,,
14:51:34:5372,"(863.75, 44.50)",,,,
14:51:34:5472,"(863.75, 44.50)",,,,
14:51:34:5571,"(863.75, 44.50)",,,,
14:51:34:5695,"(863.75, 44.50)",,,,
14:51:34:5807,"(863.75, 44.50)",,,,
14:51:34:5909,"(863.75, 44.50)",,,,
14:51:34:6026,"(863.75, 44.50)",,,,
14:51:34:6126,"(863.75, 44.50)",,,,
14:51:34:6226,"(863.75, 44.50)",,,,
14:51:34:6323,"(863.75, 44.50)",,,,
14:51:34:6426,"(863.75, 44.50)",,,,
14:51:34:6548,"(863.75, 44.50)",,,,
14:51:34:6658,"(863.75, 44.50)",,,,
14:51:34:6802,"(863.75, 44.50)",,W-29_S-1,failed,nextMission
14:51:34:6929,"(863.75, 44.50)",,,,
14:51:34:7063,"(863.75, 44.50)",,,,
14:51:34:7203,"(863.75, 44.50)",,,,
14:51:34:7384,"(863.75, 44.50)",,,,
14:51:34:7531,"(863.75, 44.50)",,,,
14:51:34:7703,"(863.75, 44.50)",,,,
14:51:34:7871,"(863.75, 44.50)",,,,
14:51:34:8048,"(863.75, 44.50)",,,,
14:51:34:8363,"(863.75, 44.50)",,,,
14:51:34:8511,"(863.75, 44.50)",,,,
14:51:34:8687,"(863.75, 44.50)",,,,
14:51:34:8852,"(863.75, 44.50)",,,,
14:51:34:9000,"(863.75, 44.50)",,,,
14:51:34:9200,"(863.75, 44.50)",,W-30_S-1,success,nextMission
14:51:34:9463,"(863.75, 44.50)",,,,
14:51:34:9645,"(863.75, 44.50)",,,,
14:51:34:9803,"(863.75, 44.50)",,,,
14:51:34:9983,"(863.75, 44.50)",,,,
14:51:35:0146,"(863.75, 44.50)",,,,
14:51:35:0397,"(863.75, 44.50)",,,,
14:51:35:0560,"(863.75, 44.50)",,,,
14:51:35:0716,"(863.75, 44.50)",,,,
14:51:35:0871,"(863.75, 44.50)",,,,
14:51:35:1090,"(863.75, 44.50)",,W-58_S-2,failed,nextMission
14:51:35:1341,"(863.75, 44.50)",,,,
14:51:35:1489,"(863.75, 44.50)",,,,
14:51:35:1592,"(863.75, 44.50)",,,,
14:51:35:1689,"(863.75, 44.50)",,,,
14:51:35:1798,"(863.75, 44.50)",,,,
14:51:35:1911,"(863.75, 44.50)",,,,
14:51:35:2040,"(863.75, 44.50)",,,,
14:51:35:2148,"(863.75, 44.50)",,,,
14:51:35:2330,"(863.75, 44.50)",,,,
14:51:35:2431,"(863.75, 44.50)",,,,
14:51:35:2532,"(863.75, 44.50)",,,,
14:51:35:2660,"(863.75, 44.50)",,,,
14:51:35:2754,"(863.75, 44.50)",,,,
14:51:35:2871,"(863.75, 44.50)",,,,
14:51:35:2969,"(863.75, 44.50)",,,,
14:51:35:3122,"(863.75, 44.50)",,W-30_S-1,success,nextMission
14:51:35:3295,"(863.75, 44.50)",,,,
14:51:35:3426,"(863.75, 44.50)",,,,
14:51:35:3532,"(863.75, 44.50)",,,,
14:51:35:3633,"(863.75, 44.50)",,,,
14:51:35:3748,"(863.75, 44.50)",,,,
14:51:35:3850,"(863.75, 44.50)",,,,
14:51:35:3987,"(863.75, 44.50)",,,,
14:51:35:4093,"(863.75, 44.50)",,,,
14:51:35:4201,"(863.75, 44.50)",,,,
14:51:35:4379,"(863.75, 44.50)",,,,
14:51:35:4485,"(863.75, 44.50)",,,,
14:51:35:4586,"(863.75, 44.50)",,,,
14:51:35:4707,"(863.75, 44.50)",,,,
14:51:35:4818,"(863.75, 44.50)",,,,
14:51:35:4924,"(863.75, 44.50)",,,,
14:51:35:5034,"(863.75, 44.50)",,,,
14:51:35:5201,"(863.75, 44.50)",,W-43_S-1,failed,nextMission
14:51:35:5414,"(863.75, 44.50)",,,,
14:51:35:5551,"(863.75, 44.50)",,,,
14:51:35:5657,"(863.75, 44.50)",,,,
14:51:35:5773,"(863.75, 44.50)",,,,
14:51:35:5879,"(863.75, 44.50)",,,,
14:51:35:5979,"(863.75, 44.50)",,,,
14:51:35:6085,"(863.75, 44.50)",,,,
14:51:35:6205,"(863.75, 44.50)",,,,
14:51:35:6394,"(863.75, 44.50)",,,,
14:51:35:6515,"(863.75, 44.50)",,,,
14:51:35:6636,"(863.75, 44.50)",,,,
14:51:35:6736,"(863.75, 44.50)",,,,
14:51:35:6832,"(863.75, 44.50)",,,,
14:51:35:6947,"(863.75, 44.50)",,,,
14:51:35:7061,"(863.75, 44.50)",,,,
14:51:35:7174,"(863.75, 44.50)",,,,
14:51:35:7270,"(863.75, 44.50)",,,,
14:51:35:7426,"(863.75, 44.50)",,,,
14:51:35:7690,"(863.75, 44.50)",,W-34_S-2,failed,nextMission
14:51:35:7933,"(863.75, 44.50)",,,,
14:51:35:8119,"(863.75, 44.50)",,,,
14:51:35:8277,"(863.75, 44.50)",,,,
14:51:35:8525,"(863.75, 44.50)",,,,
14:51:35:8671,"(863.75, 44.50)",,,,
14:51:35:8814,"(863.75, 44.50)",,,,
14:51:35:8981,"(863.75, 44.50)",,,,
14:51:35:9144,"(863.75, 44.50)",,,,
14:51:35:9336,"(863.75, 44.50)",,,,
14:51:35:9472,"(863.75, 44.50)",,,,
14:51:35:9587,"(863.75, 44.50)",,,,
14:51:35:9701,"(863.75, 44.50)",,,,
14:51:35:9814,"(863.75, 44.50)",,,,
14:51:35:9922,"(863.75, 44.50)",,,,
14:51:36:0030,"(863.75, 44.50)",,,,
14:51:36:0137,"(863.75, 44.50)",,,,
14:51:36:0247,"(863.75, 44.50)",,,,
14:51:36:0360,"(863.75, 44.50)",,,,
14:51:36:0457,"(863.75, 44.50)",,,,
14:51:36:0574,"(863.75, 44.50)",,,,
14:51:36:0676,"(863.75, 44.50)",,,,
14:51:36:0809,"(863.75, 44.50)",,,,
14:51:36:0922,"(863.75, 44.50)",,,,
14:51:36:1037,"(863.75, 44.50)",,,,
14:51:36:1134,"(863.75, 44.50)",,,,
14:51:36:1245,"(863.75, 44.50)",,,,
14:51:36:1361,"(863.75, 44.50)",,,,
14:51:36:1459,"(863.75, 44.50)",,,,
14:51:36:1610,"(863.75, 44.50)",,,,
14:51:36:1720,"(863.75, 44.50)",,,,
14:51:36:1835,"(863.75, 44.50)",,,,
14:51:36:1932,"(863.75, 44.50)",,,,
14:51:36:2047,"(863.75, 44.50)",,,,
14:51:36:2160,"(863.75, 44.50)",,,,
14:51:36:2320,"(863.75, 44.50)",,W-20_S-1,success,nextMission
14:51:36:2501,"(863.75, 44.50)",,,,
14:51:36:2714,"(863.75, 44.50)",,,,
14:51:36:2821,"(863.75, 44.50)",,,,
14:51:36:2927,"(863.75, 44.50)",,,,
14:51:36:3044,"(863.75, 44.50)",,,,
14:51:36:3159,"(863.75, 44.50)",,,,
14:51:36:3273,"(863.75, 44.50)",,,,
14:51:36:3384,"(863.75, 44.50)",,,,
14:51:36:3487,"(863.75, 44.50)",,,,
14:51:36:3605,"(863.75, 44.50)",,,,
14:51:36:3713,"(863.75, 44.50)",,,,
14:51:36:3820,"(863.75, 44.50)",,,,
14:51:36:3940,"(863.75, 44.50)",,,,
14:51:36:4045,"(863.75, 44.50)",,,,
14:51:36:4155,"(863.75, 44.50)",,,,
14:51:36:4268,"(863.75, 44.50)",,,,
14:51:36:4385,"(863.75, 44.50)",,,,
14:51:36:4502,"(863.75, 44.50)",,,,
14:51:36:4608,"(863.75, 44.50)",,,,
14:51:36:4720,"(863.75, 44.50)",,,,
14:51:36:4831,"(863.75, 44.50)",,,,
14:51:36:4957,"(863.75, 44.50)",,,,
14:51:36:5058,"(863.75, 44.50)",,,,
14:51:36:5174,"(863.75, 44.50)",,,,
14:51:36:5292,"(863.75, 44.50)",,,,
14:51:36:5403,"(863.75, 44.50)",,,,
14:51:36:5512,"(863.75, 44.50)",,,,
14:51:36:5621,"(863.75, 44.50)",,,,
14:51:36:5728,"(863.75, 44.50)",,,,
14:51:36:5836,"(863.75, 44.50)",,,,
14:51:36:5943,"(863.75, 44.50)",,,,
14:51:36:6058,"(863.75, 44.50)",,,,
14:51:36:6177,"(863.75, 44.50)",,,,
14:51:36:6278,"(863.75, 44.50)",,,,
14:51:36:6424,"(863.75, 44.50)",,,,
14:51:36:6547,"(863.75, 44.50)",,,,
14:51:36:6660,"(863.75, 44.50)",,,,
14:51:36:6768,"(863.75, 44.50)",,,,
14:51:36:6886,"(863.75, 44.50)",,,,
14:51:36:6995,"(863.75, 44.50)",,,,
14:51:36:7118,"(863.75, 44.50)",,,,
14:51:36:7226,"(863.75, 44.50)",,,,
14:51:36:7333,"(863.75, 44.50)",,,,
14:51:36:7487,"(863.75, 44.50)",,,,
14:51:36:7649,"(863.75, 44.50)",,,,
14:51:36:7812,"(863.75, 44.50)",,,,
14:51:36:8027,"(863.75, 44.50)",,W-32_S-1,success,nextMission
14:51:36:8345,"(863.75, 44.50)",,,,
14:51:36:8580,"(863.75, 44.50)",,,,
14:51:36:8778,"(863.75, 44.50)",,,,
14:51:36:9082,"(863.75, 44.50)",,,,
14:51:36:9314,"(863.75, 44.50)",,,,
14:51:36:9544,"(863.75, 44.50)",,,,
14:51:36:9746,"(863.75, 44.50)",,,,
14:51:36:9954,"(863.75, 44.50)",,,,
14:51:37:0223,"(863.75, 44.50)",,,,
14:51:37:0452,"(863.75, 44.50)",,,,
14:51:37:0622,"(863.75, 44.50)",,,,
14:51:37:0783,"(863.75, 44.50)",,,,
14:51:37:0943,"(863.75, 44.50)",,,,
14:51:37:1111,"(863.75, 44.50)",,,,
14:51:37:1273,"(863.75, 44.50)",,,,
14:51:37:1446,"(863.75, 44.50)",,,,
14:51:37:1790,"(863.75, 44.50)",,,,
14:51:37:1896,"(863.75, 44.50)",,,,
14:51:37:2004,"(863.75, 44.50)",,,,
14:51:37:2127,"(863.75, 44.50)",,,,
14:51:37:2242,"(863.75, 44.50)",,,,
14:51:37:2345,"(863.75, 44.50)",,,,
14:51:37:2460,"(863.75, 44.50)",,,,
14:51:37:2584,"(863.75, 44.50)",,,,
14:51:37:2700,"(863.75, 44.50)",,,,
14:51:37:2807,"(863.75, 44.50)",,,,
14:51:37:2923,"(863.75, 44.50)",,,,
14:51:37:3051,"(863.75, 44.50)",,,,
14:51:37:3158,"(863.75, 44.50)",,,,
14:51:37:3268,"(863.75, 44.50)",,,,
14:51:37:3380,"(863.75, 44.50)",,,,
14:51:37:3498,"(863.75, 44.50)",,,,
14:51:37:3621,"(863.75, 44.50)",,,,
14:51:37:3737,"(863.75, 44.50)",,,,
14:51:37:3854,"(863.75, 44.50)",,,,
14:51:37:3965,"(863.75, 44.50)",,,,
14:51:37:4076,"(863.75, 44.50)",,,,
14:51:37:4190,"(863.75, 44.50)",,,,
14:51:37:4302,"(863.75, 44.50)",,,,
14:51:37:4416,"(863.75, 44.50)",,,,
14:51:37:4525,"(863.75, 44.50)",,,,
14:51:37:4630,"(863.75, 44.50)",,,,
14:51:37:4758,"(863.75, 44.50)",,,,
14:51:37:4878,"(863.75, 44.50)",,,,
14:51:37:4990,"(863.75, 44.50)",,,,
14:51:37:5115,"(863.75, 44.50)",,,,
14:51:37:5223,"(863.75, 44.50)",,,,
14:51:37:5371,"(863.75, 44.50)",,,,
14:51:37:5488,"(863.75, 44.50)",,,,
14:51:37:5599,"(863.75, 44.50)",,,,
14:51:37:5706,"(863.75, 44.50)",,,,
14:51:37:5834,"(863.75, 44.50)",,,,
14:51:37:5947,"(863.75, 44.50)",,,,
14:51:37:6062,"(863.75, 44.50)",,,,
14:51:37:6183,"(863.75, 44.50)",,,,
14:51:37:6304,"(863.75, 44.50)",,,,
14:51:37:6429,"(863.75, 44.50)",,,,
14:51:37:6537,"(863.75, 44.50)",,,,
14:51:37:6685,"(863.75, 44.50)",,,,
14:51:37:6801,"(863.75, 44.50)",,,,
14:51:37:6970,"(863.75, 44.50)",,W-10_S-1,success,nextMission
14:51:37:7167,"(863.75, 44.50)",,,,
14:51:37:7316,"(863.75, 44.50)",,,,
14:51:37:7442,"(863.75, 44.50)",,,,
14:51:37:7565,"(863.75, 44.50)",,,,
14:51:37:7737,"(863.75, 44.50)",,,,
14:51:37:7894,"(863.75, 44.50)",,,,
14:51:37:8054,"(863.75, 44.50)",,,,
14:51:37:8226,"(863.75, 44.50)",,,,
14:51:37:8382,"(863.75, 44.50)",,,,
14:51:37:8555,"(863.75, 44.50)",,,,
14:51:37:8733,"(863.75, 44.50)",,,,
14:51:37:8894,"(863.75, 44.50)",,,,
14:51:37:9066,"(863.75, 44.50)",,,,
14:51:37:9336,"(863.75, 44.50)",,,,
14:51:37:9501,"(863.75, 44.50)",,,,
14:51:37:9673,"(863.75, 44.50)",,,,
14:51:37:9844,"(863.75, 44.50)",,,,
14:51:38:0019,"(863.75, 44.50)",,,,
14:51:38:0176,"(863.75, 44.50)",,,,
14:51:38:0287,"(863.75, 44.50)",,,,
14:51:38:0408,"(863.75, 44.50)",,,,
14:51:38:0524,"(863.75, 44.50)",,,,
14:51:38:0628,"(863.75, 44.50)",,,,
14:51:38:0745,"(863.75, 44.50)",,,,
14:51:38:0879,"(863.75, 44.50)",,,,
14:51:38:0995,"(863.75, 44.50)",,,,
14:51:38:1122,"(863.75, 44.50)",,,,
14:51:38:1230,"(863.75, 44.50)",,,,
14:51:38:1348,"(863.75, 44.50)",,,,
14:51:38:1475,"(863.75, 44.50)",,,,
14:51:38:1598,"(863.75, 44.50)",,,,
14:51:38:1710,"(863.75, 44.50)",,,,
14:51:38:1822,"(863.75, 44.50)",,,,
14:51:38:1970,"(863.75, 44.50)",,,,
14:51:38:2101,"(863.75, 44.50)",,,,
14:51:38:2243,"(863.75, 44.50)",,,,
14:51:38:2391,"(863.75, 44.50)",,,,
14:51:38:2534,"(863.75, 44.50)",,,,
14:51:38:2673,"(863.75, 44.50)",,,,
14:51:38:2806,"(863.75, 44.50)",,,,
14:51:38:2953,"(863.75, 44.50)",,,,
14:51:38:3099,"(863.75, 44.50)",,,,
14:51:38:3258,"(863.75, 44.50)",,,,
14:51:38:3384,"(863.75, 44.50)",,,,
14:51:38:3504,"(863.75, 44.50)",,,,
14:51:38:3633,"(863.75, 44.50)",,,,
14:51:38:3754,"(863.75, 44.50)",,,,
14:51:38:3885,"(863.75, 44.50)",,,,
14:51:38:4008,"(863.75, 44.50)",,,,
14:51:38:4120,"(863.75, 44.50)",,,,
14:51:38:4237,"(863.75, 44.50)",,,,
14:51:38:4365,"(863.75, 44.50)",,,,
14:51:38:4481,"(863.75, 44.50)",,,,
14:51:38:4610,"(863.75, 44.50)",,,,
14:51:38:4717,"(863.75, 44.50)",,,,
14:51:38:4832,"(863.75, 44.50)",,,,
14:51:38:4949,"(863.75, 44.50)",,,,
14:51:38:5076,"(863.75, 44.50)",,,,
14:51:38:5204,"(863.75, 44.50)",,,,
14:51:38:5315,"(863.75, 44.50)",,,,
14:51:38:5446,"(863.75, 44.50)",,,,
14:51:38:5563,"(863.75, 44.50)",,,,
14:51:38:5684,"(863.75, 44.50)",,,,
14:51:38:5806,"(863.75, 44.50)",,,,
14:51:38:5915,"(863.75, 44.50)",,,,
14:51:38:6047,"(863.75, 44.50)",,,,
14:51:38:6160,"(863.75, 44.50)",,,,
14:51:38:6283,"(863.75, 44.50)",,,,
14:51:38:6399,"(863.75, 44.50)",,,,
14:51:38:6502,"(863.75, 44.50)",,,,
14:51:38:6622,"(863.75, 44.50)",,,,
14:51:38:6756,"(863.75, 44.50)",,,,
14:51:38:6868,"(863.75, 44.50)",,,,
14:51:38:6976,"(863.75, 44.50)",,,,
14:51:38:7114,"(863.75, 44.50)",,,,
14:51:38:7226,"(863.75, 44.50)",,,,
14:51:38:7343,"(863.75, 44.50)",,,,
14:51:38:7468,"(863.75, 44.50)",,,,
14:51:38:7587,"(863.75, 44.50)",,,,
14:51:38:7731,"(863.75, 44.50)",,,,
14:51:38:7895,"(863.75, 44.50)",,,,
14:51:38:8063,"(863.75, 44.50)",,,,
14:51:38:8233,"(863.75, 44.50)",,,,
14:51:38:8399,"(863.75, 44.50)",,,,
14:51:38:8628,"(863.75, 44.50)",,,,
14:51:38:8863,"(863.75, 44.50)",,,,
14:51:38:9061,"(863.75, 44.50)",,,,
14:51:38:9274,"(863.75, 44.50)",,,,
14:51:38:9544,"(863.75, 44.50)",,,,
14:51:38:9755,"(863.75, 44.50)",,,,
14:51:38:9947,"(863.75, 44.50)",,,,
14:51:39:0137,"(863.75, 44.50)",,,,
14:51:39:0370,"(863.75, 44.50)",,,,
14:51:39:0572,"(863.75, 44.50)",,,,
14:51:39:0840,"(863.75, 44.50)",,W-46_S-1,success,nextMission
14:51:39:1159,"(863.75, 44.50)",,,,
14:51:39:1391,"(863.75, 44.50)",,,,
14:51:39:1599,"(863.75, 44.50)",,,,
14:51:39:1883,"(863.75, 44.50)",,,,
14:51:39:2014,"(863.75, 44.50)",,,,
14:51:39:2155,"(863.75, 44.50)",,,,
14:51:39:2298,"(863.75, 44.50)",,,,
14:51:39:2458,"(863.75, 44.50)",,,,
14:51:39:2613,"(863.75, 44.50)",,,,
14:51:39:2772,"(863.75, 44.50)",,,,
14:51:39:2908,"(863.75, 44.50)",,,,
14:51:39:3065,"(863.75, 44.50)",,,,
14:51:39:3187,"(863.75, 44.50)",,,,
14:51:39:3318,"(863.75, 44.50)",,,,
14:51:39:3443,"(863.75, 44.50)",,,,
14:51:39:3563,"(863.75, 44.50)",,,,
14:51:39:3698,"(863.75, 44.50)",,,,
14:51:39:3817,"(863.75, 44.50)",,,,
14:51:39:3969,"(863.75, 44.50)",,,,
14:51:39:4085,"(863.75, 44.50)",,,,
14:51:39:4227,"(863.75, 44.50)",,,,
14:51:39:4360,"(863.75, 44.50)",,,,
14:51:39:4476,"(863.75, 44.50)",,,,
14:51:39:4613,"(863.75, 44.50)",,,,
14:51:39:4744,"(863.75, 44.50)",,,,
14:51:39:4876,"(863.75, 44.50)",,,,
14:51:39:5005,"(863.75, 44.50)",,,,
14:51:39:5116,"(863.75, 44.50)",,,,
14:51:39:5257,"(863.75, 44.50)",,,,
14:51:39:5383,"(863.75, 44.50)",,,,
14:51:39:5534,"(863.75, 44.50)",,,,
14:51:39:5648,"(863.75, 44.50)",,,,
14:51:39:5800,"(863.75, 44.50)",,,,
14:51:39:5913,"(863.75, 44.50)",,,,
14:51:39:6051,"(863.75, 44.50)",,,,
14:51:39:6199,"(863.75, 44.50)",,,,
14:51:39:6311,"(863.75, 44.50)",,,,
14:51:39:6452,"(863.75, 44.50)",,,,
14:51:39:6578,"(863.75, 44.50)",,,,
14:51:39:6704,"(863.75, 44.50)",,,,
14:51:39:6835,"(863.75, 44.50)",,,,
14:51:39:6961,"(863.75, 44.50)",,,,
14:51:39:7096,"(863.75, 44.50)",,,,
14:51:39:7217,"(863.75, 44.50)",,,,
14:51:39:7353,"(863.75, 44.50)",,,,
14:51:39:7469,"(863.75, 44.50)",,,,
14:51:39:7605,"(863.75, 44.50)",,,,
14:51:39:7716,"(863.75, 44.50)",,,,
14:51:39:7884,"(863.75, 44.50)",,,,
14:51:39:8047,"(863.75, 44.50)",,,,
14:51:39:8213,"(863.75, 44.50)",,,,
14:51:39:8381,"(863.75, 44.50)",,,,
14:51:39:8544,"(863.75, 44.50)",,,,
14:51:39:8757,"(863.75, 44.50)",,,,
14:51:39:8934,"(863.75, 44.50)",,,,
14:51:39:9096,"(863.75, 44.50)",,,,
14:51:39:9283,"(863.75, 44.50)",,,,
14:51:39:9488,"(863.75, 44.50)",,,,
14:51:39:9666,"(863.75, 44.50)",,,,
14:51:39:9834,"(863.75, 44.50)",,,,
14:51:40:0037,"(863.75, 44.50)",,,,
14:51:40:0235,"(863.75, 44.50)",,,,
14:51:40:0408,"(863.75, 44.50)",,,,
14:51:40:0580,"(863.75, 44.50)",,,,
14:51:40:0717,"(863.75, 44.50)",,,,
14:51:40:0855,"(863.75, 44.50)",,,,
14:51:40:0986,"(863.75, 44.50)",,,,
14:51:40:1108,"(863.75, 44.50)",,,,
14:51:40:1249,"(863.75, 44.50)",,,,
14:51:40:1371,"(863.75, 44.50)",,,,
14:51:40:1530,"(863.75, 44.50)",,W-10_S-1,failed,nextMission
14:51:40:1727,"(863.75, 44.50)",,,,
14:51:40:1889,"(863.75, 44.50)",,,,
14:51:40:2021,"(863.75, 44.50)",,,,
14:51:40:2129,"(863.75, 44.50)",,,,
14:51:40:2335,"(863.75, 44.50)",,,,
14:51:40:2461,"(863.75, 44.50)",,,,
14:51:40:2602,"(863.75, 44.50)",,,,
14:51:40:2722,"(863.75, 44.50)",,,,
14:51:40:2869,"(863.75, 44.50)",,,,
14:51:40:2990,"(863.75, 44.50)",,,,
14:51:40:3121,"(863.75, 44.50)",,,,
14:51:40:3257,"(863.75, 44.50)",,,,
14:51:40:3383,"(863.75, 44.50)",,,,
14:51:40:3504,"(863.75, 44.50)",,,,
14:51:40:3628,"(863.75, 44.50)",,,,
14:51:40:3795,"(863.75, 44.50)",,W-51_S-1,success,nextMission
14:51:40:3947,"(863.75, 44.50)",,,,
14:51:40:4108,"(863.75, 44.50)",,,,
14:51:40:4254,"(863.75, 44.50)",,,,
14:51:40:4455,"(863.75, 44.50)",,,,
14:51:40:4596,"(863.75, 44.50)",,,,
14:51:40:4722,"(863.75, 44.50)",,,,
14:51:40:4863,"(863.75, 44.50)",,,,
14:51:40:4999,"(863.75, 44.50)",,,,
14:51:40:5125,"(863.75, 44.50)",,,,
14:51:40:5251,"(863.75, 44.50)",,,,
14:51:40:5382,"(863.75, 44.50)",,,,
14:51:40:5508,"(863.75, 44.50)",,,,
14:51:40:5639,"(863.75, 44.50)",,,,
14:51:40:5785,"(863.75, 44.50)",,,,
14:51:40:5921,"(863.75, 44.50)",,,,
14:51:40:6083,"(863.75, 44.50)",,W-23_S-1,success,nextMission
14:51:40:6297,"(863.75, 44.50)",,,,
14:51:40:6520,"(863.75, 44.50)",,,,
14:51:40:6646,"(863.75, 44.50)",,,,
14:51:40:6787,"(863.75, 44.50)",,,,
14:51:40:6940,"(863.75, 44.50)",,,,
14:51:40:7067,"(863.75, 44.50)",,,,
14:51:40:7198,"(863.75, 44.50)",,,,
14:51:40:7320,"(863.75, 44.50)",,,,
14:51:40:7448,"(863.75, 44.50)",,,,
14:51:40:7576,"(863.75, 44.50)",,,,
14:51:40:7701,"(863.75, 44.50)",,,,
14:51:40:7844,"(863.75, 44.50)",,,,
14:51:40:8059,"(863.75, 44.50)",,W-34_S-2,success,nextMission
14:51:40:8316,"(863.75, 44.50)",,,,
14:51:40:8627,"(863.75, 44.50)",,,,
14:51:40:8801,"(863.75, 44.50)",,,,
14:51:40:9028,"(863.75, 44.50)",,,,
14:51:40:9209,"(863.75, 44.50)",,,,
14:51:40:9380,"(863.75, 44.50)",,,,
14:51:40:9550,"(863.75, 44.50)",,,,
14:51:40:9718,"(863.75, 44.50)",,,,
14:51:40:9899,"(863.75, 44.50)",,,,
14:51:41:0131,"(863.75, 44.50)",,W-43_S-1,success,nextMission
14:51:41:0387,"(863.75, 44.50)",,,,
14:51:41:0693,"(863.75, 44.50)",,,,
14:51:41:0870,"(863.75, 44.50)",,,,
14:51:41:1140,"(863.75, 44.50)",,,,
14:51:41:1307,"(863.75, 44.50)",,,,
14:51:41:1430,"(863.75, 44.50)",,,,
14:51:41:1567,"(863.75, 44.50)",,,,
14:51:41:1694,"(863.75, 44.50)",,,,
14:51:41:1828,"(863.75, 44.50)",,,,
14:51:41:1991,"(863.75, 44.50)",,W-6_S-1,failed,nextMission
14:51:41:2154,"(863.75, 44.50)",,,,
14:51:41:2314,"(863.75, 44.50)",,,,
14:51:41:2471,"(863.75, 44.50)",,,,
14:51:41:2658,"(863.75, 44.50)",,,,
14:51:41:2792,"(863.75, 44.50)",,,,
14:51:41:2947,"(863.75, 44.50)",,,,
14:51:41:3090,"(863.75, 44.50)",,,,
14:51:41:3223,"(863.75, 44.50)",,,,
14:51:41:3358,"(863.75, 44.50)",,,,
14:51:41:3486,"(863.75, 44.50)",,,,
14:51:41:3614,"(863.75, 44.50)",,,,
14:51:41:3748,"(863.75, 44.50)",,,,
14:51:41:3927,"(863.75, 44.50)",,W-27_S-2,success,nextMission
14:51:41:4112,"(863.75, 44.50)",,,,
14:51:41:4274,"(863.75, 44.50)",,,,
14:51:41:4397,"(863.75, 44.50)",,,,
14:51:41:4515,"(863.75, 44.50)",,,,
14:51:41:4713,"(863.75, 44.50)",,,,
14:51:41:4845,"(863.75, 44.50)",,,,
14:51:41:5008,"(863.75, 44.50)",,,,
14:51:41:5144,"(863.75, 44.50)",,,,
14:51:41:5274,"(863.75, 44.50)",,,,
14:51:41:5400,"(863.75, 44.50)",,,,
14:51:41:5526,"(863.75, 44.50)",,,,
14:51:41:5657,"(863.75, 44.50)",,,,
14:51:41:5783,"(863.75, 44.50)",,,,
14:51:41:5960,"(863.75, 44.50)",,W-46_S-2,failed,nextMission
14:51:41:6151,"(863.75, 44.50)",,,,
14:51:41:6318,"(863.75, 44.50)",,,,
14:51:41:6446,"(863.75, 44.50)",,,,
14:51:41:6584,"(863.75, 44.50)",,,,
14:51:41:6816,"(863.75, 44.50)",,,,
14:51:41:6952,"(863.75, 44.50)",,,,
14:51:41:7068,"(863.75, 44.50)",,,,
14:51:41:7216,"(863.75, 44.50)",,,,
14:51:41:7348,"(863.75, 44.50)",,,,
14:51:41:7474,"(863.75, 44.50)",,,,
14:51:41:7603,"(863.75, 44.50)",,,,
14:51:41:7733,"(863.75, 44.50)",,,,
14:51:41:7903,"(863.75, 44.50)",,W-14_S-1,success,nextMission
14:51:41:8136,"(863.75, 44.50)",,,,
14:51:41:8357,"(863.75, 44.50)",,,,
14:51:41:8530,"(863.75, 44.50)",,,,
14:51:41:8718,"(863.75, 44.50)",,,,
14:51:41:9012,"(863.75, 44.50)",,,,
14:51:41:9219,"(863.75, 44.50)",,,,
14:51:41:9400,"(863.75, 44.50)",,,,
14:51:41:9586,"(863.75, 44.50)",,,,
14:51:41:9760,"(863.75, 44.50)",,,,
14:51:41:9949,"(863.75, 44.50)",,,,
14:51:42:0180,"(863.75, 44.50)",,W-58_S-1,success,nextMission
14:51:42:0444,"(863.75, 44.50)",,,,
14:51:42:0661,"(863.75, 44.50)",,,,
14:51:42:0846,"(863.75, 44.50)",,,,
14:51:42:1063,"(863.75, 44.50)",,,,
14:51:42:1205,"(863.75, 44.50)",,,,
14:51:42:1347,"(863.75, 44.50)",,,,
14:51:42:1478,"(863.75, 44.50)",,,,
14:51:42:1612,"(863.75, 44.50)",,,,
14:51:42:1754,"(863.75, 44.50)",,,,
14:51:42:1883,"(863.75, 44.50)",,,,
14:51:42:2021,"(863.75, 44.50)",,,,
14:51:42:2147,"(863.75, 44.50)",,,,
14:51:42:2293,"(863.75, 44.50)",,,,
14:51:42:2431,"(863.75, 44.50)",,,,
14:51:42:2553,"(863.75, 44.50)",,,,
14:51:42:2680,"(863.75, 44.50)",,,,
14:51:42:2814,"(863.75, 44.50)",,,,
14:51:42:2980,"(863.75, 44.50)",,,,
14:51:42:3108,"(863.75, 44.50)",,,,
14:51:42:3235,"(863.75, 44.50)",,,,
14:51:42:3377,"(863.75, 44.50)",,,,
14:51:42:3510,"(863.75, 44.50)",,,,
14:51:42:3628,"(863.75, 44.50)",,,,
14:51:42:3773,"(863.75, 44.50)",,,,
14:51:42:3900,"(863.75, 44.50)",,,,
14:51:42:4024,"(863.75, 44.50)",,,,
14:51:42:4155,"(863.75, 44.50)",,,,
14:51:42:4330,"(863.75, 44.50)",,W-34_S-1,failed,nextMission
14:51:42:4527,"(863.75, 44.50)",,,,
14:51:42:4690,"(863.75, 44.50)",,,,
14:51:42:4821,"(863.75, 44.50)",,,,
14:51:42:4958,"(863.75, 44.50)",,,,
14:51:42:5095,"(863.75, 44.50)",,,,
14:51:42:5292,"(863.75, 44.50)",,,,
14:51:42:5428,"(863.75, 44.50)",,,,
14:51:42:5573,"(863.75, 44.50)",,,,
14:51:42:5696,"(863.75, 44.50)",,,,
14:51:42:5837,"(863.75, 44.50)",,,,
14:51:42:5965,"(863.75, 44.50)",,,,
14:51:42:6102,"(863.75, 44.50)",,,,
14:51:42:6228,"(863.75, 44.50)",,,,
14:51:42:6368,"(863.75, 44.50)",,,,
14:51:42:6506,"(863.75, 44.50)",,,,
14:51:42:6645,"(863.75, 44.50)",,,,
14:51:42:6783,"(863.75, 44.50)",,,,
14:51:42:6920,"(863.75, 44.50)",,,,
14:51:42:7048,"(863.75, 44.50)",,,,
14:51:42:7181,"(863.75, 44.50)",,,,
14:51:42:7345,"(863.75, 44.50)",,,,
14:51:42:7479,"(863.75, 44.50)",,,,
14:51:42:7608,"(863.75, 44.50)",,,,
14:51:42:7758,"(863.75, 44.50)",,,,
14:51:42:7882,"(863.75, 44.50)",,,,
14:51:42:8020,"(863.75, 44.50)",,,,
14:51:42:8144,"(863.75, 44.50)",,,,
14:51:42:8332,"(863.75, 44.50)",,,,
14:51:42:8510,"(863.75, 44.50)",,,,
14:51:42:8763,"(863.75, 44.50)",,W-6_S-1,failed,nextMission
14:51:42:9035,"(863.75, 44.50)",,,,
14:51:42:9258,"(863.75, 44.50)",,,,
14:51:42:9551,"(863.75, 44.50)",,,,
14:51:42:9730,"(863.75, 44.50)",,,,
14:51:42:9943,"(863.75, 44.50)",,,,
14:51:43:0190,"(863.75, 44.50)",,,,
14:51:43:0382,"(863.75, 44.50)",,,,
14:51:43:0579,"(863.75, 44.50)",,,,
14:51:43:0772,"(863.75, 44.50)",,,,
14:51:43:0967,"(863.75, 44.50)",,,,
14:51:43:1159,"(863.75, 44.50)",,,,
14:51:43:1375,"(863.75, 44.50)",,,,
14:51:43:1589,"(863.75, 44.50)",,,,
14:51:43:1775,"(863.75, 44.50)",,,,
14:51:43:1959,"(863.75, 44.50)",,,,
14:51:43:2095,"(863.75, 44.50)",,,,
14:51:43:2218,"(863.75, 44.50)",,,,
14:51:43:2370,"(863.75, 44.50)",,,,
14:51:43:2491,"(863.75, 44.50)",,,,
14:51:43:2632,"(863.75, 44.50)",,,,
14:51:43:2764,"(863.75, 44.50)",,,,
14:51:43:2900,"(863.75, 44.50)",,,,
14:51:43:3036,"(863.75, 44.50)",,,,
14:51:43:3177,"(863.75, 44.50)",,,,
14:51:43:3314,"(863.75, 44.50)",,,,
14:51:43:3475,"(863.75, 44.50)",,,,
14:51:43:3611,"(863.75, 44.50)",,,,
14:51:43:3747,"(863.75, 44.50)",,,,
14:51:43:3884,"(863.75, 44.50)",,,,
14:51:43:4010,"(863.75, 44.50)",,,,
14:51:43:4145,"(863.75, 44.50)",,,,
14:51:43:4272,"(863.75, 44.50)",,,,
14:51:43:4429,"(863.75, 44.50)",,,,
14:51:43:4555,"(863.75, 44.50)",,,,
14:51:43:4691,"(863.75, 44.50)",,,,
14:51:43:4826,"(863.75, 44.50)",,,,
14:51:43:5006,"(863.75, 44.50)",,W-10_S-1,success,nextMission
14:51:43:5219,"(863.75, 44.50)",,,,
14:51:43:5373,"(863.75, 44.50)",,,,
14:51:43:5524,"(863.75, 44.50)",,,,
14:51:43:5720,"(863.75, 44.50)",,,,
14:51:43:5862,"(863.75, 44.50)",,,,
14:51:43:5997,"(863.75, 44.50)",,,,
14:51:43:6134,"(863.75, 44.50)",,,,
14:51:43:6280,"(863.75, 44.50)",,,,
14:51:43:6414,"(863.75, 44.50)",,,,
14:51:43:6551,"(863.75, 44.50)",,,,
14:51:43:6678,"(863.75, 44.50)",,,,
14:51:43:6816,"(863.75, 44.50)",,,,
14:51:43:6956,"(863.75, 44.50)",,,,
14:51:43:7104,"(863.75, 44.50)",,,,
14:51:43:7251,"(863.75, 44.50)",,,,
14:51:43:7377,"(863.75, 44.50)",,,,
14:51:43:7539,"(863.75, 44.50)",,,,
14:51:43:7675,"(863.75, 44.50)",,,,
14:51:43:7801,"(863.75, 44.50)",,,,
14:51:43:7968,"(863.75, 44.50)",,,,
14:51:43:8106,"(863.75, 44.50)",,,,
14:51:43:8243,"(863.75, 44.50)",,,,
14:51:43:8415,"(863.75, 44.50)",,,,
14:51:43:8607,"(863.75, 44.50)",,,,
14:51:43:8814,"(863.75, 44.50)",,,,
14:51:43:9006,"(863.75, 44.50)",,,,
14:51:43:9183,"(863.75, 44.50)",,,,
14:51:43:9385,"(863.75, 44.50)",,,,
14:51:43:9635,"(863.75, 44.50)",,W-44_S-2,success,nextMission
14:51:43:9926,"(863.75, 44.50)",,,,
14:51:44:0144,"(863.75, 44.50)",,,,
14:51:44:0325,"(863.75, 44.50)",,,,
14:51:44:0584,"(863.75, 44.50)",,,,
14:51:44:0768,"(863.75, 44.50)",,,,
14:51:44:0959,"(863.75, 44.50)",,,,
14:51:44:1158,"(863.75, 44.50)",,,,
14:51:44:1327,"(863.75, 44.50)",,,,
14:51:44:1463,"(863.75, 44.50)",,,,
14:51:44:1603,"(863.75, 44.50)",,,,
14:51:44:1867,"(863.75, 44.50)",,,,
14:51:44:2053,"(863.75, 44.50)",,,,
14:51:44:2235,"(863.75, 44.50)",,,,
14:51:44:2426,"(863.75, 44.50)",,,,
14:51:44:2587,"(863.75, 44.50)",,,,
14:51:44:2803,"(863.75, 44.50)",,,,
14:51:44:3029,"(863.75, 44.50)",,,,
14:51:44:3226,"(863.75, 44.50)",,,,
14:51:44:3433,"(863.75, 44.50)",,,,
14:51:44:3847,"(863.75, 44.50)",,,,
14:51:44:3974,"(863.75, 44.50)",,,,
14:51:44:4111,"(863.75, 44.50)",,,,
14:51:44:4253,"(863.75, 44.50)",,,,
14:51:44:4390,"(863.75, 44.50)",,,,
14:51:44:4579,"(863.75, 44.50)",,W-48_S-1,success,nextMission
14:51:44:4782,"(863.75, 44.50)",,,,
14:51:44:4948,"(863.75, 44.50)",,,,
14:51:44:5090,"(863.75, 44.50)",,,,
14:51:44:5221,"(863.75, 44.50)",,,,
14:51:44:5372,"(863.75, 44.50)",,,,
14:51:44:5508,"(863.75, 44.50)",,,,
14:51:44:5646,"(863.75, 44.50)",,,,
14:51:44:5858,"(863.75, 44.50)",,,,
14:51:44:5992,"(863.75, 44.50)",,,,
14:51:44:6134,"(863.75, 44.50)",,,,
14:51:44:6278,"(863.75, 44.50)",,,,
14:51:44:6423,"(863.75, 44.50)",,,,
14:51:44:6563,"(863.75, 44.50)",,,,
14:51:44:6699,"(863.75, 44.50)",,,,
14:51:44:6846,"(863.75, 44.50)",,,,
14:51:44:6970,"(863.75, 44.50)",,,,
14:51:44:7122,"(863.75, 44.50)",,,,
14:51:44:7268,"(863.75, 44.50)",,,,
14:51:44:7415,"(863.75, 44.50)",,,,
14:51:44:7546,"(863.75, 44.50)",,,,
14:51:44:7716,"(863.75, 44.50)",,,,
14:51:44:7854,"(863.75, 44.50)",,,,
14:51:44:7992,"(863.75, 44.50)",,,,
14:51:44:8131,"(863.75, 44.50)",,,,
14:51:44:8272,"(863.75, 44.50)",,,,
14:51:44:8430,"(863.75, 44.50)",,,,
14:51:44:8622,"(863.75, 44.50)",,,,
14:51:44:8807,"(863.75, 44.50)",,,,
14:51:44:9050,"(863.75, 44.50)",,W-32_S-1,success,nextMission
14:51:44:9322,"(863.75, 44.50)",,,,
14:51:44:9550,"(863.75, 44.50)",,,,
14:51:44:9718,"(863.75, 44.50)",,,,
14:51:45:0026,"(863.75, 44.50)",,,,
14:51:45:0206,"(863.75, 44.50)",,,,
14:51:45:0400,"(863.75, 44.50)",,,,
14:51:45:0595,"(863.75, 44.50)",,,,
14:51:45:0793,"(863.75, 44.50)",,,,
14:51:45:0996,"(863.75, 44.50)",,,,
14:51:45:1188,"(863.75, 44.50)",,,,
14:51:45:1381,"(863.75, 44.50)",,,,
14:51:45:1579,"(863.75, 44.50)",,,,
14:51:45:1785,"(863.75, 44.50)",,,,
14:51:45:1993,"(863.75, 44.50)",,,,
14:51:45:2201,"(863.75, 44.50)",,,,
14:51:45:2389,"(863.75, 44.50)",,,,
14:51:45:2530,"(863.75, 44.50)",,,,
14:51:45:2682,"(863.75, 44.50)",,,,
14:51:45:2815,"(863.75, 44.50)",,,,
14:51:45:2960,"(863.75, 44.50)",,,,
14:51:45:3105,"(863.75, 44.50)",,,,
14:51:45:3243,"(863.75, 44.50)",,,,
14:51:45:3379,"(863.75, 44.50)",,,,
14:51:45:3520,"(863.75, 44.50)",,,,
14:51:45:3661,"(863.75, 44.50)",,,,
14:51:45:3837,"(863.75, 44.50)",,W-2_S-1,success,nextMission
14:51:45:4073,"(863.75, 44.50)",,,,
14:51:45:4239,"(863.75, 44.50)",,,,
14:51:45:4370,"(863.75, 44.50)",,,,
14:51:45:4516,"(863.75, 44.50)",,,,
14:51:45:4652,"(863.75, 44.50)",,,,
14:51:45:4798,"(863.75, 44.50)",,,,
14:51:45:4934,"(863.75, 44.50)",,,,
14:51:45:5080,"(863.75, 44.50)",,,,
14:51:45:5228,"(863.75, 44.50)",,,,
14:51:45:5369,"(863.75, 44.50)",,,,
14:51:45:5511,"(863.75, 44.50)",,,,
14:51:45:5632,"(863.75, 44.50)",,,,
14:51:45:5787,"(863.75, 44.50)",,,,
14:51:45:5929,"(863.75, 44.50)",,,,
14:51:45:6129,"(863.75, 44.50)",,,,
14:51:45:6278,"(863.75, 44.50)",,,,
14:51:45:6429,"(863.75, 44.50)",,,,
14:51:45:6579,"(863.75, 44.50)",,,,
14:51:45:6720,"(863.75, 44.50)",,,,
14:51:45:6857,"(863.75, 44.50)",,,,
14:51:45:7002,"(863.75, 44.50)",,,,
14:51:45:7146,"(863.75, 44.50)",,,,
14:51:45:7324,"(863.75, 44.50)",,,,
14:51:45:7485,"(863.75, 44.50)",,,,
14:51:45:7662,"(861.75, 37.50)",,,,
14:51:45:7804,"(861.75, 37.50)",,,,
14:51:45:7945,"(861.75, 37.50)",,,,
14:51:45:8085,"(861.75, 37.50)",,,,
14:51:45:8245,"(861.75, 37.50)",,,,
14:51:45:8382,"(861.75, 37.50)",,,,
14:51:45:8548,"(861.75, 37.50)",,,,
14:51:45:8761,"(861.75, 37.50)",,,,
14:51:45:9040,"(861.75, 37.50)",,W-16_S-1,success,nextMission
14:51:45:9358,"(861.75, 37.50)",,,,
14:51:45:9592,"(861.75, 37.50)",,,,
14:51:45:9847,"(861.75, 37.50)",,,,
14:51:46:0045,"(861.75, 37.50)",,,,
14:51:46:0351,"(861.75, 37.50)",,,,
14:51:46:0546,"(861.75, 37.50)",,,,
14:51:46:0736,"(861.75, 37.50)",,,,
14:51:46:0964,"(856.75, 37.50)",,,,
14:51:46:1162,"(856.75, 37.50)",,,,
14:51:46:1354,"(856.75, 37.50)",,,,
14:51:46:1510,"(856.75, 37.50)",,,,
14:51:46:1646,"(856.75, 37.50)",,,,
14:51:46:1811,"(856.75, 37.50)",,,,
14:51:46:1953,"(856.75, 37.50)",,,,
14:51:46:2099,"(856.75, 37.50)",,,,
14:51:46:2248,"(856.75, 37.50)",,,,
14:51:46:2407,"(856.75, 37.50)",,,,
14:51:46:2560,"(856.75, 37.50)",,,,
14:51:46:2711,"(856.75, 37.50)",,,,
14:51:46:2850,"(856.75, 37.50)",,,,
14:51:46:2988,"(856.75, 37.50)",,,,
14:51:46:3129,"(856.75, 37.50)",,,,
14:51:46:3274,"(856.75, 37.50)",,,,
14:51:46:3425,"(856.75, 37.50)",,,,
14:51:46:3572,"(856.75, 37.50)",,,,
14:51:46:3715,"(856.75, 37.50)",,,,
14:51:46:3924,"(856.75, 37.50)",,W-27_S-1,success,nextMission
14:51:46:4148,"(856.75, 37.50)",,,,
14:51:46:4376,"(856.75, 37.50)",,,,
14:51:46:4518,"(856.75, 37.50)",,,,
14:51:46:4680,"(856.75, 37.50)",,,,
14:51:46:4833,"(856.75, 37.50)",,,,
14:51:46:4982,"(856.75, 37.50)",,,,
14:51:46:5122,"(856.75, 37.50)",,,,
14:51:46:5279,"(856.75, 37.50)",,,,
14:51:46:5420,"(856.75, 37.50)",,,,
14:51:46:5568,"(856.75, 37.50)",,,,
14:51:46:5721,"(856.75, 37.50)",,,,
14:51:46:5857,"(856.75, 37.50)",,,,
14:51:46:5990,"(856.75, 37.50)",,,,
14:51:46:6148,"(856.75, 37.50)",,,,
14:51:46:6299,"(856.75, 37.50)",,,,
14:51:46:6445,"(856.75, 37.50)",,,,
14:51:46:6591,"(856.75, 37.50)",,,,
14:51:46:6743,"(856.75, 37.50)",,,,
14:51:46:6913,"(856.75, 37.50)",,,,
14:51:46:7064,"(856.75, 37.50)",,,,
14:51:46:7205,"(856.75, 37.50)",,,,
14:51:46:7362,"(856.75, 37.50)",,,,
14:51:46:7506,"(856.75, 37.50)",,,,
14:51:46:7659,"(856.75, 37.50)",,,,
14:51:46:7812,"(856.75, 37.50)",,,,
14:51:46:7960,"(856.75, 37.50)",,,,
14:51:46:8111,"(856.75, 37.50)",,,,
14:51:46:8292,"(856.75, 37.50)",,W-9_S-1,success,nextMission
14:51:46:8503,"(856.75, 37.50)",,,,
14:51:46:8705,"(856.75, 37.50)",,,,
14:51:46:8932,"(856.75, 37.50)",,,,
14:51:46:9124,"(856.75, 37.50)",,,,
14:51:46:9356,"(856.75, 37.50)",,,,
14:51:46:9562,"(856.75, 37.50)",,,,
14:51:46:9753,"(856.75, 37.50)",,,,
14:51:46:9950,"(856.75, 37.50)",,,,
14:51:47:0154,"(856.75, 37.50)",,,,
14:51:47:0355,"(856.75, 37.50)",,,,
14:51:47:0647,"(856.75, 37.50)",,,,
14:51:47:0864,"(856.75, 37.50)",,,,
14:51:47:1051,"(856.75, 37.50)",,,,
14:51:47:1248,"(856.75, 37.50)",,,,
14:51:47:1486,"(856.75, 37.50)",,,,
14:51:47:1720,"(856.75, 37.50)",,,,
14:51:47:1953,"(856.75, 37.50)",,,,
14:51:47:2197,"(856.75, 37.50)",,,,
14:51:47:2392,"(856.75, 37.50)",,,,
14:51:47:2674,"(856.75, 37.50)",,W-6_S-1,success,nextMission
14:51:47:2988,"(856.75, 37.50)",,,,
14:51:47:3161,"(856.75, 37.50)",,,,
14:51:47:3302,"(856.75, 37.50)",,,,
14:51:47:3454,"(856.75, 37.50)",,,,
14:51:47:3596,"(856.75, 37.50)",,,,
14:51:47:3754,"(856.75, 37.50)",,,,
14:51:47:3913,"(856.75, 37.50)",,,,
14:51:47:4060,"(856.75, 37.50)",,,,
14:51:47:4199,"(856.75, 37.50)",,,,
14:51:47:4343,"(856.75, 37.50)",,,,
14:51:47:4486,"(856.75, 37.50)",,,,
14:51:47:4694,"(856.75, 37.50)",,,,
14:51:47:4852,"(856.75, 37.50)",,,,
14:51:47:5008,"(856.75, 37.50)",,,,
14:51:47:5154,"(856.75, 37.50)",,,,
14:51:47:5305,"(856.75, 37.50)",,,,
14:51:47:5460,"(856.75, 37.50)",,,,
14:51:47:5622,"(856.75, 37.50)",,,,
14:51:47:5772,"(856.75, 37.50)",,,,
14:51:47:5924,"(856.75, 37.50)",,,,
14:51:47:6070,"(856.75, 37.50)",,,,
14:51:47:6220,"(856.75, 37.50)",,,,
14:51:47:6371,"(856.75, 37.50)",,,,
14:51:47:6527,"(856.75, 37.50)",,,,
14:51:47:6673,"(856.75, 37.50)",,,,
14:51:47:6815,"(856.75, 37.50)",,,,
14:51:47:6969,"(856.75, 37.50)",,,,
14:51:47:7114,"(856.75, 37.50)",,,,
14:51:47:7265,"(856.75, 37.50)",,,,
14:51:47:7416,"(856.75, 37.50)",,,,
14:51:47:7568,"(856.75, 37.50)",,,,
14:51:47:7733,"(856.75, 37.50)",,,,
14:51:47:7921,"(856.75, 37.50)",,,,
14:51:47:8099,"(856.75, 37.50)",,,,
14:51:47:8262,"(856.75, 37.50)",,,,
14:51:47:8411,"(856.75, 37.50)",,,,
14:51:47:8556,"(856.75, 37.50)",,,,
14:51:47:8706,"(856.75, 37.50)",,,,
14:51:47:8902,"(856.75, 37.50)",,,,
14:51:47:9107,"(856.75, 37.50)",,,,
14:51:47:9319,"(856.75, 37.50)",,,,
14:51:47:9525,"(856.75, 37.50)",,,,
14:51:47:9769,"(856.75, 37.50)",,W-25_S-1,success,nextMission
14:51:48:0065,"(856.75, 37.50)",,,,
14:51:48:0297,"(856.75, 37.50)",,,,
14:51:48:0578,"(856.75, 37.50)",,,,
14:51:48:0861,"(856.75, 37.50)",,,,
14:51:48:1080,"(856.75, 37.50)",,,,
14:51:48:1301,"(856.75, 37.50)",,,,
14:51:48:1510,"(856.75, 37.50)",,,,
14:51:48:1703,"(856.75, 37.50)",,,,
14:51:48:1900,"(856.75, 37.50)",,,,
14:51:48:2043,"(856.75, 37.50)",,,,
14:51:48:2205,"(856.75, 37.50)",,,,
14:51:48:2349,"(856.75, 37.50)",,,,
14:51:48:2492,"(856.75, 37.50)",,,,
14:51:48:2649,"(856.75, 37.50)",,,,
14:51:48:2800,"(856.75, 37.50)",,,,
14:51:48:2974,"(856.75, 37.50)",,,,
14:51:48:3118,"(856.75, 37.50)",,,,
14:51:48:3279,"(856.75, 37.50)",,,,
14:51:48:3419,"(856.75, 37.50)",,,,
14:51:48:3600,"(856.75, 37.50)",,,,
14:51:48:3766,"(856.75, 37.50)",,,,
14:51:48:3947,"(856.75, 37.50)",,,,
14:51:48:4144,"(856.75, 37.50)",,,,
14:51:48:4323,"(856.75, 37.50)",,,,
14:51:48:4558,"(856.75, 37.50)",,W-11_S-1,success,nextMission
14:51:48:4809,"(856.75, 37.50)",,,,
14:51:48:5072,"(856.75, 37.50)",,,,
14:51:48:5242,"(856.75, 37.50)",,,,
14:51:48:5409,"(856.75, 37.50)",,,,
14:51:48:5559,"(856.75, 37.50)",,,,
14:51:48:5710,"(856.75, 37.50)",,,,
14:51:48:5861,"(856.75, 37.50)",,,,
14:51:48:6015,"(856.75, 37.50)",,,,
14:51:48:6171,"(856.75, 37.50)",,,,
14:51:48:6313,"(856.75, 37.50)",,,,
14:51:48:6464,"(856.75, 37.50)",,,,
14:51:48:6633,"(856.75, 37.50)",,,,
14:51:48:6782,"(856.75, 37.50)",,,,
14:51:48:6947,"(856.75, 37.50)",,,,
14:51:48:7099,"(856.75, 37.50)",,,,
14:51:48:7245,"(856.75, 37.50)",,,,
14:51:48:7394,"(856.75, 37.50)",,,,
14:51:48:7547,"(856.75, 37.50)",,,,
14:51:48:7699,"(856.75, 37.50)",,,,
14:51:48:7885,"(856.75, 37.50)",,W-23_S-1,success,nextMission
14:51:48:8108,"(856.75, 37.50)",,,,
14:51:48:8292,"(856.75, 37.50)",,,,
14:51:48:8448,"(856.75, 37.50)",,,,
14:51:48:8589,"(856.75, 37.50)",,,,
14:51:48:8751,"(856.75, 37.50)",,,,
14:51:48:8912,"(856.75, 37.50)",,,,
14:51:48:9216,"(856.75, 37.50)",,,,
14:51:48:9458,"(856.75, 37.50)",,,,
14:51:48:9665,"(856.75, 37.50)",,,,
14:51:48:9874,"(856.75, 37.50)",,,,
14:51:49:0126,"(856.75, 37.50)",,W-57_S-1,success,nextMission
14:51:49:0407,"(856.75, 37.50)",,,,
14:51:49:0659,"(856.75, 37.50)",,,,
14:51:49:0860,"(856.75, 37.50)",,,,
14:51:49:1062,"(856.75, 37.50)",,,,
14:51:49:1422,"(856.75, 37.50)",,,,
14:51:49:1579,"(856.75, 37.50)",,,,
14:51:49:1736,"(856.75, 37.50)",,,,
14:51:49:1907,"(856.75, 37.50)",,,,
14:51:49:2057,"(856.75, 37.50)",,,,
14:51:49:2243,"(856.75, 37.50)",,W-29_S-1,success,nextMission
14:51:49:2466,"(856.75, 37.50)",,,,
14:51:49:2646,"(856.75, 37.50)",,,,
14:51:49:2798,"(856.75, 37.50)",,,,
14:51:49:2948,"(856.75, 37.50)",,,,
14:51:49:3137,"(856.75, 37.50)",,,,
14:51:49:3361,"(856.75, 37.50)",,,,
14:51:49:3519,"(856.75, 37.50)",,,,
14:51:49:3669,"(856.75, 37.50)",,,,
14:51:49:3823,"(856.75, 37.50)",,,,
14:51:49:3977,"(856.75, 37.50)",,,,
14:51:49:4163,"(856.75, 37.50)",,W-32_S-1,success,nextMission
14:51:49:4389,"(856.75, 37.50)",,,,
14:51:49:4582,"(856.75, 37.50)",,,,
14:51:49:4737,"(856.75, 37.50)",,,,
14:51:49:4892,"(856.75, 37.50)",,,,
14:51:49:5062,"(856.75, 37.50)",,,,
14:51:49:5226,"(856.75, 37.50)",,,,
14:51:49:5445,"(856.75, 37.50)",,,,
14:51:49:5609,"(856.75, 37.50)",,,,
14:51:49:5757,"(856.75, 37.50)",,,,
14:51:49:5915,"(856.75, 37.50)",,,,
14:51:49:6060,"(856.75, 37.50)",,,,
14:51:49:6232,"(856.75, 37.50)",,,,
14:51:49:6430,"(856.75, 37.50)",,W-44_S-2,success,nextMission
14:51:49:6645,"(856.75, 37.50)",,,,
14:51:49:6843,"(856.75, 37.50)",,,,
14:51:49:7004,"(856.75, 37.50)",,,,
14:51:49:7146,"(856.75, 37.50)",,,,
14:51:49:7308,"(856.75, 37.50)",,,,
14:51:49:7512,"(856.75, 37.50)",,,,
14:51:49:7670,"(856.75, 37.50)",,,,
14:51:49:7824,"(856.75, 37.50)",,,,
14:51:49:8027,"(856.75, 37.50)",,W-7_S-1,success,nextMission
14:51:49:8243,"(856.75, 37.50)",,,,
14:51:49:8430,"(856.75, 37.50)",,,,
14:51:49:8603,"(856.75, 37.50)",,,,
14:51:49:8750,"(856.75, 37.50)",,,,
14:51:49:8921,"(856.75, 37.50)",,,,
14:51:49:9116,"(856.75, 37.50)",,,,
14:51:49:9318,"(856.75, 37.50)",,,,
14:51:49:9616,"(856.75, 37.50)",,,,
14:51:49:9832,"(856.75, 37.50)",,,,
14:51:50:0103,"(856.75, 37.50)",,W-44_S-2,success,nextMission
14:51:50:0407,"(856.75, 37.50)",,,,
14:51:50:0636,"(856.75, 37.50)",,,,
14:51:50:0883,"(856.75, 37.50)",,,,
14:51:50:1097,"(856.75, 37.50)",,,,
14:51:50:1308,"(856.75, 37.50)",,,,
14:51:50:1526,"(856.75, 37.50)",,,,
14:51:50:1815,"(856.75, 37.50)",,,,
14:51:50:1982,"(856.75, 37.50)",,,,
14:51:50:2133,"(856.75, 37.50)",,,,
14:51:50:2299,"(856.75, 37.50)",,,,
14:51:50:2460,"(856.75, 37.50)",,,,
14:51:50:2622,"(856.75, 37.50)",,,,
14:51:50:2777,"(856.75, 37.50)",,,,
14:51:50:2925,"(856.75, 37.50)",,,,
14:51:50:3084,"(856.75, 37.50)",,,,
14:51:50:3235,"(856.75, 37.50)",,,,
14:51:50:3412,"(856.75, 37.50)",,,,
14:51:50:3585,"(856.75, 37.50)",,,,
14:51:50:3746,"(856.75, 37.50)",,,,
14:51:50:3900,"(856.75, 37.50)",,,,
14:51:50:4064,"(856.75, 37.50)",,,,
14:51:50:4241,"(856.75, 37.50)",,,,
14:51:50:4395,"(856.75, 37.50)",,,,
14:51:50:4556,"(856.75, 37.50)",,,,
14:51:50:4714,"(856.75, 37.50)",,,,
14:51:50:4876,"(856.75, 37.50)",,,,
14:51:50:5127,"(856.75, 37.50)",,W-34_S-2,success,nextMission
14:51:50:5387,"(856.75, 37.50)",,,,
14:51:50:5599,"(856.75, 37.50)",,,,
14:51:50:5820,"(856.75, 37.50)",,,,
14:51:50:6131,"(856.75, 37.50)",,,,
14:51:50:6390,"(856.75, 37.50)",,,,
14:51:50:6620,"(856.75, 37.50)",,,,
14:51:50:7070,"(856.75, 37.50)",,,,
14:51:50:7269,"(856.75, 37.50)",,W-1_S-1,success,nextMission
14:51:50:7496,"(856.75, 37.50)",,,,
14:51:50:7696,"(856.75, 37.50)",,,,
14:51:50:7850,"(856.75, 37.50)",,,,
14:51:50:8084,"(856.75, 37.50)",,,,
14:51:50:8262,"(856.75, 37.50)",,,,
14:51:50:8421,"(856.75, 37.50)",,,,
14:51:50:8592,"(856.75, 37.50)",,,,
14:51:50:8774,"(856.75, 37.50)",,,,
14:51:50:8969,"(856.75, 37.50)",,W-58_S-2,success,nextMission
14:51:50:9209,"(856.75, 37.50)",,,,
14:51:50:9459,"(856.75, 37.50)",,,,
14:51:50:9664,"(856.75, 37.50)",,,,
14:51:50:9886,"(856.75, 37.50)",,,,
14:51:51:0225,"(856.75, 37.50)",,,,
14:51:51:0514,"(856.75, 37.50)",,,,
14:51:51:0734,"(856.75, 37.50)",,,,
14:51:51:1034,"(856.75, 37.50)",,W-23_S-1,success,nextMission
14:51:51:1328,"(856.75, 37.50)",,,,
14:51:51:1567,"(856.75, 37.50)",,,,
14:51:51:1787,"(856.75, 37.50)",,,,
14:51:51:2009,"(856.75, 37.50)",,,,
14:51:51:2232,"(856.75, 37.50)",,,,
14:51:51:2400,"(856.75, 37.50)",,,,
14:51:51:2560,"(856.75, 37.50)",,,,
14:51:51:2765,"(856.75, 37.50)",,W-46_S-2,success,nextMission
14:51:51:2987,"(856.75, 37.50)",,,,
14:51:51:3170,"(856.75, 37.50)",,,,
14:51:51:3321,"(856.75, 37.50)",,,,
14:51:51:3478,"(856.75, 37.50)",,,,
14:51:51:3640,"(856.75, 37.50)",,,,
14:51:51:3828,"(856.75, 37.50)",,,,
14:51:51:3984,"(856.75, 37.50)",,,,
14:51:51:4158,"(856.75, 37.50)",,,,
14:51:51:4393,"(856.75, 37.50)",,,,
14:51:51:4590,"(856.75, 37.50)",,W-5_S-1,success,nextMission
14:51:51:4818,"(856.75, 37.50)",,,,
14:51:51:5006,"(856.75, 37.50)",,,,
14:51:51:5157,"(856.75, 37.50)",,,,
14:51:51:5319,"(856.75, 37.50)",,,,
14:51:51:5508,"(856.75, 37.50)",,,,
14:51:51:5674,"(856.75, 37.50)",,,,
14:51:51:5814,"(856.75, 37.50)",,,,
14:51:51:6060,"(856.75, 37.50)",,,,
14:51:51:6226,"(856.75, 37.50)",,,,
14:51:51:6445,"(856.75, 37.50)",,,,
14:51:51:6643,"(856.75, 37.50)",,W-23_S-1,success,nextMission
14:51:51:6855,"(856.75, 37.50)",,,,
14:51:51:7044,"(856.75, 37.50)",,,,
14:51:51:7198,"(856.75, 37.50)",,,,
14:51:51:7361,"(856.75, 37.50)",,,,
14:51:51:7548,"(856.75, 37.50)",,,,
14:51:51:7716,"(856.75, 37.50)",,,,
14:51:51:7880,"(856.75, 37.50)",,,,
14:51:51:8046,"(856.75, 37.50)",,,,
14:51:51:8203,"(856.75, 37.50)",,,,
14:51:51:8352,"(856.75, 37.50)",,,,
14:51:51:8626,"(856.75, 37.50)",,W-8_S-1,success,nextMission
14:51:51:8860,"(856.75, 37.50)",,,,
14:51:51:9069,"(856.75, 37.50)",,,,
14:51:51:9242,"(856.75, 37.50)",,,,
14:51:51:9468,"(856.75, 37.50)",,,,
14:51:51:9709,"(856.75, 37.50)",,,,
14:51:51:9919,"(856.75, 37.50)",,,,
14:51:52:0135,"(856.75, 37.50)",,,,
14:51:52:0416,"(856.75, 37.50)",,W-1_S-1,success,nextMission
14:51:52:0804,"(856.75, 37.50)",,,,
14:51:52:1058,"(856.75, 37.50)",,,,
14:51:52:1284,"(856.75, 37.50)",,,,
14:51:52:1517,"(856.75, 37.50)",,,,
14:51:52:1675,"(856.75, 37.50)",,,,
14:51:52:1838,"(856.75, 37.50)",,,,
14:51:52:2002,"(856.75, 37.50)",,,,
14:51:52:2152,"(856.75, 37.50)",,,,
14:51:52:2304,"(856.75, 37.50)",,,,
14:51:52:2519,"(856.75, 37.50)",,W-54_S-1,success,nextMission
14:51:52:2815,"(856.75, 37.50)",,,,
14:51:52:3009,"(856.75, 37.50)",,,,
14:51:52:3160,"(856.75, 37.50)",,,,
14:51:52:3343,"(856.75, 37.50)",,,,
14:51:52:3507,"(856.75, 37.50)",,,,
14:51:52:3661,"(856.75, 37.50)",,,,
14:51:52:3821,"(856.75, 37.50)",,,,
14:51:52:3983,"(856.75, 37.50)",,,,
14:51:52:4184,"(856.75, 37.50)",,W-34_S-2,success,nextMission
14:51:52:4414,"(856.75, 37.50)",,,,
14:51:52:4602,"(856.75, 37.50)",,,,
14:51:52:4825,"(856.75, 37.50)",,,,
14:51:52:5002,"(843.75, 39.50)",,,,
14:51:52:5189,"(831.75, 71.50)",,,,
14:51:52:5369,"(826.75, 86.50)",,,,
14:51:52:5554,"(821.75, 104.50)",,,,
14:51:52:5726,"(816.75, 126.50)",,,,
14:51:52:5912,"(813.75, 146.50)",,,,
14:51:52:6109,"(808.75, 181.50)",,,,
14:51:52:6282,"(806.75, 191.50)",,,,
14:51:52:6465,"(801.75, 221.50)",,,,
14:51:52:6639,"(801.75, 249.50)",,,,
14:51:52:6830,"(803.75, 274.50)",,,,
14:51:52:7005,"(786.75, 311.50)",,,,
14:51:52:7201,"(766.75, 341.50)",,,,
14:51:52:7380,"(746.75, 374.50)",,,,
14:51:52:7558,"(743.75, 394.50)",,,,
14:51:52:7753,"(743.75, 411.50)",,,,
14:51:52:7927,"(743.75, 414.50)",,,,
14:51:52:8091,"(743.75, 414.50)",,,,
14:51:52:8245,"(743.75, 414.50)",,,,
14:51:52:8418,"(743.75, 414.50)",,,,
14:51:52:8590,"(743.75, 414.50)",,,,
14:51:52:8743,"(743.75, 414.50)",,,,
14:51:52:8918,"(743.75, 414.50)",,,,
14:51:52:9083,"(743.75, 414.50)",,,,
14:51:52:9249,"(743.75, 414.50)",,,,
14:51:52:9444,"(743.75, 414.50)",,,,
14:51:52:9658,"(743.75, 414.50)",,,,
14:51:52:9882,"(743.75, 414.50)",,,,
14:51:53:0134,"(743.75, 414.50)",,,,
14:51:53:0346,"(743.75, 414.50)",,,,
14:51:53:0572,"(743.75, 414.50)",,,,
14:51:53:0830,"(763.75, 421.50)",,,,
14:51:53:1094,"(775.75, 421.50)",,,,
14:51:53:1295,"(783.75, 424.50)",,,,
14:51:53:1477,"(788.75, 426.50)",,,,
14:51:53:1655,"(793.75, 429.50)",,,,
14:51:53:1831,"(795.75, 431.50)",,,,
14:51:53:1998,"(795.75, 431.50)",,,,
14:51:53:2155,"(795.75, 431.50)",,,,
14:51:53:2313,"(795.75, 431.50)",,,,
14:51:53:2483,"(795.75, 431.50)",,,,
14:51:53:2647,"(795.75, 431.50)",,,,
14:51:53:2806,"(795.75, 431.50)",,,,
14:51:53:2964,"(795.75, 431.50)",,,,
14:51:53:3126,"(795.75, 431.50)",,,,
14:51:53:3299,"(795.75, 431.50)",,,,
14:51:53:3464,"(795.75, 431.50)",,,,
14:51:53:3626,"(795.75, 431.50)",,,,
14:51:53:3810,"(753.75, 424.50)",,,,
14:51:53:4001,"(688.75, 407.50)",,,,
14:51:53:4197,"(586.75, 384.50)",,,,
14:51:53:4393,"(511.75, 379.50)",,,,
14:51:53:4576,"(403.75, 377.50)",,,,
14:51:53:4757,"(333.75, 377.50)",,,,
14:51:53:4945,"(238.75, 374.50)",,,,
14:51:53:5138,"(211.75, 372.50)",,,,
14:51:53:5315,"(131.75, 362.50)",,,,
14:51:53:5507,"(106.75, 354.50)",,,,
14:51:53:5706,"(76.75, 339.50)",,,,
14:51:53:5915,"(48.75, 324.50)",,,,
14:51:53:6106,"(36.75, 317.50)",,,,
14:51:53:6287,"(28.75, 314.50)",,,,
14:51:53:6463,"(23.75, 312.50)",,,,
14:51:53:6654,"(21.75, 312.50)",,,,
14:51:53:6833,"(18.75, 309.50)",,,,
14:51:53:7027,"(13.75, 309.50)",,,,
14:51:53:7186,"(13.75, 309.50)",,,,
14:51:53:7342,"(13.75, 309.50)",,,,
14:51:53:7511,"(13.75, 309.50)",,,,
14:51:53:7675,"(13.75, 309.50)",,,,
14:51:53:8771,"(13.75, 309.50)",,,,
14:51:53:9082,"(13.75, 309.50)",,,,
14:51:53:9306,"(13.75, 309.50)",,,,
14:51:53:9594,"(13.75, 309.50)",,,,
14:51:53:9872,"(13.75, 309.50)",,,,
14:51:54:0144,"(13.75, 309.50)",,,,
14:51:54:0431,"(13.75, 309.50)",,,,
14:51:54:0712,"(20.75, 336.50)",,,,
14:51:54:1060,"(28.75, 349.50)",,,,
14:51:54:1310,"(28.75, 349.50)",,,,
14:51:54:1624,"(28.75, 349.50)",,,,
14:51:54:1922,"(28.75, 349.50)",,,,
14:51:54:2165,"(28.75, 349.50)",,,,
14:51:54:2536,"(30.75, 356.50)",,,,
14:51:54:2884,"(30.75, 359.50)",,,,
14:51:54:3145,"(30.75, 359.50)",,,,
14:51:54:3348,"(30.75, 366.50)",,,,
14:51:54:3526,"(33.75, 369.50)",,,,
14:51:54:3682,"(33.75, 369.50)",,,,
14:51:54:3875,"(33.75, 371.50)",,,,
14:51:54:4064,"(33.75, 371.50)",,,,
14:51:54:4243,"(33.75, 371.50)",,,,
14:51:54:4414,"(33.75, 371.50)",,,,
14:51:54:5486,"(33.75, 371.50)",,,,
14:51:54:5701,"(33.75, 371.50)",,,,
14:51:54:5884,"(33.75, 371.50)",,,,
14:51:54:6087,"(33.75, 371.50)",,,,
14:51:54:6260,"(33.75, 371.50)",,,,
14:51:54:6435,"(33.75, 371.50)",,,,
14:51:54:6590,"(33.75, 371.50)",,,,
14:51:54:6763,"(33.75, 371.50)",,,,
14:51:54:6949,"(38.75, 379.50)",,,,
14:51:54:7155,"(38.75, 386.50)",,,,
14:51:54:7369,"(40.75, 396.50)",,,,
14:51:54:7557,"(43.75, 404.50)",,,,
14:51:54:7746,"(45.75, 411.50)",,,,
14:51:54:7936,"(45.75, 414.50)",,,,
14:51:54:8123,"(45.75, 416.50)",,,,
14:51:54:8289,"(45.75, 416.50)",,,,
14:51:54:8455,"(45.75, 416.50)",,,,
14:51:54:8626,"(45.75, 416.50)",,,,
14:51:54:8792,"(45.75, 416.50)",,,,
14:51:54:8979,"(45.75, 421.50)",,,,
14:51:54:9161,"(48.75, 424.50)",,,,
14:51:54:9370,"(48.75, 426.50)",,,,
14:51:54:9532,"(48.75, 426.50)",,,,
14:51:54:9772,"(48.75, 426.50)",,,,
14:51:54:9997,"(48.75, 426.50)",,,,
14:51:55:0281,"(48.75, 426.50)",,,,
14:51:55:0544,"(48.75, 426.50)",,,,
14:51:55:0781,"(48.75, 426.50)",,,,
14:51:55:1024,"(48.75, 426.50)",,,,
14:51:55:1247,"(48.75, 426.50)",,,,
14:51:55:1465,"(48.75, 426.50)",,,,
14:51:55:1722,"(50.75, 436.50)",,,,
14:51:55:1955,"(50.75, 439.50)",,,,
14:51:55:2128,"(50.75, 439.50)",,,,
14:51:55:2285,"(50.75, 439.50)",,,,
14:51:55:2462,"(50.75, 439.50)",,,,
14:51:55:2622,"(50.75, 439.50)",,,,
14:51:55:3421,"(50.75, 439.50)",,,,
14:51:55:3644,"(50.75, 439.50)",,,,
14:51:55:3803,"(50.75, 439.50)",,,,
14:51:55:3979,"(50.75, 439.50)",,,,
14:51:55:4151,"(50.75, 439.50)",,,,
14:51:55:4330,"(50.75, 439.50)",,,,
14:51:55:4488,"(50.75, 439.50)",,,,
14:51:55:4678,"(50.75, 444.50)",,,,
14:51:55:4865,"(50.75, 449.50)",,,,
14:51:55:5067,"(50.75, 451.50)",,,,
14:51:55:5262,"(50.75, 456.50)",,,,
14:51:55:5420,"(50.75, 456.50)",,,,
14:51:55:5626,"(50.75, 464.50)",,,,
14:51:55:5826,"(53.75, 471.50)",,,,
14:51:55:5995,"(53.75, 471.50)",,,,
14:51:55:6174,"(53.75, 474.50)",,,,
14:51:55:6362,"(53.75, 476.50)",,,,
14:51:55:6521,"(53.75, 476.50)",,,,
14:51:55:6694,"(53.75, 476.50)",,,,
14:51:55:6875,"(53.75, 476.50)",,,,
14:51:55:7077,"(53.75, 476.50)",,,,
14:51:55:7245,"(53.75, 476.50)",,,,
14:51:55:8044,"(53.75, 476.50)",,,,
14:51:55:8253,"(53.75, 476.50)",,,,
14:51:55:8417,"(53.75, 476.50)",,,,
14:51:55:8580,"(53.75, 476.50)",,,,
14:51:55:8771,"(53.75, 476.50)",,,,
14:51:55:8936,"(53.75, 476.50)",,,,
14:51:55:9110,"(53.75, 476.50)",,,,
14:51:55:9272,"(53.75, 476.50)",,,,
14:51:55:9448,"(53.75, 476.50)",,,,
14:51:55:9608,"(53.75, 476.50)",,,,
14:51:55:9827,"(53.75, 476.50)",,,,
14:51:56:0068,"(53.75, 476.50)",,,,
14:51:56:0338,"(53.75, 476.50)",,,,
14:51:56:0565,"(53.75, 476.50)",,,,
14:51:56:0820,"(68.75, 449.50)",,,,
14:51:56:1073,"(83.75, 414.50)",,,,
14:51:56:1329,"(88.75, 392.50)",,,,
14:51:56:1601,"(88.75, 362.50)",,,,
14:51:56:1847,"(88.75, 359.50)",,,,
14:51:56:2052,"(88.75, 359.50)",,,,
14:51:56:2227,"(88.75, 359.50)",,,,
14:51:56:2393,"(88.75, 359.50)",,,,
14:51:56:2557,"(88.75, 359.50)",,,,
14:51:56:2743,"(88.75, 359.50)",,,,
14:51:56:2912,"(88.75, 359.50)",,,,
14:51:56:3097,"(88.75, 359.50)",,,,
14:51:56:4158,"(88.75, 359.50)",,,,
14:51:56:4389,"(88.75, 359.50)",,,,
14:51:56:4561,"(88.75, 359.50)",,,,
14:51:56:4756,"(88.75, 359.50)",,,,
14:51:56:4935,"(88.75, 359.50)",,,,
14:51:56:5168,"(88.75, 359.50)",,,,
14:51:56:5370,"(88.75, 359.50)",,,,
14:51:56:5584,"(88.75, 359.50)",,,,
14:51:56:5788,"(88.75, 359.50)",,,,
14:51:56:6031,"(88.75, 359.50)",,,,
14:51:56:6314,"(88.75, 359.50)",,,,
14:51:56:6557,"(88.75, 359.50)",,,,
14:51:56:6792,"(88.75, 359.50)",,,,
14:51:56:7273,"(63.75, 394.50)",,,,
14:51:56:7472,"(63.75, 401.50)",,,,
14:51:56:7672,"(63.75, 421.50)",,,,
14:51:56:7861,"(63.75, 434.50)",,,,
14:51:56:8054,"(63.75, 436.50)",,,,
14:51:56:8226,"(63.75, 436.50)",,,,
14:51:56:8422,"(63.75, 439.50)",,,,
14:51:56:8617,"(63.75, 444.50)",,,,
14:51:56:8793,"(63.75, 444.50)",,,,
14:51:56:8959,"(63.75, 444.50)",,,,
14:51:56:9779,"(63.75, 444.50)",,,,
14:51:57:0048,"(63.75, 444.50)",,,,
14:51:57:0282,"(63.75, 444.50)",,,,
14:51:57:0542,"(63.75, 444.50)",,,,
14:51:57:0864,"(63.75, 444.50)",,,,
14:51:57:1095,"(63.75, 444.50)",,,,
14:51:57:1317,"(63.75, 444.50)",,,,
14:51:57:1613,"(61.75, 454.50)",,,,
14:51:57:1886,"(61.75, 469.50)",,,,
14:51:57:2118,"(61.75, 481.50)",,,,
14:51:57:2301,"(61.75, 484.50)",,,,
14:51:57:2490,"(61.75, 486.50)",,,,
14:51:57:2644,"(61.75, 486.50)",,,,
14:51:57:2829,"(61.75, 486.50)",,,,
14:51:57:3000,"(61.75, 486.50)",,,,
14:51:57:3173,"(61.75, 486.50)",,,,
14:51:57:3360,"(61.75, 486.50)",,,,
14:51:57:3536,"(61.75, 486.50)",,,,
14:51:57:4338,"(61.75, 486.50)",,,,
14:51:57:4547,"(61.75, 486.50)",,,,
14:51:57:4716,"(61.75, 486.50)",,,,
14:51:57:4912,"(61.75, 486.50)",,,,
14:51:57:5081,"(61.75, 486.50)",,,,
14:51:57:5253,"(61.75, 486.50)",,,,
14:51:57:5433,"(61.75, 486.50)",,,,
14:51:57:5617,"(53.75, 499.50)",,,,
14:51:57:5795,"(53.75, 499.50)",,,,
14:51:57:5967,"(53.75, 499.50)",,,,
14:51:57:6134,"(53.75, 499.50)",,,,
14:51:57:6311,"(53.75, 499.50)",,,,
14:51:57:6479,"(53.75, 499.50)",,,,
14:51:57:6674,"(53.75, 499.50)",,,,
14:51:57:6850,"(53.75, 499.50)",,,,
14:51:57:7037,"(53.75, 499.50)",,,,
14:51:57:7202,"(53.75, 499.50)",,,,
14:51:57:7376,"(53.75, 499.50)",,,,
14:51:57:7578,"(53.75, 494.50)",,,,
14:51:57:7764,"(53.75, 459.50)",,,,
14:51:57:7959,"(53.75, 432.50)",,,,
14:51:57:8167,"(55.75, 382.50)",,,,
14:51:57:8370,"(65.75, 332.50)",,,,
14:51:57:8572,"(73.75, 299.50)",,,,
14:51:57:8754,"(83.75, 269.50)",,,,
14:51:57:8969,"(90.75, 232.50)",,,,
14:51:57:9174,"(93.75, 217.50)",,,,
14:51:57:9380,"(93.75, 214.50)",,,,
14:51:57:9549,"(93.75, 214.50)",,,,
14:51:57:9719,"(93.75, 214.50)",,,,
14:51:57:9915,"(93.75, 214.50)",,,,
14:51:58:0137,"(93.75, 214.50)",,,,
14:51:58:0423,"(88.75, 204.50)",,,,
14:51:58:0700,"(86.75, 202.50)",,,,
14:51:58:0917,"(86.75, 202.50)",,,,
14:51:58:1135,"(86.75, 202.50)",,,,
14:51:58:1328,"(86.75, 202.50)",,,,
14:51:58:1528,"(78.75, 192.50)",,,,
14:51:58:1721,"(76.75, 189.50)",,,,
14:51:58:1890,"(76.75, 189.50)",,,,
14:51:58:2065,"(76.75, 189.50)",,,,
14:51:58:3105,"(76.75, 189.50)",,,,
14:51:58:3331,"(76.75, 189.50)",,,,
14:51:58:3516,"(76.75, 189.50)",,,,
14:51:58:3707,"(76.75, 189.50)",,,,
14:51:58:3886,"(76.75, 189.50)",,,,
14:51:58:4066,"(76.75, 189.50)",,,,
14:51:58:4235,"(76.75, 189.50)",,,,
14:51:58:4400,"(76.75, 189.50)",,,,
14:51:58:4575,"(76.75, 189.50)",,,,
14:51:58:4744,"(76.75, 189.50)",,,,
14:51:58:4917,"(76.75, 189.50)",,,,
14:51:58:5129,"(76.75, 184.50)",,,,
14:51:58:5365,"(73.75, 177.50)",,,,
14:51:58:5603,"(71.75, 172.50)",,,,
14:51:58:5836,"(68.75, 167.50)",,,,
14:51:58:6089,"(66.75, 164.50)",,,,
14:51:58:6274,"(66.75, 164.50)",,,,
14:51:58:6465,"(66.75, 164.50)",,,,
14:51:58:6648,"(66.75, 164.50)",,,,
14:51:58:6821,"(66.75, 164.50)",,,,
14:51:58:7805,"(66.75, 164.50)",,,,
14:51:58:8036,"(66.75, 164.50)",,,,
14:51:58:8205,"(66.75, 164.50)",,,,
14:51:58:8392,"(66.75, 164.50)",,,,
14:51:58:8570,"(66.75, 164.50)",,,,
14:51:58:8748,"(66.75, 164.50)",,,,
14:51:58:8925,"(66.75, 164.50)",,,,
14:51:58:9097,"(66.75, 164.50)",,,,
14:51:58:9274,"(66.75, 164.50)",,,,
14:51:58:9481,"(68.75, 162.50)",,,,
14:51:58:9672,"(68.75, 169.50)",,,,
14:51:58:9882,"(66.75, 179.50)",,,,
14:51:59:0134,"(66.75, 189.50)",,,,
14:51:59:0386,"(66.75, 214.50)",,,,
14:51:59:0650,"(66.75, 239.50)",,,,
14:51:59:0923,"(66.75, 261.50)",,,,
14:51:59:1159,"(66.75, 261.50)",,,,
14:51:59:1411,"(66.75, 261.50)",,,,
14:51:59:1662,"(66.75, 261.50)",,,,
14:51:59:2474,"(66.75, 261.50)",,,,
14:51:59:2696,"(66.75, 261.50)",,,,
14:51:59:2870,"(66.75, 261.50)",,,,
14:51:59:3067,"(66.75, 261.50)",,,,
14:51:59:3230,"(66.75, 261.50)",,,,
14:51:59:3426,"(66.75, 261.50)",,,,
14:51:59:3601,"(66.75, 261.50)",,,,
14:51:59:3776,"(66.75, 261.50)",,,,
14:51:59:3947,"(66.75, 261.50)",,,,
14:51:59:4125,"(66.75, 261.50)",,,,
14:51:59:4325,"(68.75, 279.50)",,,,
14:51:59:4520,"(70.75, 249.50)",,,,
14:51:59:4731,"(70.75, 222.50)",,,,
14:51:59:4942,"(70.75, 204.50)",,,,
14:51:59:5146,"(70.75, 197.50)",,,,
14:51:59:5344,"(70.75, 194.50)",,,,
14:51:59:5546,"(70.75, 189.50)",,,,
14:51:59:5719,"(70.75, 189.50)",,,,
14:51:59:5898,"(70.75, 189.50)",,,,
14:51:59:6066,"(70.75, 189.50)",,,,
14:51:59:6263,"(70.75, 189.50)",,,,
14:51:59:6443,"(70.75, 189.50)",,,,
14:51:59:6630,"(70.75, 189.50)",,,,
14:51:59:6793,"(70.75, 189.50)",,,,
14:51:59:7819,"(70.75, 189.50)",,,,
14:51:59:8063,"(70.75, 189.50)",,,,
14:51:59:8232,"(70.75, 189.50)",,,,
14:51:59:8397,"(70.75, 189.50)",,,,
14:51:59:8597,"(70.75, 189.50)",,,,
14:51:59:8761,"(70.75, 189.50)",,,,
14:51:59:8946,"(70.75, 189.50)",,,,
14:51:59:9119,"(70.75, 189.50)",,,,
14:51:59:9302,"(70.75, 189.50)",,,,
14:51:59:9494,"(70.75, 189.50)",,,,
14:51:59:9691,"(70.75, 189.50)",,,,
14:51:59:9862,"(70.75, 189.50)",,,,
14:52:00:0048,"(70.75, 189.50)",,,,
14:52:00:0411,"(66.75, 184.50)",,,,
14:52:00:0648,"(66.75, 184.50)",,,,
14:52:00:0877,"(66.75, 184.50)",,,,
14:52:00:1189,"(63.75, 179.50)",,,,
14:52:00:1444,"(63.75, 174.50)",,,,
14:52:00:1686,"(63.75, 174.50)",,,,
14:52:00:1930,"(63.75, 174.50)",,,,
14:52:00:2114,"(63.75, 174.50)",,,,
14:52:00:2287,"(63.75, 174.50)",,,,
14:52:00:2475,"(63.75, 174.50)",,,,
14:52:00:3487,"(63.75, 174.50)",,,,
14:52:00:3711,"(63.75, 174.50)",,,,
14:52:00:3886,"(63.75, 174.50)",,,,
14:52:00:4054,"(63.75, 174.50)",,,,
14:52:00:4266,"(63.75, 174.50)",,,,
14:52:00:4445,"(63.75, 174.50)",,,,
14:52:00:4617,"(63.75, 174.50)",,,,
14:52:00:4831,"(65.75, 184.50)",,,,
14:52:00:5043,"(65.75, 206.50)",,,,
14:52:00:5245,"(65.75, 224.50)",,,,
14:52:00:5446,"(65.75, 231.50)",,,,
14:52:00:5643,"(65.75, 234.50)",,,,
14:52:00:5823,"(65.75, 234.50)",,,,
14:52:00:5996,"(65.75, 234.50)",,,,
14:52:00:6189,"(65.75, 234.50)",,,,
14:52:00:6374,"(65.75, 234.50)",,,,
14:52:00:6559,"(65.75, 234.50)",,,,
14:52:00:6743,"(65.75, 234.50)",,,,
14:52:00:6927,"(65.75, 234.50)",,,,
14:52:00:7113,"(65.75, 234.50)",,,,
14:52:00:7298,"(65.75, 234.50)",,,,
14:52:00:7476,"(65.75, 234.50)",,,,
14:52:00:7658,"(65.75, 234.50)",,,,
14:52:00:7853,"(65.75, 227.50)",,,,
14:52:00:8063,"(65.75, 219.50)",,,,
14:52:00:8264,"(65.75, 217.50)",,,,
14:52:00:8458,"(65.75, 214.50)",,,,
14:52:00:8634,"(65.75, 214.50)",,,,
14:52:00:8823,"(65.75, 214.50)",,,,
14:52:00:9007,"(65.75, 214.50)",,,,
14:52:00:9193,"(65.75, 214.50)",,,,
14:52:00:9375,"(65.75, 214.50)",,,,
14:52:00:9575,"(65.75, 207.50)",,,,
14:52:00:9769,"(65.75, 204.50)",,,,
14:52:00:9959,"(65.75, 199.50)",,,,
14:52:01:0142,"(65.75, 199.50)",,,,
14:52:01:0371,"(65.75, 199.50)",,,,
14:52:01:0596,"(65.75, 199.50)",,,,
14:52:01:0828,"(65.75, 199.50)",,,,
14:52:01:1072,"(65.75, 199.50)",,,,
14:52:01:2203,"(65.75, 199.50)",,,,
14:52:01:2432,"(65.75, 199.50)",,,,
14:52:01:2628,"(65.75, 199.50)",,,,
14:52:01:2805,"(65.75, 199.50)",,,,
14:52:01:2991,"(65.75, 199.50)",,,,
14:52:01:3169,"(65.75, 199.50)",,,,
14:52:01:3360,"(65.75, 199.50)",,,,
14:52:01:3543,"(65.75, 199.50)",,,,
14:52:01:3730,"(65.75, 199.50)",,,,
14:52:01:3892,"(65.75, 199.50)",,,,
14:52:01:4078,"(65.75, 199.50)",,,,
14:52:01:4270,"(65.75, 201.50)",,,,
14:52:01:4452,"(65.75, 201.50)",,,,
14:52:01:4629,"(65.75, 201.50)",,,,
14:52:01:4810,"(65.75, 201.50)",,,,
14:52:01:4987,"(65.75, 201.50)",,,,
14:52:01:5196,"(65.75, 199.50)",,,,
14:52:01:5401,"(65.75, 192.50)",,,,
14:52:01:5594,"(65.75, 189.50)",,,,
14:52:01:5776,"(65.75, 189.50)",,,,
14:52:01:5971,"(65.75, 189.50)",,,,
14:52:01:6145,"(65.75, 189.50)",,,,
14:52:01:6324,"(65.75, 189.50)",,,,
14:52:01:6512,"(65.75, 189.50)",,,,
14:52:01:6685,"(65.75, 189.50)",,,,
14:52:01:6900,"(65.75, 189.50)",,,,
14:52:01:7066,"(65.75, 189.50)",,,,
14:52:01:7258,"(65.75, 189.50)",,,,
14:52:01:7434,"(65.75, 189.50)",,,,
14:52:01:7621,"(65.75, 189.50)",,,,
14:52:01:7797,"(65.75, 189.50)",,,,
14:52:01:7988,"(65.75, 189.50)",,,,
14:52:01:8169,"(65.75, 189.50)",,,,
14:52:01:8350,"(65.75, 189.50)",,,,
14:52:01:8572,"(65.75, 189.50)",,,,
14:52:01:8752,"(65.75, 189.50)",,,,
14:52:01:8934,"(65.75, 189.50)",,,,
14:52:01:9179,"(65.75, 189.50)",,,,
14:52:01:9400,"(65.75, 189.50)",,,,
14:52:01:9642,"(65.75, 196.50)",,,,
14:52:01:9877,"(65.75, 196.50)",,,,
14:52:02:0160,"(65.75, 196.50)",,,,
14:52:02:0461,"(65.75, 196.50)",,,,
14:52:02:0875,"(65.75, 184.50)",,,,
14:52:02:1635,"(65.75, 182.50)",,,,
14:52:02:1910,"(65.75, 179.50)",,,,
14:52:02:2143,"(65.75, 179.50)",,,,
14:52:02:2370,"(65.75, 179.50)",,,,
14:52:02:3391,"(65.75, 179.50)",,,,
14:52:02:3630,"(65.75, 179.50)",,,,
14:52:02:3826,"(65.75, 179.50)",,,,
14:52:02:4019,"(65.75, 179.50)",,,,
14:52:02:4242,"(61.75, 181.50)",,,,
14:52:02:4451,"(58.75, 186.50)",,,,
14:52:02:4652,"(58.75, 194.50)",,,,
14:52:02:4868,"(58.75, 199.50)",,,,
14:52:02:5046,"(58.75, 199.50)",,,,
14:52:02:5224,"(58.75, 199.50)",,,,
14:52:02:5413,"(58.75, 199.50)",,,,
14:52:02:5579,"(58.75, 199.50)",,,,
14:52:02:5769,"(58.75, 199.50)",,,,
14:52:02:5945,"(58.75, 199.50)",,,,
14:52:02:6155,"(58.75, 204.50)",,,,
14:52:02:6346,"(58.75, 209.50)",,,,
14:52:02:6558,"(58.75, 209.50)",,,,
14:52:02:6730,"(58.75, 209.50)",,,,
14:52:02:6928,"(58.75, 209.50)",,,,
14:52:02:7946,"(58.75, 209.50)",,,,
14:52:02:8185,"(58.75, 209.50)",,,,
14:52:02:8371,"(58.75, 209.50)",,,,
14:52:02:8544,"(58.75, 209.50)",,,,
14:52:02:8771,"(58.75, 209.50)",,,,
14:52:02:8957,"(58.75, 209.50)",,,,
14:52:02:9128,"(58.75, 209.50)",,,,
14:52:02:9332,"(58.75, 209.50)",,,,
14:52:02:9513,"(58.75, 209.50)",,,,
14:52:02:9709,"(58.75, 209.50)",,,,
14:52:02:9896,"(58.75, 209.50)",,,,
14:52:03:0093,"(58.75, 209.50)",,,,
14:52:03:0278,"(58.75, 209.50)",,,,
14:52:03:0541,"(58.75, 209.50)",,,,
14:52:03:0771,"(58.75, 209.50)",,,,
14:52:03:1045,"(58.75, 197.50)",,,,
14:52:03:1312,"(58.75, 182.50)",,,,
14:52:03:1593,"(58.75, 164.50)",,,,
14:52:03:1885,"(58.75, 157.50)",,,,
14:52:03:2131,"(58.75, 157.50)",,,,
14:52:03:2352,"(58.75, 157.50)",,,,
14:52:03:2528,"(58.75, 157.50)",,,,
14:52:03:2711,"(58.75, 157.50)",,,,
14:52:03:2894,"(58.75, 157.50)",,,,
14:52:03:3096,"(58.75, 157.50)",,,,
14:52:03:3278,"(58.75, 157.50)",,,,
14:52:03:3465,"(58.75, 157.50)",,,,
14:52:03:3666,"(58.75, 157.50)",,,,
14:52:03:3853,"(58.75, 157.50)",,,,
14:52:03:4045,"(58.75, 157.50)",,,,
14:52:03:4228,"(58.75, 157.50)",,,,
14:52:03:4402,"(58.75, 157.50)",,,,
14:52:03:5428,"(58.75, 157.50)",,,,
14:52:03:5654,"(58.75, 157.50)",,,,
14:52:03:5850,"(58.75, 157.50)",,,,
14:52:03:6068,"(58.75, 157.50)",,,,
14:52:03:6247,"(58.75, 157.50)",,,,
14:52:03:6436,"(58.75, 157.50)",,,,
14:52:03:6624,"(58.75, 157.50)",,,,
14:52:03:6805,"(58.75, 157.50)",,,,
14:52:03:6991,"(58.75, 157.50)",,,,
14:52:03:7249,"(48.75, 154.50)",,,,
14:52:03:7443,"(48.75, 156.50)",,,,
14:52:03:7656,"(48.75, 161.50)",,,,
14:52:03:7861,"(48.75, 164.50)",,,,
14:52:03:8057,"(48.75, 166.50)",,,,
14:52:03:8245,"(48.75, 166.50)",,,,
14:52:03:8421,"(48.75, 166.50)",,,,
14:52:03:8610,"(48.75, 166.50)",,,,
14:52:03:8820,"(68.75, 167.50)",,,,
14:52:03:9023,"(80.75, 164.50)",,,,
14:52:03:9267,"(165.75, 139.50)",,,,
14:52:03:9488,"(315.75, 89.50)",,,,
14:52:03:9722,"(505.75, 32.50)",,,,
14:52:03:9933,"(655.75, -20.50)",,,,
14:52:04:0193,"(723.75, -62.50)",,,,
14:52:04:0393,"(780.75, -120.50)",,,,
14:52:04:0658,"(805.75, -160.50)",,,,
14:52:04:0934,"(815.75, -197.50)",,,,
14:52:04:1222,"(820.75, -232.50)",,,,
14:52:04:1485,"(828.75, -275.50)",,,,
14:52:04:1775,"(840.75, -325.50)",,,,
14:52:04:2162,"(848.75, -345.50)",,,,
14:52:04:2500,"(848.75, -345.50)",,,,
14:52:04:2779,"(848.75, -345.50)",,,,
14:52:04:3038,"(848.75, -345.50)",,,,
14:52:04:3250,"(848.75, -345.50)",,,,
14:52:04:3436,"(848.75, -345.50)",,,,
14:52:04:3627,"(848.75, -345.50)",,,,
14:52:04:3838,"(848.75, -345.50)",,,,
14:52:04:4035,"(848.75, -345.50)",,,,
14:52:04:4231,"(848.75, -345.50)",,,,
14:52:04:4419,"(848.75, -345.50)",,,,
14:52:04:4594,"(848.75, -345.50)",,,,
14:52:04:4793,"(848.75, -345.50)",,,,
14:52:04:4977,"(848.75, -345.50)",,,,
14:52:04:5175,"(848.75, -345.50)",,,,
14:52:04:5469,"(848.75, -345.50)",,,,
14:52:04:5673,"(848.75, -345.50)",,,,
14:52:04:5870,"(848.75, -345.50)",,,,
14:52:04:6068,"(848.75, -345.50)",,,,
14:52:04:6268,"(848.75, -345.50)",,,,
14:52:04:6484,"(848.75, -345.50)",,,,
14:52:04:6779,"(848.75, -345.50)",,,,
14:52:04:7143,"(848.75, -345.50)",,,,
14:52:04:7526,"(848.75, -345.50)",,,,
14:52:04:7945,"(848.75, -345.50)",,,,
14:52:04:8248,"(848.75, -345.50)",,,,
14:52:04:8456,"(848.75, -345.50)",,,,
14:52:04:8695,"(848.75, -345.50)",,,,
14:52:04:8904,"(848.75, -345.50)",,,,
14:52:04:9189,"(848.75, -345.50)",,,,
14:52:04:9618,"(848.75, -345.50)",,,,
14:52:04:9995,"(848.75, -345.50)",,,,
14:52:05:0204,"(848.75, -345.50)",,,,
14:52:05:0428,"(848.75, -345.50)",,,,
14:52:05:0715,"(848.75, -345.50)",,,,
14:52:05:1025,"(848.75, -345.50)",,,,
14:52:05:1693,"(848.75, -345.50)",,,,
14:52:05:2497,"(848.75, -345.50)",,,,
14:52:05:2772,"(848.75, -345.50)",,,,
14:52:05:3962,"(848.75, -345.50)",,,,
14:52:05:4550,"(848.75, -345.50)",,,,
14:52:05:4924,"(848.75, -345.50)",,,,
14:52:05:5184,"(848.75, -345.50)",,,,
14:52:05:5695,"(848.75, -345.50)",,,,
14:52:05:5904,"(848.75, -345.50)",,,,
14:52:05:6495,"(848.75, -345.50)",,,,
14:52:05:7302,"(848.75, -345.50)",,,,
14:52:05:8743,"(848.75, -345.50)",,,,
14:52:05:9107,"(848.75, -345.50)",,,,
14:52:06:0149,"(848.75, -345.50)",,,,
14:52:06:0514,"(848.75, -345.50)",,,,
14:52:06:1055,"(848.75, -345.50)",,,,
14:52:06:1671,"(848.75, -345.50)",,,,
14:52:06:2223,"(848.75, -345.50)",,,,
14:52:06:3390,"(848.75, -345.50)",,,,
14:52:06:3856,"(848.75, -345.50)",,,,
14:52:06:4078,"(848.75, -345.50)",,,,
14:52:06:4381,"(848.75, -345.50)",,,,
14:52:06:4573,"(848.75, -345.50)",,,,
14:52:06:4756,"(848.75, -345.50)",,,,
14:52:06:5223,"(848.75, -345.50)",,,,
14:52:06:5849,"(848.75, -345.50)",,,,
14:52:06:6255,"(848.75, -345.50)",,,,
14:52:06:6468,"(848.75, -345.50)",,,,
14:52:06:6702,"(848.75, -345.50)",,,,
14:52:06:6984,"(848.75, -345.50)",,,,
14:52:06:7249,"(848.75, -345.50)",,,,
14:52:06:7531,"(848.75, -345.50)",,,,
14:52:06:7779,"(848.75, -345.50)",,,,
14:52:06:8556,"(848.75, -345.50)",,,,
14:52:06:8927,"(848.75, -345.50)",,,,
14:52:06:9130,"(848.75, -345.50)",,,,
14:52:06:9505,"(848.75, -345.50)",,,,
14:52:06:9882,"(848.75, -345.50)",,,,
14:52:07:0175,"(848.75, -345.50)",,,,
14:52:07:0404,"(848.75, -345.50)",,,,
14:52:07:0630,"(848.75, -345.50)",,,,
14:52:07:0844,"(848.75, -345.50)",,,,
14:52:07:1232,"(848.75, -345.50)",,,,
14:52:07:1954,"(848.75, -345.50)",,,,
14:52:07:2807,"(848.75, -345.50)",,,,
14:52:07:3442,"(848.75, -345.50)",,,,
14:52:07:3826,"(848.75, -345.50)",,,,
14:52:07:4360,"(848.75, -345.50)",,,,
14:52:07:4688,"(848.75, -345.50)",,,,
14:52:07:5029,"(848.75, -345.50)",,,,
14:52:07:5356,"(848.75, -345.50)",,,,
14:52:07:5655,"(848.75, -345.50)",,,,
14:52:07:6025,"(848.75, -345.50)",,,,
14:52:07:6394,"(848.75, -345.50)",,,,
14:52:07:6768,"(848.75, -345.50)",,,,
14:52:07:7109,"(848.75, -345.50)",,,,
14:52:07:7446,"(848.75, -345.50)",,,,
14:52:07:7784,"(848.75, -345.50)",,,,
14:52:07:8087,"(848.75, -345.50)",,,,
14:52:07:8417,"(848.75, -345.50)",,,,
14:52:07:8786,"(848.75, -345.50)",,,,
14:52:07:9098,"(848.75, -345.50)",,,,
14:52:07:9442,"(848.75, -345.50)",,,,
14:52:07:9755,"(848.75, -345.50)",,,,
14:52:08:0081,"(848.75, -345.50)",,,,
14:52:08:0384,"(848.75, -345.50)",,,,
14:52:08:0701,"(848.75, -345.50)",,,,
14:52:08:1017,"(848.75, -345.50)",,,,
14:52:08:1380,"(848.75, -345.50)",,,,
14:52:08:1852,"(848.75, -345.50)",,,,
14:52:08:2752,"(848.75, -345.50)",,,,
14:52:08:3357,"(848.75, -345.50)",,,,
14:52:08:3811,"(848.75, -345.50)",,,,
14:52:08:4186,"(848.75, -345.50)",,,,
14:52:08:4544,"(848.75, -345.50)",,,,
14:52:08:4960,"(848.75, -345.50)",,,,
14:52:08:5244,"(848.75, -345.50)",,,,
14:52:08:5420,"(848.75, -345.50)",,,,
14:52:08:5631,"(848.75, -345.50)",,,,
14:52:08:5844,"(848.75, -345.50)",,,,
14:52:08:6057,"(848.75, -345.50)",,,,
14:52:08:6280,"(848.75, -345.50)",,,,
14:52:08:6514,"(848.75, -345.50)",,,,
14:52:08:6751,"(848.75, -345.50)",,,,
14:52:08:7078,"(848.75, -345.50)",,,,
14:52:08:7383,"(848.75, -345.50)",,,,
14:52:08:7688,"(848.75, -345.50)",,,,
14:52:08:7897,"(848.75, -345.50)",,,,
14:52:08:8144,"(848.75, -345.50)",,,,
14:52:08:8366,"(848.75, -345.50)",,,,
14:52:08:8569,"(848.75, -345.50)",,,,
14:52:08:8772,"(848.75, -345.50)",,,,
14:52:08:8958,"(848.75, -345.50)",,,,
14:52:08:9162,"(848.75, -345.50)",,,,
14:52:08:9358,"(848.75, -345.50)",,,,
14:52:08:9570,"(848.75, -345.50)",,,,
14:52:08:9767,"(848.75, -345.50)",,,,
14:52:09:0025,"(848.75, -345.50)",,,,
14:52:09:0219,"(848.75, -345.50)",,,,
14:52:09:0415,"(848.75, -345.50)",,,,
14:52:09:0621,"(848.75, -345.50)",,,,
14:52:09:0806,"(848.75, -345.50)",,,,
14:52:09:1010,"(848.75, -345.50)",,,,
14:52:09:1362,"(848.75, -345.50)",,,,
14:52:09:1684,"(848.75, -345.50)",,,,
14:52:09:2005,"(848.75, -345.50)",,,,
14:52:09:2346,"(848.75, -345.50)",,,,
14:52:09:2665,"(848.75, -345.50)",,,,
14:52:09:3053,"(848.75, -345.50)",,,,
14:52:09:3394,"(848.75, -345.50)",,,,
14:52:09:3677,"(848.75, -345.50)",,,,
14:52:09:4194,"(848.75, -345.50)",,,,
14:52:09:4382,"(848.75, -345.50)",,,,
14:52:09:4580,"(848.75, -345.50)",,,,
14:52:09:4787,"(848.75, -345.50)",,,,
14:52:09:5020,"(848.75, -345.50)",,,,
14:52:09:5213,"(848.75, -345.50)",,,,
14:52:09:5421,"(848.75, -345.50)",,,,
14:52:09:5666,"(848.75, -345.50)",,,,
14:52:09:5880,"(848.75, -345.50)",,,,
14:52:09:6089,"(848.75, -345.50)",,,,
14:52:09:6294,"(848.75, -345.50)",,,,
14:52:09:6495,"(848.75, -345.50)",,,,
14:52:09:6696,"(848.75, -345.50)",,,,
14:52:09:6906,"(848.75, -345.50)",,,,
14:52:09:7114,"(848.75, -345.50)",,,,
14:52:09:7314,"(848.75, -345.50)",,,,
14:52:09:7530,"(848.75, -345.50)",,,,
14:52:09:7730,"(848.75, -345.50)",,,,
14:52:09:7950,"(848.75, -345.50)",,,,
14:52:09:8136,"(848.75, -345.50)",,,,
14:52:09:8335,"(848.75, -345.50)",,,,
14:52:09:8532,"(848.75, -345.50)",,,,
14:52:09:8728,"(848.75, -345.50)",,,,
14:52:09:8916,"(848.75, -345.50)",,,,
14:52:09:9114,"(848.75, -345.50)",,,,
14:52:09:9372,"(848.75, -345.50)",,,,
14:52:09:9582,"(848.75, -345.50)",,,,
14:52:09:9796,"(848.75, -345.50)",,,,
14:52:10:0004,"(848.75, -345.50)",,,,
14:52:10:0202,"(848.75, -345.50)",,,,
14:52:10:0389,"(848.75, -345.50)",,,,
14:52:10:0581,"(848.75, -345.50)",,,,
14:52:10:0782,"(848.75, -345.50)",,,,
14:52:10:0979,"(848.75, -345.50)",,,,
14:52:10:1192,"(848.75, -345.50)",,,,
14:52:10:1430,"(848.75, -345.50)",,,,
14:52:10:1834,"(848.75, -345.50)",,,,
14:52:10:2244,"(848.75, -345.50)",,,,
14:52:10:2522,"(848.75, -345.50)",,,,
14:52:10:2743,"(848.75, -345.50)",,,,
14:52:10:2945,"(848.75, -345.50)",,,,
14:52:10:3146,"(848.75, -345.50)",,,,
14:52:10:3360,"(848.75, -345.50)",,,,
14:52:10:3542,"(848.75, -345.50)",,,,
14:52:10:3751,"(848.75, -345.50)",,,,
14:52:10:3951,"(848.75, -345.50)",,,,
14:52:10:4153,"(848.75, -345.50)",,,,
14:52:10:4355,"(848.75, -345.50)",,,,
14:52:10:4557,"(848.75, -345.50)",,,,
14:52:10:4751,"(848.75, -345.50)",,,,
14:52:10:4982,"(848.75, -345.50)",,,,
14:52:10:5210,"(848.75, -345.50)",,,,
14:52:10:5456,"(848.75, -345.50)",,,,
14:52:10:5750,"(848.75, -345.50)",,,,
14:52:10:6015,"(848.75, -345.50)",,,,
14:52:10:6343,"(848.75, -345.50)",,,,
14:52:10:6572,"(848.75, -345.50)",,,,
14:52:10:7573,"(848.75, -345.50)",,,,
14:52:10:8160,"(848.75, -345.50)",,,,
14:52:10:8495,"(848.75, -345.50)",,,,
14:52:10:8745,"(848.75, -345.50)",,,,
14:52:10:9014,"(848.75, -345.50)",,,,
14:52:10:9367,"(848.75, -345.50)",,,,
14:52:10:9619,"(848.75, -345.50)",,,,
14:52:10:9853,"(848.75, -345.50)",,,,
14:52:11:0217,"(848.75, -345.50)",,,,
14:52:11:0499,"(848.75, -345.50)",,,,
14:52:11:0742,"(848.75, -345.50)",,,,
14:52:11:0975,"(848.75, -345.50)",,,,
14:52:11:1215,"(848.75, -345.50)",,,,
14:52:11:1535,"(848.75, -345.50)",,,,
14:52:11:1889,"(848.75, -345.50)",,,,
14:52:11:2160,"(848.75, -345.50)",,,,
14:52:11:2429,"(848.75, -345.50)",,,,
14:52:11:2708,"(848.75, -345.50)",,,,
14:52:11:3001,"(848.75, -345.50)",,,,
14:52:11:3373,"(848.75, -345.50)",,,,
14:52:11:3744,"(848.75, -345.50)",,,,
14:52:11:4030,"(848.75, -345.50)",,,,
14:52:11:4346,"(848.75, -345.50)",,,,
14:52:11:4579,"(848.75, -345.50)",,,,
14:52:11:4786,"(848.75, -345.50)",,,,
14:52:11:4985,"(848.75, -345.50)",,,,
14:52:11:5183,"(848.75, -345.50)",,,,
14:52:11:5372,"(848.75, -345.50)",,,,
14:52:11:5580,"(848.75, -345.50)",,,,
14:52:11:5781,"(848.75, -345.50)",,,,
14:52:11:5972,"(848.75, -345.50)",,,,
14:52:11:6164,"(848.75, -345.50)",,,,
14:52:11:6380,"(848.75, -345.50)",,,,
14:52:11:6572,"(848.75, -345.50)",,,,
14:52:11:6769,"(848.75, -345.50)",,,,
14:52:11:6969,"(848.75, -345.50)",,,,
14:52:11:7166,"(848.75, -345.50)",,,,
14:52:11:7356,"(848.75, -345.50)",,,,
14:52:11:7557,"(848.75, -345.50)",,,,
14:52:11:7761,"(848.75, -345.50)",,,,
14:52:11:7947,"(848.75, -345.50)",,,,
14:52:11:8167,"(848.75, -345.50)",,,,
14:52:11:8382,"(848.75, -345.50)",,,,
14:52:11:8600,"(848.75, -345.50)",,,,
14:52:11:8814,"(848.75, -345.50)",,,,
14:52:11:9023,"(848.75, -345.50)",,,,
14:52:11:9320,"(848.75, -345.50)",,,,
14:52:11:9636,"(848.75, -345.50)",,,,
14:52:11:9942,"(848.75, -345.50)",,,,
14:52:12:0196,"(848.75, -345.50)",,,,
14:52:12:0457,"(848.75, -345.50)",,,,
14:52:12:0709,"(848.75, -345.50)",,,,
14:52:12:1043,"(848.75, -345.50)",,,,
14:52:12:1301,"(848.75, -345.50)",,,,
14:52:12:1624,"(848.75, -345.50)",,,,
14:52:12:1953,"(848.75, -345.50)",,,,
14:52:12:2273,"(848.75, -345.50)",,,,
14:52:12:2639,"(848.75, -345.50)",,,,
14:52:12:3016,"(848.75, -345.50)",,,,
14:52:12:3357,"(848.75, -345.50)",,,,
14:52:12:3683,"(848.75, -345.50)",,,,
14:52:12:4007,"(848.75, -345.50)",,,,
14:52:12:4215,"(848.75, -345.50)",,,,
14:52:12:4407,"(848.75, -345.50)",,,,
14:52:12:4610,"(848.75, -345.50)",,,,
14:52:12:4833,"(848.75, -345.50)",,,,
14:52:12:5039,"(848.75, -345.50)",,,,
14:52:12:5245,"(848.75, -345.50)",,,,
14:52:12:5454,"(848.75, -345.50)",,,,
14:52:12:5663,"(848.75, -345.50)",,,,
14:52:12:5862,"(848.75, -345.50)",,,,
14:52:12:6076,"(848.75, -345.50)",,,,
14:52:12:6291,"(848.75, -345.50)",,,,
14:52:12:6490,"(848.75, -345.50)",,,,
14:52:12:6686,"(848.75, -345.50)",,,,
14:52:12:6889,"(848.75, -345.50)",,,,
14:52:12:7107,"(848.75, -345.50)",,,,
14:52:12:7298,"(848.75, -345.50)",,,,
14:52:12:7500,"(848.75, -345.50)",,,,
14:52:12:7700,"(848.75, -345.50)",,,,
14:52:12:7887,"(848.75, -345.50)",,,,
14:52:12:8094,"(848.75, -345.50)",,,,
14:52:12:8310,"(848.75, -345.50)",,,,
14:52:12:8518,"(848.75, -345.50)",,,,
14:52:12:8713,"(848.75, -345.50)",,,,
14:52:12:8909,"(848.75, -345.50)",,,,
14:52:12:9106,"(848.75, -345.50)",,,,
14:52:12:9307,"(848.75, -345.50)",,,,
14:52:12:9518,"(848.75, -345.50)",,,,
14:52:12:9719,"(848.75, -345.50)",,,,
14:52:12:9936,"(848.75, -345.50)",,,,
14:52:13:0151,"(848.75, -345.50)",,,,
14:52:13:0349,"(848.75, -345.50)",,,,
14:52:13:0553,"(848.75, -345.50)",,,,
14:52:13:0763,"(848.75, -345.50)",,,,
14:52:13:0968,"(848.75, -345.50)",,,,
14:52:13:1198,"(848.75, -345.50)",,,,
14:52:13:1422,"(848.75, -345.50)",,,,
14:52:13:1731,"(848.75, -345.50)",,,,
14:52:13:2018,"(848.75, -345.50)",,,,
14:52:13:2362,"(848.75, -345.50)",,,,
14:52:13:2631,"(848.75, -345.50)",,,,
14:52:13:2980,"(848.75, -345.50)",,,,
14:52:13:3243,"(848.75, -345.50)",,,,
14:52:13:3457,"(848.75, -345.50)",,,,
14:52:13:3667,"(848.75, -345.50)",,,,
14:52:13:3865,"(848.75, -345.50)",,,,
14:52:13:4117,"(848.75, -345.50)",,,,
14:52:13:4331,"(848.75, -345.50)",,,,
14:52:13:4534,"(848.75, -345.50)",,,,
14:52:13:4753,"(848.75, -345.50)",,,,
14:52:13:4972,"(848.75, -345.50)",,,,
14:52:13:5179,"(848.75, -345.50)",,,,
14:52:13:5388,"(848.75, -345.50)",,,,
14:52:13:5586,"(848.75, -345.50)",,,,
14:52:13:5781,"(848.75, -345.50)",,,,
14:52:13:5980,"(848.75, -345.50)",,,,
14:52:13:6192,"(848.75, -345.50)",,,,
14:52:13:6393,"(848.75, -345.50)",,,,
14:52:13:6634,"(848.75, -345.50)",,,,
14:52:13:6832,"(848.75, -345.50)",,,,
14:52:13:7055,"(848.75, -345.50)",,,,
14:52:13:7267,"(848.75, -345.50)",,,,
14:52:13:7474,"(848.75, -345.50)",,,,
14:52:13:7685,"(848.75, -345.50)",,,,
14:52:13:7888,"(848.75, -345.50)",,,,
14:52:13:8088,"(848.75, -345.50)",,,,
14:52:13:8322,"(848.75, -345.50)",,,,
14:52:13:8535,"(848.75, -345.50)",,,,
14:52:13:8745,"(848.75, -345.50)",,,,
14:52:13:8963,"(848.75, -345.50)",,,,
14:52:13:9170,"(848.75, -345.50)",,,,
14:52:13:9377,"(848.75, -345.50)",,,,
14:52:13:9577,"(848.75, -345.50)",,,,
14:52:13:9789,"(848.75, -345.50)",,,,
14:52:13:9992,"(848.75, -345.50)",,,,
14:52:14:0204,"(848.75, -345.50)",,,,
14:52:14:0420,"(848.75, -345.50)",,,,
14:52:14:0621,"(848.75, -345.50)",,,,
14:52:14:0821,"(848.75, -345.50)",,,,
14:52:14:1026,"(848.75, -345.50)",,,,
14:52:14:1246,"(848.75, -345.50)",,,,
14:52:14:1586,"(848.75, -345.50)",,,,
14:52:14:1993,"(848.75, -345.50)",,,,
14:52:14:2357,"(848.75, -345.50)",,,,
14:52:14:2893,"(848.75, -345.50)",,,,
14:52:14:3167,"(848.75, -345.50)",,,,
14:52:14:3415,"(848.75, -345.50)",,,,
14:52:14:3645,"(848.75, -345.50)",,,,
14:52:14:3872,"(848.75, -345.50)",,,,
14:52:14:4134,"(848.75, -345.50)",,,,
14:52:14:4377,"(848.75, -345.50)",,,,
14:52:14:4924,"(848.75, -345.50)",,,,
14:52:14:5374,"(848.75, -345.50)",,,,
14:52:14:5810,"(848.75, -345.50)",,,,
14:52:14:6209,"(848.75, -345.50)",,,,
14:52:14:6582,"(848.75, -345.50)",,,,
14:52:14:6989,"(848.75, -345.50)",,,,
14:52:14:7624,"(848.75, -345.50)",,,,
14:52:14:8116,"(848.75, -345.50)",,,,
14:52:14:8696,"(848.75, -345.50)",,,,
14:52:14:9114,"(848.75, -345.50)",,,,
14:52:14:9421,"(848.75, -345.50)",,,,
14:52:14:9721,"(848.75, -345.50)",,,,
14:52:15:0041,"(848.75, -345.50)",,,,
14:52:15:0429,"(848.75, -345.50)",,,,
14:52:15:0757,"(848.75, -345.50)",,,,
14:52:15:1056,"(848.75, -345.50)",,,,
14:52:15:1348,"(848.75, -345.50)",,,,
14:52:15:1664,"(848.75, -345.50)",,,,
14:52:15:2079,"(848.75, -345.50)",,,,
14:52:15:2461,"(848.75, -345.50)",,,,
14:52:15:2843,"(848.75, -345.50)",,,,
14:52:15:3298,"(848.75, -345.50)",,,,
14:52:15:3775,"(848.75, -345.50)",,,,
14:52:15:4165,"(848.75, -345.50)",,,,
14:52:15:4518,"(848.75, -345.50)",,,,
14:52:15:4882,"(848.75, -345.50)",,,,
14:52:15:5209,"(848.75, -345.50)",,,,
14:52:15:5535,"(848.75, -345.50)",,,,
14:52:15:5854,"(848.75, -345.50)",,,,
14:52:15:6161,"(848.75, -345.50)",,,,
14:52:15:6474,"(848.75, -345.50)",,,,
14:52:15:6774,"(848.75, -345.50)",,,,
14:52:15:7060,"(848.75, -345.50)",,,,
14:52:15:7354,"(848.75, -345.50)",,,,
14:52:15:7659,"(848.75, -345.50)",,,,
14:52:15:7951,"(848.75, -345.50)",,,,
14:52:15:8264,"(848.75, -345.50)",,,,
14:52:15:8553,"(848.75, -345.50)",,,,
14:52:15:8922,"(848.75, -345.50)",,,,
14:52:15:9276,"(848.75, -345.50)",,,,
14:52:15:9571,"(848.75, -345.50)",,,,
14:52:15:9891,"(848.75, -345.50)",,,,
14:52:16:0387,"(848.75, -345.50)",,,,
14:52:16:0602,"(848.75, -345.50)",,,,
14:52:16:0803,"(848.75, -345.50)",,,,
14:52:16:1004,"(848.75, -345.50)",,,,
14:52:16:1218,"(848.75, -345.50)",,,,
14:52:16:1441,"(848.75, -345.50)",,,,
14:52:16:1706,"(848.75, -345.50)",,,,
14:52:16:2036,"(848.75, -345.50)",,,,
14:52:16:2400,"(848.75, -345.50)",,,,
14:52:16:2702,"(848.75, -345.50)",,,,
14:52:16:2995,"(848.75, -345.50)",,,,
14:52:16:3323,"(848.75, -345.50)",,,,
14:52:16:3714,"(848.75, -345.50)",,,,
14:52:16:3983,"(848.75, -345.50)",,,,
14:52:16:4194,"(848.75, -345.50)",,,,
14:52:16:4411,"(848.75, -345.50)",,,,
14:52:16:4640,"(848.75, -345.50)",,,,
14:52:16:4846,"(848.75, -345.50)",,,,
14:52:16:5067,"(848.75, -345.50)",,,,
14:52:16:5293,"(848.75, -345.50)",,,,
14:52:16:5516,"(848.75, -345.50)",,,,
14:52:16:5729,"(848.75, -345.50)",,,,
14:52:16:5967,"(848.75, -345.50)",,,,
14:52:16:6192,"(848.75, -345.50)",,,,
14:52:16:6414,"(848.75, -345.50)",,,,
14:52:16:6644,"(848.75, -345.50)",,,,
14:52:16:6861,"(848.75, -345.50)",,,,
14:52:16:7088,"(848.75, -345.50)",,,,
14:52:16:7324,"(848.75, -345.50)",,,,
14:52:16:7546,"(848.75, -345.50)",,,,
14:52:16:7774,"(848.75, -345.50)",,,,
14:52:16:7983,"(848.75, -345.50)",,,,
14:52:16:8192,"(848.75, -345.50)",,,,
14:52:16:8423,"(848.75, -345.50)",,,,
14:52:16:8646,"(848.75, -345.50)",,,,
14:52:16:8847,"(848.75, -345.50)",,,,
14:52:16:9060,"(848.75, -345.50)",,,,
14:52:16:9293,"(848.75, -345.50)",,,,
14:52:16:9502,"(848.75, -345.50)",,,,
14:52:16:9731,"(848.75, -345.50)",,,,
14:52:16:9947,"(848.75, -345.50)",,,,
14:52:17:0155,"(848.75, -345.50)",,,,
14:52:17:0353,"(848.75, -345.50)",,,,
14:52:17:0576,"(848.75, -345.50)",,,,
14:52:17:0792,"(848.75, -345.50)",,,,
14:52:17:1005,"(848.75, -345.50)",,,,
14:52:17:1226,"(848.75, -345.50)",,,,
14:52:17:1439,"(848.75, -345.50)",,,,
14:52:17:1649,"(848.75, -345.50)",,,,
14:52:17:1905,"(848.75, -345.50)",,,,
14:52:17:2182,"(848.75, -345.50)",,,,
14:52:17:2460,"(848.75, -345.50)",,,,
14:52:17:2732,"(848.75, -345.50)",,,,
14:52:17:3049,"(848.75, -345.50)",,,,
14:52:17:3361,"(848.75, -345.50)",,,,
14:52:17:3666,"(848.75, -345.50)",,,,
14:52:17:3968,"(848.75, -345.50)",,,,
14:52:17:4308,"(848.75, -345.50)",,,,
14:52:17:4546,"(848.75, -345.50)",,,,
14:52:17:4759,"(848.75, -345.50)",,,,
14:52:17:4974,"(848.75, -345.50)",,,,
14:52:17:5199,"(848.75, -345.50)",,,,
14:52:17:5410,"(848.75, -345.50)",,,,
14:52:17:5631,"(848.75, -345.50)",,,,
14:52:17:5830,"(848.75, -345.50)",,,,
14:52:17:6046,"(848.75, -345.50)",,,,
14:52:17:6260,"(848.75, -345.50)",,,,
14:52:17:6476,"(848.75, -345.50)",,,,
14:52:17:6685,"(848.75, -345.50)",,,,
14:52:17:6897,"(848.75, -345.50)",,,,
14:52:17:7104,"(848.75, -345.50)",,,,
14:52:17:7311,"(848.75, -345.50)",,,,
14:52:17:7506,"(848.75, -345.50)",,,,
14:52:17:7721,"(848.75, -345.50)",,,,
14:52:17:7961,"(848.75, -345.50)",,,,
14:52:17:8227,"(848.75, -345.50)",,,,
14:52:17:8523,"(848.75, -345.50)",,,,
14:52:17:8815,"(848.75, -345.50)",,,,
14:52:17:9127,"(848.75, -345.50)",,,,
14:52:17:9423,"(848.75, -345.50)",,,,
14:52:17:9676,"(848.75, -345.50)",,,,
14:52:17:9899,"(848.75, -345.50)",,,,
14:52:18:0113,"(848.75, -345.50)",,,,
14:52:18:0323,"(848.75, -345.50)",,,,
14:52:18:0546,"(848.75, -345.50)",,,,
14:52:18:0764,"(848.75, -345.50)",,,,
14:52:18:0978,"(848.75, -345.50)",,,,
14:52:18:1205,"(848.75, -345.50)",,,,
14:52:18:1436,"(848.75, -345.50)",,,,
14:52:18:1650,"(848.75, -345.50)",,,,
14:52:18:1862,"(848.75, -345.50)",,,,
14:52:18:2227,"(848.75, -345.50)",,,,
14:52:18:2555,"(848.75, -345.50)",,,,
14:52:18:2894,"(848.75, -345.50)",,,,
14:52:18:3227,"(848.75, -345.50)",,,,
14:52:18:3606,"(848.75, -345.50)",,,,
14:52:18:3959,"(848.75, -345.50)",,,,
14:52:18:4283,"(848.75, -345.50)",,,,
14:52:18:4510,"(848.75, -345.50)",,,,
14:52:18:4742,"(848.75, -345.50)",,,,
14:52:18:4974,"(848.75, -345.50)",,,,
14:52:18:5192,"(848.75, -345.50)",,,,
14:52:18:5407,"(848.75, -345.50)",,,,
14:52:18:5655,"(848.75, -345.50)",,,,
14:52:18:5884,"(848.75, -345.50)",,,,
14:52:18:6111,"(848.75, -345.50)",,,,
14:52:18:6328,"(848.75, -345.50)",,,,
14:52:18:6550,"(848.75, -345.50)",,,,
14:52:18:6772,"(848.75, -345.50)",,,,
14:52:18:6989,"(848.75, -345.50)",,,,
14:52:18:7195,"(848.75, -345.50)",,,,
14:52:18:7405,"(848.75, -345.50)",,,,
14:52:18:7619,"(848.75, -345.50)",,,,
14:52:18:7829,"(848.75, -345.50)",,,,
14:52:18:8053,"(848.75, -345.50)",,,,
14:52:18:8349,"(848.75, -345.50)",,,,
14:52:18:8694,"(848.75, -345.50)",,,,
14:52:18:9041,"(848.75, -345.50)",,,,
14:52:18:9483,"(848.75, -345.50)",,,,
14:52:18:9821,"(848.75, -345.50)",,,,
14:52:19:0090,"(848.75, -345.50)",,,,
14:52:19:0309,"(848.75, -345.50)",,,,
14:52:19:0531,"(848.75, -345.50)",,,,
14:52:19:0820,"(848.75, -345.50)",,,,
14:52:19:1057,"(848.75, -345.50)",,,,
14:52:19:1352,"(848.75, -345.50)",,,,
14:52:19:1624,"(848.75, -345.50)",,,,
14:52:19:1966,"(848.75, -345.50)",,,,
14:52:19:2310,"(848.75, -345.50)",,,,
14:52:19:2720,"(848.75, -345.50)",,,,
14:52:19:3026,"(848.75, -345.50)",,,,
14:52:19:3317,"(848.75, -345.50)",,,,
14:52:19:3568,"(848.75, -345.50)",,,,
14:52:19:3830,"(848.75, -345.50)",,,,
14:52:19:4084,"(848.75, -345.50)",,,,
14:52:19:4353,"(848.75, -345.50)",,,,
14:52:19:4589,"(848.75, -345.50)",,,,
14:52:19:4807,"(848.75, -345.50)",,,,
14:52:19:5024,"(848.75, -345.50)",,,,
14:52:19:5225,"(848.75, -345.50)",,,,
14:52:19:5459,"(848.75, -345.50)",,,,
14:52:19:5678,"(848.75, -345.50)",,,,
14:52:19:5882,"(848.75, -345.50)",,,,
14:52:19:6111,"(848.75, -345.50)",,,,
14:52:19:6308,"(848.75, -345.50)",,,,
14:52:19:6529,"(848.75, -345.50)",,,,
14:52:19:6743,"(848.75, -345.50)",,,,
14:52:19:6952,"(848.75, -345.50)",,,,
14:52:19:7157,"(848.75, -345.50)",,,,
14:52:19:7379,"(848.75, -345.50)",,,,
14:52:19:7604,"(848.75, -345.50)",,,,
14:52:19:7825,"(848.75, -345.50)",,,,
14:52:19:8028,"(848.75, -345.50)",,,,
14:52:19:8245,"(848.75, -345.50)",,,,
14:52:19:8512,"(848.75, -345.50)",,,,
14:52:19:8793,"(848.75, -345.50)",,,,
14:52:19:9015,"(848.75, -345.50)",,,,
14:52:19:9228,"(848.75, -345.50)",,,,
14:52:19:9461,"(848.75, -345.50)",,,,
14:52:19:9667,"(848.75, -345.50)",,,,
14:52:19:9893,"(848.75, -345.50)",,,,
14:52:20:0111,"(848.75, -345.50)",,,,
14:52:20:0326,"(848.75, -345.50)",,,,
14:52:20:0543,"(848.75, -345.50)",,,,
14:52:20:0748,"(848.75, -345.50)",,,,
14:52:20:0967,"(848.75, -345.50)",,,,
14:52:20:1184,"(848.75, -345.50)",,,,
14:52:20:1412,"(848.75, -345.50)",,,,
14:52:20:1628,"(848.75, -345.50)",,,,
14:52:20:1844,"(848.75, -345.50)",,,,
14:52:20:2061,"(848.75, -345.50)",,,,
14:52:20:2370,"(848.75, -345.50)",,,,
14:52:20:2672,"(848.75, -345.50)",,,,
14:52:20:2965,"(848.75, -345.50)",,,,
14:52:20:3172,"(848.75, -345.50)",,,,
14:52:20:3372,"(848.75, -345.50)",,,,
14:52:20:3603,"(848.75, -345.50)",,,,
14:52:20:3860,"(848.75, -345.50)",,,,
14:52:20:4096,"(848.75, -345.50)",,,,
14:52:20:4314,"(848.75, -345.50)",,,,
14:52:20:4546,"(848.75, -345.50)",,,,
14:52:20:4768,"(848.75, -345.50)",,,,
14:52:20:4991,"(848.75, -345.50)",,,,
14:52:20:5226,"(848.75, -345.50)",,,,
14:52:20:5460,"(848.75, -345.50)",,,,
14:52:20:5683,"(848.75, -345.50)",,,,
14:52:20:5915,"(848.75, -345.50)",,,,
14:52:20:6143,"(848.75, -345.50)",,,,
14:52:20:6362,"(848.75, -345.50)",,,,
14:52:20:6589,"(848.75, -345.50)",,,,
14:52:20:6837,"(848.75, -345.50)",,,,
14:52:20:7079,"(848.75, -345.50)",,,,
14:52:20:7318,"(848.75, -345.50)",,,,
14:52:20:7542,"(848.75, -345.50)",,,,
14:52:20:7774,"(848.75, -345.50)",,,,
14:52:20:8071,"(848.75, -345.50)",,,,
14:52:20:8353,"(848.75, -345.50)",,,,
14:52:20:8664,"(848.75, -345.50)",,,,
14:52:20:9022,"(848.75, -345.50)",,,,
14:52:20:9345,"(848.75, -345.50)",,,,
14:52:20:9661,"(848.75, -345.50)",,,,
14:52:21:0100,"(848.75, -345.50)",,,,
14:52:21:0310,"(848.75, -345.50)",,,,
14:52:21:0511,"(848.75, -345.50)",,,,
14:52:21:0729,"(848.75, -345.50)",,,,
14:52:21:0948,"(848.75, -345.50)",,,,
14:52:21:1152,"(848.75, -345.50)",,,,
14:52:21:1367,"(848.75, -345.50)",,,,
14:52:21:1585,"(848.75, -345.50)",,,,
14:52:21:1800,"(848.75, -345.50)",,,,
14:52:21:2031,"(848.75, -345.50)",,,,
14:52:21:2285,"(848.75, -345.50)",,,,
14:52:21:2641,"(848.75, -345.50)",,,,
14:52:21:2973,"(848.75, -345.50)",,,,
14:52:21:3242,"(848.75, -345.50)",,,,
14:52:21:3457,"(848.75, -345.50)",,,,
14:52:21:3683,"(848.75, -345.50)",,,,
14:52:21:3944,"(848.75, -345.50)",,,,
14:52:21:4166,"(848.75, -345.50)",,,,
14:52:21:4380,"(848.75, -345.50)",,,,
14:52:21:4597,"(848.75, -345.50)",,,,
14:52:21:4825,"(848.75, -345.50)",,,,
14:52:21:5033,"(848.75, -345.50)",,,,
14:52:21:5244,"(848.75, -345.50)",,,,
14:52:21:5468,"(848.75, -345.50)",,,,
14:52:21:5689,"(848.75, -345.50)",,,,
14:52:21:5917,"(848.75, -345.50)",,,,
14:52:21:6131,"(848.75, -345.50)",,,,
14:52:21:6345,"(848.75, -345.50)",,,,
14:52:21:6558,"(848.75, -345.50)",,,,
14:52:21:6782,"(848.75, -345.50)",,,,
14:52:21:6999,"(848.75, -345.50)",,,,
14:52:21:7217,"(848.75, -345.50)",,,,
14:52:21:7427,"(848.75, -345.50)",,,,
14:52:21:7646,"(848.75, -345.50)",,,,
14:52:21:7851,"(848.75, -345.50)",,,,
14:52:21:8084,"(848.75, -345.50)",,,,
14:52:21:8286,"(848.75, -345.50)",,,,
14:52:21:8507,"(848.75, -345.50)",,,,
14:52:21:8721,"(848.75, -345.50)",,,,
14:52:21:8942,"(848.75, -345.50)",,,,
14:52:21:9167,"(848.75, -345.50)",,,,
14:52:21:9388,"(848.75, -345.50)",,,,
14:52:21:9594,"(848.75, -345.50)",,,,
14:52:21:9817,"(848.75, -345.50)",,,,
14:52:22:0035,"(848.75, -345.50)",,,,
14:52:22:0265,"(848.75, -345.50)",,,,
14:52:22:0484,"(848.75, -345.50)",,,,
14:52:22:0698,"(848.75, -345.50)",,,,
14:52:22:0910,"(848.75, -345.50)",,,,
14:52:22:1134,"(848.75, -345.50)",,,,
14:52:22:1361,"(848.75, -345.50)",,,,
14:52:22:1576,"(848.75, -345.50)",,,,
14:52:22:1801,"(848.75, -345.50)",,,,
14:52:22:2022,"(848.75, -345.50)",,,,
14:52:22:2247,"(848.75, -345.50)",,,,
14:52:22:2493,"(848.75, -345.50)",,,,
14:52:22:2782,"(848.75, -345.50)",,,,
14:52:22:3071,"(848.75, -345.50)",,,,
14:52:22:3301,"(848.75, -345.50)",,,,
14:52:22:3510,"(848.75, -345.50)",,,,
14:52:22:3733,"(848.75, -345.50)",,,,
14:52:22:3952,"(848.75, -345.50)",,,,
14:52:22:4169,"(848.75, -345.50)",,,,
14:52:22:4386,"(848.75, -345.50)",,,,
14:52:22:4606,"(848.75, -345.50)",,,,
14:52:22:4823,"(848.75, -345.50)",,,,
14:52:22:5029,"(848.75, -345.50)",,,,
14:52:22:5267,"(848.75, -345.50)",,,,
14:52:22:5472,"(848.75, -345.50)",,,,
14:52:22:5683,"(848.75, -345.50)",,,,
14:52:22:5901,"(848.75, -345.50)",,,,
14:52:22:6121,"(848.75, -345.50)",,,,
14:52:22:6344,"(848.75, -345.50)",,,,
14:52:22:6562,"(848.75, -345.50)",,,,
14:52:22:6778,"(848.75, -345.50)",,,,
14:52:22:7006,"(848.75, -345.50)",,,,
14:52:22:7243,"(848.75, -345.50)",,,,
14:52:22:7493,"(848.75, -345.50)",,,,
14:52:22:7704,"(848.75, -345.50)",,,,
14:52:22:7924,"(848.75, -345.50)",,,,
14:52:22:8146,"(848.75, -345.50)",,,,
14:52:22:8381,"(848.75, -345.50)",,,,
14:52:22:8633,"(848.75, -345.50)",,,,
14:52:22:8862,"(848.75, -345.50)",,,,
14:52:22:9087,"(848.75, -345.50)",,,,
14:52:22:9318,"(848.75, -345.50)",,,,
14:52:22:9527,"(848.75, -345.50)",,,,
14:52:22:9762,"(848.75, -345.50)",,,,
14:52:22:9991,"(848.75, -345.50)",,,,
14:52:23:0213,"(848.75, -345.50)",,,,
14:52:23:0430,"(848.75, -345.50)",,,,
14:52:23:0647,"(848.75, -345.50)",,,,
14:52:23:0883,"(848.75, -345.50)",,,,
14:52:23:1118,"(848.75, -345.50)",,,,
14:52:23:1336,"(848.75, -345.50)",,,,
14:52:23:1554,"(848.75, -345.50)",,,,
14:52:23:1788,"(848.75, -345.50)",,,,
14:52:23:2033,"(848.75, -345.50)",,,,
14:52:23:2286,"(848.75, -345.50)",,,,
14:52:23:2546,"(848.75, -345.50)",,,,
14:52:23:2868,"(848.75, -345.50)",,,,
14:52:23:3160,"(848.75, -345.50)",,,,
14:52:23:3424,"(848.75, -345.50)",,,,
14:52:23:3651,"(848.75, -345.50)",,,,
14:52:23:3901,"(848.75, -345.50)",,,,
14:52:23:4118,"(848.75, -345.50)",,,,
14:52:23:4341,"(848.75, -345.50)",,,,
14:52:23:4584,"(848.75, -345.50)",,,,
14:52:23:4796,"(848.75, -345.50)",,,,
14:52:23:5016,"(848.75, -345.50)",,,,
14:52:23:5241,"(848.75, -345.50)",,,,
14:52:23:5461,"(848.75, -345.50)",,,,
14:52:23:5677,"(848.75, -345.50)",,,,
14:52:23:5910,"(848.75, -345.50)",,,,
14:52:23:6125,"(848.75, -345.50)",,,,
14:52:23:6342,"(848.75, -345.50)",,,,
14:52:23:6563,"(848.75, -345.50)",,,,
14:52:23:6779,"(848.75, -345.50)",,,,
14:52:23:7006,"(848.75, -345.50)",,,,
14:52:23:7223,"(848.75, -345.50)",,,,
14:52:23:7443,"(848.75, -345.50)",,,,
14:52:23:7666,"(848.75, -345.50)",,,,
14:52:23:7887,"(848.75, -345.50)",,,,
14:52:23:8114,"(848.75, -345.50)",,,,
14:52:23:8341,"(848.75, -345.50)",,,,
14:52:23:8558,"(848.75, -345.50)",,,,
14:52:23:8780,"(848.75, -345.50)",,,,
14:52:23:9019,"(848.75, -345.50)",,,,
14:52:23:9281,"(848.75, -345.50)",,,,
14:52:23:9503,"(848.75, -345.50)",,,,
14:52:23:9734,"(848.75, -345.50)",,,,
14:52:23:9946,"(848.75, -345.50)",,,,
14:52:24:0172,"(848.75, -345.50)",,,,
14:52:24:0403,"(848.75, -345.50)",,,,
14:52:24:0625,"(848.75, -345.50)",,,,
14:52:24:0841,"(848.75, -345.50)",,,,
14:52:24:1064,"(848.75, -345.50)",,,,
14:52:24:1286,"(848.75, -345.50)",,,,
14:52:24:1510,"(848.75, -345.50)",,,,
14:52:24:1733,"(848.75, -345.50)",,,,
14:52:24:1954,"(848.75, -345.50)",,,,
14:52:24:2178,"(848.75, -345.50)",,,,
14:52:24:2390,"(848.75, -345.50)",,,,
14:52:24:2659,"(848.75, -345.50)",,,,
14:52:24:2970,"(848.75, -345.50)",,,,
14:52:24:3212,"(848.75, -345.50)",,,,
14:52:24:3429,"(848.75, -345.50)",,,,
14:52:24:3630,"(848.75, -345.50)",,,,
14:52:24:3868,"(848.75, -345.50)",,,,
14:52:24:4088,"(848.75, -345.50)",,,,
14:52:24:4304,"(848.75, -345.50)",,,,
14:52:24:4514,"(848.75, -345.50)",,,,
14:52:24:4742,"(848.75, -345.50)",,,,
14:52:24:4970,"(848.75, -345.50)",,,,
14:52:24:5185,"(848.75, -345.50)",,,,
14:52:24:5410,"(848.75, -345.50)",,,,
14:52:24:5631,"(848.75, -345.50)",,,,
14:52:24:5844,"(848.75, -345.50)",,,,
14:52:24:6073,"(848.75, -345.50)",,,,
14:52:24:6290,"(848.75, -345.50)",,,,
14:52:24:6498,"(848.75, -345.50)",,,,
14:52:24:6726,"(848.75, -345.50)",,,,
14:52:24:6947,"(848.75, -345.50)",,,,
14:52:24:7166,"(848.75, -345.50)",,,,
14:52:24:7391,"(848.75, -345.50)",,,,
14:52:24:7611,"(848.75, -345.50)",,,,
14:52:24:7834,"(848.75, -345.50)",,,,
14:52:24:8058,"(848.75, -345.50)",,,,
14:52:24:8284,"(848.75, -345.50)",,,,
14:52:24:8498,"(848.75, -345.50)",,,,
14:52:24:8741,"(848.75, -345.50)",,,,
14:52:24:8958,"(848.75, -345.50)",,,,
14:52:24:9197,"(848.75, -345.50)",,,,
14:52:24:9417,"(848.75, -345.50)",,,,
14:52:24:9644,"(848.75, -345.50)",,,,
14:52:24:9874,"(848.75, -345.50)",,,,
14:52:25:0141,"(848.75, -345.50)",,,,
14:52:25:0368,"(848.75, -345.50)",,,,
14:52:25:0596,"(848.75, -345.50)",,,,
14:52:25:0819,"(848.75, -345.50)",,,,
14:52:25:1036,"(848.75, -345.50)",,,,
14:52:25:1255,"(848.75, -345.50)",,,,
14:52:25:1483,"(848.75, -345.50)",,,,
14:52:25:1773,"(848.75, -345.50)",,,,
14:52:25:2039,"(848.75, -345.50)",,,,
14:52:25:2347,"(848.75, -345.50)",,,,
14:52:25:2806,"(848.75, -345.50)",,,,
14:52:25:3374,"(848.75, -345.50)",,,,
14:52:25:3919,"(848.75, -345.50)",,,,
14:52:25:4143,"(848.75, -345.50)",,,,
14:52:25:4365,"(848.75, -345.50)",,,,
14:52:25:4585,"(848.75, -345.50)",,,,
14:52:25:4801,"(848.75, -345.50)",,,,
14:52:25:5038,"(848.75, -345.50)",,,,
14:52:25:5269,"(848.75, -345.50)",,,,
14:52:25:5495,"(848.75, -345.50)",,,,
14:52:25:5728,"(848.75, -345.50)",,,,
14:52:25:5945,"(848.75, -345.50)",,,,
14:52:25:6168,"(848.75, -345.50)",,,,
14:52:25:6398,"(848.75, -345.50)",,,,
14:52:25:6620,"(848.75, -345.50)",,,,
14:52:25:6845,"(848.75, -345.50)",,,,
14:52:25:7080,"(848.75, -345.50)",,,,
14:52:25:7309,"(848.75, -345.50)",,,,
14:52:25:7541,"(848.75, -345.50)",,,,
14:52:25:7765,"(848.75, -345.50)",,,,
14:52:25:8004,"(848.75, -345.50)",,,,
14:52:25:8227,"(848.75, -345.50)",,,,
14:52:25:8456,"(848.75, -345.50)",,,,
14:52:25:8682,"(848.75, -345.50)",,,,
14:52:25:8910,"(848.75, -345.50)",,,,
14:52:25:9129,"(848.75, -345.50)",,,,
14:52:25:9366,"(848.75, -345.50)",,,,
14:52:25:9593,"(848.75, -345.50)",,,,
14:52:25:9817,"(848.75, -345.50)",,,,
14:52:26:0056,"(848.75, -345.50)",,,,
14:52:26:0283,"(848.75, -345.50)",,,,
14:52:26:0507,"(848.75, -345.50)",,,,
14:52:26:0745,"(848.75, -345.50)",,,,
14:52:26:1013,"(848.75, -345.50)",,,,
14:52:26:1308,"(848.75, -345.50)",,,,
14:52:26:1580,"(848.75, -345.50)",,,,
14:52:26:1844,"(848.75, -345.50)",,,,
14:52:26:2133,"(848.75, -345.50)",,,,
14:52:26:2450,"(848.75, -345.50)",,,,
14:52:26:2859,"(848.75, -345.50)",,,,
14:52:26:3262,"(848.75, -345.50)",,,,
14:52:26:3666,"(848.75, -345.50)",,,,
14:52:26:3969,"(848.75, -345.50)",,,,
14:52:26:4232,"(848.75, -345.50)",,,,
14:52:26:4460,"(848.75, -345.50)",,,,
14:52:26:4678,"(848.75, -345.50)",,,,
14:52:26:4916,"(848.75, -345.50)",,,,
14:52:26:5142,"(848.75, -345.50)",,,,
14:52:26:5357,"(848.75, -345.50)",,,,
14:52:26:5605,"(848.75, -345.50)",,,,
14:52:26:5831,"(848.75, -345.50)",,,,
14:52:26:6069,"(848.75, -345.50)",,,,
14:52:26:6325,"(848.75, -345.50)",,,,
14:52:26:6567,"(848.75, -345.50)",,,,
14:52:26:6813,"(848.75, -345.50)",,,,
14:52:26:7045,"(848.75, -345.50)",,,,
14:52:26:7287,"(848.75, -345.50)",,,,
14:52:26:7535,"(848.75, -345.50)",,,,
14:52:26:7767,"(848.75, -345.50)",,,,
14:52:26:7999,"(848.75, -345.50)",,,,
14:52:26:8240,"(848.75, -345.50)",,,,
14:52:26:8473,"(848.75, -345.50)",,,,
14:52:26:8705,"(848.75, -345.50)",,,,
14:52:26:8946,"(848.75, -345.50)",,,,
14:52:26:9238,"(848.75, -345.50)",,,,
14:52:26:9514,"(848.75, -345.50)",,,,
14:52:26:9797,"(848.75, -345.50)",,,,
14:52:27:0098,"(848.75, -345.50)",,,,
14:52:27:0390,"(848.75, -345.50)",,,,
14:52:27:0662,"(848.75, -345.50)",,,,
14:52:27:0947,"(848.75, -345.50)",,,,
14:52:27:1237,"(848.75, -345.50)",,,,
14:52:27:1487,"(848.75, -345.50)",,,,
14:52:27:1773,"(848.75, -345.50)",,,,
14:52:27:2043,"(848.75, -345.50)",,,,
14:52:27:2342,"(848.75, -345.50)",,,,
14:52:27:2625,"(848.75, -345.50)",,,,
14:52:27:3009,"(848.75, -345.50)",,,,
14:52:27:3367,"(848.75, -345.50)",,,,
14:52:27:3642,"(848.75, -345.50)",,,,
14:52:27:3869,"(848.75, -345.50)",,,,
14:52:27:4091,"(848.75, -345.50)",,,,
14:52:27:4326,"(848.75, -345.50)",,,,
14:52:27:4577,"(848.75, -345.50)",,,,
14:52:27:4815,"(848.75, -345.50)",,,,
14:52:27:5053,"(848.75, -345.50)",,,,
14:52:27:5279,"(848.75, -345.50)",,,,
14:52:27:5486,"(848.75, -345.50)",,,,
14:52:27:5743,"(848.75, -345.50)",,,,
14:52:27:5962,"(848.75, -345.50)",,,,
14:52:27:6197,"(848.75, -345.50)",,,,
14:52:27:6422,"(848.75, -345.50)",,,,
14:52:27:6664,"(848.75, -345.50)",,,,
14:52:27:6890,"(848.75, -345.50)",,,,
14:52:27:7121,"(848.75, -345.50)",,,,
14:52:27:7342,"(848.75, -345.50)",,,,
14:52:27:7571,"(848.75, -345.50)",,,,
14:52:27:7800,"(848.75, -345.50)",,,,
14:52:27:8027,"(848.75, -345.50)",,,,
14:52:27:8257,"(848.75, -345.50)",,,,
14:52:27:8502,"(848.75, -345.50)",,,,
14:52:27:8725,"(848.75, -345.50)",,,,
14:52:27:8962,"(848.75, -345.50)",,,,
14:52:27:9193,"(848.75, -345.50)",,,,
14:52:27:9459,"(848.75, -345.50)",,,,
14:52:27:9746,"(848.75, -345.50)",,,,
14:52:28:0016,"(848.75, -345.50)",,,,
14:52:28:0305,"(848.75, -345.50)",,,,
14:52:28:0587,"(848.75, -345.50)",,,,
14:52:28:0866,"(848.75, -345.50)",,,,
14:52:28:1155,"(848.75, -345.50)",,,,
14:52:28:1453,"(848.75, -345.50)",,,,
14:52:28:1745,"(848.75, -345.50)",,,,
14:52:28:2015,"(848.75, -345.50)",,,,
14:52:28:2296,"(848.75, -345.50)",,,,
14:52:28:2557,"(848.75, -345.50)",,,,
14:52:28:2783,"(848.75, -345.50)",,,,
14:52:28:3076,"(848.75, -345.50)",,,,
14:52:28:3383,"(848.75, -345.50)",,,,
14:52:28:3681,"(848.75, -345.50)",,,,
14:52:28:3912,"(848.75, -345.50)",,,,
14:52:28:4141,"(848.75, -345.50)",,,,
14:52:28:4369,"(848.75, -345.50)",,,,
14:52:28:4598,"(848.75, -345.50)",,,,
14:52:28:4814,"(848.75, -345.50)",,,,
14:52:28:5052,"(848.75, -345.50)",,,,
14:52:28:5292,"(848.75, -345.50)",,,,
14:52:28:5508,"(848.75, -345.50)",,,,
14:52:28:5745,"(848.75, -345.50)",,,,
14:52:28:5973,"(848.75, -345.50)",,,,
14:52:28:6200,"(848.75, -345.50)",,,,
14:52:28:6431,"(848.75, -345.50)",,,,
14:52:28:6668,"(848.75, -345.50)",,,,
14:52:28:6899,"(848.75, -345.50)",,,,
14:52:28:7141,"(848.75, -345.50)",,,,
14:52:28:7368,"(848.75, -345.50)",,,,
14:52:28:7592,"(848.75, -345.50)",,,,
14:52:28:7829,"(848.75, -345.50)",,,,
14:52:28:8057,"(848.75, -345.50)",,,,
14:52:28:8304,"(848.75, -345.50)",,,,
14:52:28:8522,"(848.75, -345.50)",,,,
14:52:28:8763,"(848.75, -345.50)",,,,
14:52:28:9016,"(848.75, -345.50)",,,,
14:52:28:9285,"(848.75, -345.50)",,,,
14:52:28:9525,"(848.75, -345.50)",,,,
14:52:28:9766,"(848.75, -345.50)",,,,
14:52:29:0030,"(848.75, -345.50)",,,,
14:52:29:0323,"(848.75, -345.50)",,,,
14:52:29:0619,"(848.75, -345.50)",,,,
14:52:29:0912,"(848.75, -345.50)",,,,
14:52:29:1207,"(848.75, -345.50)",,,,
14:52:29:1525,"(848.75, -345.50)",,,,
14:52:29:1776,"(848.75, -345.50)",,,,
14:52:29:2016,"(848.75, -345.50)",,,,
14:52:29:2275,"(848.75, -345.50)",,,,
14:52:29:2533,"(848.75, -345.50)",,,,
14:52:29:2772,"(848.75, -345.50)",,,,
14:52:29:3136,"(848.75, -345.50)",,,,
14:52:29:3500,"(848.75, -345.50)",,,,
14:52:29:3758,"(848.75, -345.50)",,,,
14:52:29:4006,"(848.75, -345.50)",,,,
14:52:29:4235,"(848.75, -345.50)",,,,
14:52:29:4469,"(848.75, -345.50)",,,,
14:52:29:4699,"(848.75, -345.50)",,,,
14:52:29:4926,"(848.75, -345.50)",,,,
14:52:29:5155,"(848.75, -345.50)",,,,
14:52:29:5382,"(848.75, -345.50)",,,,
14:52:29:5614,"(848.75, -345.50)",,,,
14:52:29:5844,"(848.75, -345.50)",,,,
14:52:29:6076,"(848.75, -345.50)",,,,
14:52:29:6304,"(848.75, -345.50)",,,,
14:52:29:6529,"(848.75, -345.50)",,,,
14:52:29:6766,"(848.75, -345.50)",,,,
14:52:29:6996,"(848.75, -345.50)",,,,
14:52:29:7261,"(848.75, -345.50)",,,,
14:52:29:7595,"(848.75, -345.50)",,,,
14:52:29:7949,"(848.75, -345.50)",,,,
14:52:29:8231,"(848.75, -345.50)",,,,
14:52:29:8606,"(848.75, -345.50)",,,,
14:52:29:8958,"(848.75, -345.50)",,,,
14:52:29:9565,"(848.75, -345.50)",,,,
14:52:29:9811,"(848.75, -345.50)",,,,
14:52:30:0079,"(848.75, -345.50)",,,,
14:52:30:0320,"(848.75, -345.50)",,,,
14:52:30:0641,"(848.75, -345.50)",,,,
14:52:30:0889,"(848.75, -345.50)",,,,
14:52:30:1226,"(848.75, -345.50)",,,,
14:52:30:1481,"(848.75, -345.50)",,,,
14:52:30:1741,"(848.75, -345.50)",,,,
14:52:30:2050,"(848.75, -345.50)",,,,
14:52:30:2344,"(848.75, -345.50)",,,,
14:52:30:2629,"(848.75, -345.50)",,,,
14:52:30:2989,"(848.75, -345.50)",,,,
14:52:30:3499,"(848.75, -345.50)",,,,
14:52:30:3926,"(848.75, -345.50)",,,,
14:52:30:4276,"(848.75, -345.50)",,,,
14:52:30:4526,"(848.75, -345.50)",,,,
14:52:30:4782,"(848.75, -345.50)",,,,
14:52:30:5063,"(848.75, -345.50)",,,,
14:52:30:5347,"(848.75, -345.50)",,,,
14:52:30:5608,"(848.75, -345.50)",,,,
14:52:30:5853,"(848.75, -345.50)",,,,
14:52:30:6113,"(848.75, -345.50)",,,,
14:52:30:6353,"(848.75, -345.50)",,,,
14:52:30:6601,"(848.75, -345.50)",,,,
14:52:30:6942,"(848.75, -345.50)",,,,
14:52:30:7221,"(848.75, -345.50)",,,,
14:52:30:7481,"(848.75, -345.50)",,,,
14:52:30:7746,"(848.75, -345.50)",,,,
14:52:30:8051,"(848.75, -345.50)",,,,
14:52:30:8292,"(848.75, -345.50)",,,,
14:52:30:8537,"(848.75, -345.50)",,,,
14:52:30:8786,"(848.75, -345.50)",,,,
14:52:30:9017,"(848.75, -345.50)",,,,
14:52:30:9264,"(848.75, -345.50)",,,,
14:52:30:9526,"(848.75, -345.50)",,,,
14:52:30:9946,"(848.75, -345.50)",,,,
14:52:31:0231,"(848.75, -345.50)",,,,
14:52:31:0484,"(848.75, -345.50)",,,,
14:52:31:0741,"(848.75, -345.50)",,,,
14:52:31:0986,"(848.75, -345.50)",,,,
14:52:31:4257,"(883.75, -293.50)",,,,
14:52:31:5634,"(506.75, -13.50)",,,,
14:52:31:6312,"(73.75, 194.50)",,,,
14:52:31:6754,"(73.75, 219.50)",,,,
14:52:31:7018,"(73.75, 229.50)",,,,
14:52:31:7305,"(73.75, 234.50)",,,,
14:52:31:7570,"(73.75, 234.50)",,,,
14:52:31:7815,"(73.75, 234.50)",,,,
14:52:31:8050,"(73.75, 234.50)",,,,
14:52:31:8314,"(73.75, 234.50)",,,,
14:52:31:8544,"(73.75, 234.50)",,,,
14:52:31:9755,"(73.75, 234.50)",,,,
14:52:32:0145,"(73.75, 234.50)",,,,
14:52:32:0453,"(73.75, 234.50)",,,,
14:52:32:0713,"(73.75, 234.50)",,,,
14:52:32:0966,"(73.75, 234.50)",,,,
14:52:32:1279,"(68.75, 236.50)",,,,
14:52:32:1596,"(68.75, 236.50)",,,,
14:52:32:1890,"(68.75, 236.50)",,,,
14:52:32:2213,"(58.75, 239.50)",,,,
14:52:32:2567,"(41.75, 241.50)",,,,
14:52:32:2874,"(36.75, 241.50)",,,,
14:52:32:3149,"(36.75, 241.50)",,,,
14:52:32:3483,"(36.75, 241.50)",,,,
14:52:32:3844,"(36.75, 241.50)",,,,
14:52:32:4156,"(36.75, 241.50)",,,,
14:52:32:4408,"(36.75, 241.50)",,,,
14:52:32:4668,"(28.75, 237.50)",,,,
14:52:32:4930,"(23.75, 217.50)",,,,
14:52:32:5228,"(21.75, 194.50)",,,,
14:52:32:5490,"(18.75, 182.50)",,,,
14:52:32:5722,"(18.75, 182.50)",,,,
14:52:32:5951,"(18.75, 182.50)",,,,
14:52:32:6196,"(18.75, 182.50)",,,,
14:52:32:6434,"(18.75, 182.50)",,,,
14:52:32:7541,"(18.75, 182.50)",,,,
14:52:32:7823,"(18.75, 182.50)",,,,
14:52:32:8079,"(18.75, 182.50)",,,,
14:52:32:8316,"(18.75, 182.50)",,,,
14:52:32:8561,"(18.75, 182.50)",,,,
14:52:32:8801,"(18.75, 182.50)",,,,
14:52:32:9068,"(60.75, 154.50)",,,,
14:52:32:9341,"(133.75, 139.50)",,,,
14:52:32:9612,"(245.75, 114.50)",,,,
14:52:32:9895,"(360.75, 92.50)",,,,
14:52:33:0193,"(485.75, 72.50)",,,,
14:52:33:0520,"(678.75, 52.50)",,,,
14:52:33:0789,"(825.75, 29.50)",,,,
14:52:33:1060,"(863.75, 27.50)",,,,
14:52:33:1306,"(863.75, 27.50)",,,,
14:52:33:1558,"(863.75, 27.50)",,,,
14:52:33:1789,"(863.75, 27.50)",,,,
14:52:33:2037,"(863.75, 27.50)",,,,
14:52:33:2273,"(863.75, 27.50)",,,,
14:52:33:2512,"(863.75, 27.50)",,,,
14:52:33:2787,"(870.75, 27.50)",,,,
14:52:33:3045,"(880.75, 27.50)",,,,
14:52:33:3356,"(883.75, 27.50)",,,,
14:52:33:3673,"(883.75, 27.50)",,,,
14:52:33:3946,"(883.75, 27.50)",,,,
14:52:33:4184,"(883.75, 27.50)",,,,
14:52:33:4421,"(883.75, 27.50)",,,,
14:52:33:4663,"(883.75, 27.50)",,,,
14:52:33:4899,"(883.75, 27.50)",,,,
14:52:33:5162,"(881.75, 29.50)",,,,
14:52:33:5424,"(873.75, 34.50)",,,,
14:52:33:5671,"(871.75, 39.50)",,,,
14:52:33:5905,"(871.75, 39.50)",,,,
14:52:33:6148,"(871.75, 39.50)",,,,
14:52:33:6391,"(871.75, 39.50)",,,,
14:52:33:6623,"(871.75, 39.50)",,,,
14:52:33:6867,"(871.75, 39.50)",,,,
14:52:33:7136,"(871.75, 39.50)",,,,
14:52:33:7417,"(871.75, 39.50)",,,,
14:52:33:7659,"(871.75, 39.50)",,,,
14:52:33:7918,"(871.75, 39.50)",,,,
14:52:33:8153,"(871.75, 39.50)",,,,
14:52:33:8443,"(871.75, 39.50)",,W-60_S-1,failed,nextMission
14:53:34:3142,"(871.75, 39.50)",,,,
14:53:34:3553,"(871.75, 39.50)",,,,
14:53:34:6868,"(871.75, 39.50)",,,,
14:53:34:7185,"(871.75, 39.50)",,,,
14:53:34:7528,"(871.75, 39.50)",,,,
14:53:34:7888,"(871.75, 39.50)",,,,
14:53:34:8151,"(871.75, 39.50)",,,,
14:53:34:8415,"(871.75, 39.50)",,,,
14:53:34:8668,"(871.75, 39.50)",,,,
14:53:34:8951,"(871.75, 39.50)",,,,
14:53:34:9222,"(871.75, 39.50)",,,,
14:53:34:9473,"(871.75, 39.50)",,,,
14:53:34:9724,"(871.75, 39.50)",,,,
14:53:34:9969,"(871.75, 39.50)",,,,
14:53:35:0233,"(871.75, 39.50)",,,,
14:53:35:0486,"(871.75, 39.50)",,,,
14:53:35:0725,"(871.75, 39.50)",,,,
14:53:35:0967,"(871.75, 39.50)",,,,
14:53:35:1219,"(871.75, 39.50)",,,,
14:53:35:1487,"(871.75, 39.50)",,,,
14:53:35:1724,"(871.75, 39.50)",,,,
14:53:35:1969,"(871.75, 39.50)",,,,
14:53:35:2209,"(871.75, 39.50)",,,,
14:53:35:2444,"(871.75, 39.50)",,,,
14:53:35:2690,"(871.75, 39.50)",,,,
14:53:35:2944,"(871.75, 39.50)",,,,
14:53:35:3445,"(871.75, 39.50)",,,,
14:53:35:3728,"(871.75, 39.50)",,,,
14:53:35:4003,"(871.75, 39.50)",,,,
14:53:35:4276,"(871.75, 39.50)",,,,
14:53:35:4533,"(871.75, 39.50)",,,,
14:53:35:4815,"(871.75, 39.50)",,,,
14:53:35:5084,"(871.75, 39.50)",,,,
14:53:35:5331,"(871.75, 39.50)",,,,
14:53:35:5563,"(871.75, 39.50)",,,,
14:53:35:5810,"(871.75, 39.50)",,,,
14:53:35:6124,"(871.75, 39.50)",,,,
14:53:35:6507,"(871.75, 39.50)",,,,
14:53:35:6938,"(871.75, 39.50)",,,,
14:53:35:7562,"(871.75, 39.50)",,,,
14:53:35:7994,"(871.75, 39.50)",,,,
14:53:35:8580,"(871.75, 39.50)",,,,
14:53:35:8850,"(871.75, 39.50)",,,,
14:53:35:9105,"(871.75, 39.50)",,,,
14:53:35:9343,"(871.75, 39.50)",,,,
14:53:35:9607,"(871.75, 39.50)",,,,
14:53:35:9921,"(871.75, 39.50)",,,,
14:53:36:0227,"(871.75, 39.50)",,,,
14:53:36:0495,"(871.75, 39.50)",,,,
14:53:36:0839,"(871.75, 39.50)",,,,
14:53:36:1118,"(871.75, 39.50)",,,,
14:53:36:1423,"(871.75, 39.50)",,,,
14:53:36:1705,"(871.75, 39.50)",,,,
14:53:36:2076,"(871.75, 39.50)",,,,
14:53:36:2462,"(871.75, 39.50)",,,,
14:53:36:2868,"(871.75, 39.50)",,,,
14:53:36:3178,"(871.75, 39.50)",,,,
14:53:36:3460,"(871.75, 39.50)",,,,
14:53:36:3765,"(871.75, 39.50)",,,,
14:53:36:4018,"(871.75, 39.50)",,,,
14:53:36:4280,"(871.75, 39.50)",,,,
14:53:36:4548,"(871.75, 39.50)",,,,
14:53:36:4810,"(871.75, 39.50)",,,,
14:53:36:5056,"(871.75, 39.50)",,,,
14:53:36:5340,"(871.75, 39.50)",,,,
14:53:36:5610,"(871.75, 39.50)",,,,
14:53:36:5871,"(871.75, 39.50)",,,,
14:53:36:6129,"(871.75, 39.50)",,,,
14:53:36:6380,"(871.75, 39.50)",,,,
14:53:36:6629,"(871.75, 39.50)",,,,
14:53:36:6902,"(871.75, 39.50)",,,,
14:53:36:7291,"(871.75, 39.50)",,,,
14:53:36:7724,"(871.75, 39.50)",,,,
14:53:36:8046,"(871.75, 39.50)",,,,
14:53:36:8350,"(871.75, 39.50)",,,,
14:53:36:8608,"(871.75, 39.50)",,,,
14:53:36:8884,"(871.75, 39.50)",,,,
14:53:36:9131,"(871.75, 39.50)",,,,
14:53:36:9398,"(871.75, 39.50)",,,,
14:53:36:9637,"(871.75, 39.50)",,,,
14:53:36:9881,"(871.75, 39.50)",,,,
14:53:37:0116,"(871.75, 39.50)",,,,
14:53:37:0369,"(871.75, 39.50)",,,,
14:53:37:0606,"(871.75, 39.50)",,,,
14:53:37:0857,"(871.75, 39.50)",,,,
14:53:37:1118,"(871.75, 39.50)",,,,
14:53:37:1372,"(871.75, 39.50)",,,,
14:53:37:1635,"(871.75, 39.50)",,,,
14:53:37:1884,"(871.75, 39.50)",,,,
14:53:37:2141,"(871.75, 39.50)",,,,
14:53:37:2386,"(871.75, 39.50)",,,,
14:53:37:2628,"(871.75, 39.50)",,,,
14:53:37:2876,"(871.75, 39.50)",,,,
14:53:37:3139,"(871.75, 39.50)",,,,
14:53:37:3386,"(871.75, 39.50)",,,,
14:53:37:3643,"(871.75, 39.50)",,,,
14:53:37:3903,"(871.75, 39.50)",,,,
14:53:37:4152,"(871.75, 39.50)",,,,
14:53:37:4406,"(871.75, 39.50)",,,,
14:53:37:4651,"(871.75, 39.50)",,,,
14:53:37:4943,"(871.75, 39.50)",,,,
14:53:37:5191,"(871.75, 39.50)",,,,
14:53:37:5453,"(871.75, 39.50)",,,,
14:53:37:5685,"(871.75, 39.50)",,,,
14:53:37:5941,"(871.75, 39.50)",,,,
14:53:37:6191,"(871.75, 39.50)",,,,
14:53:37:6445,"(871.75, 39.50)",,,,
14:53:37:6708,"(871.75, 39.50)",,,,
14:53:37:6964,"(871.75, 39.50)",,,,
14:53:37:7268,"(871.75, 39.50)",,,,
14:53:37:7619,"(871.75, 39.50)",,,,
14:53:37:7983,"(871.75, 39.50)",,,,
14:53:37:8384,"(871.75, 39.50)",,,,
14:53:37:8656,"(871.75, 39.50)",,,,
14:53:37:8930,"(871.75, 39.50)",,,,
14:53:37:9194,"(871.75, 39.50)",,,,
14:53:37:9472,"(871.75, 39.50)",,,,
14:53:37:9758,"(871.75, 39.50)",,,,
14:53:38:0013,"(871.75, 39.50)",,,,
14:53:38:0282,"(871.75, 39.50)",,,,
14:53:38:0550,"(871.75, 39.50)",,,,
14:53:38:0799,"(871.75, 39.50)",,,,
14:53:38:1079,"(871.75, 39.50)",,,,
14:53:38:1351,"(871.75, 39.50)",,,,
14:53:38:1615,"(871.75, 39.50)",,,,
14:53:38:1874,"(871.75, 39.50)",,,,
14:53:38:2154,"(871.75, 39.50)",,,,
14:53:38:2458,"(871.75, 39.50)",,,,
14:53:38:2734,"(871.75, 39.50)",,,,
14:53:38:2981,"(871.75, 39.50)",,,,
14:53:38:3243,"(871.75, 39.50)",,,,
14:53:38:3494,"(871.75, 39.50)",,,,
14:53:38:3728,"(871.75, 39.50)",,,,
14:53:38:3984,"(871.75, 39.50)",,,,
14:53:38:4220,"(871.75, 39.50)",,,,
14:53:38:4476,"(871.75, 39.50)",,,,
14:53:38:4715,"(871.75, 39.50)",,,,
14:53:38:4968,"(871.75, 39.50)",,,,
14:53:38:5218,"(871.75, 39.50)",,,,
14:53:38:5458,"(871.75, 39.50)",,,,
14:53:38:5706,"(871.75, 39.50)",,,,
14:53:38:5947,"(871.75, 39.50)",,,,
14:53:38:6194,"(871.75, 39.50)",,,,
14:53:38:6447,"(871.75, 39.50)",,,,
14:53:38:6710,"(871.75, 39.50)",,,,
14:53:38:6943,"(871.75, 39.50)",,,,
14:53:38:7463,"(0.00, 0.00)",,,,
